GFE_ID,Species,CU,LINEAR_FEATURE_ID,River
1119,CM,CM-5,710543688,ADAM RIVER
852,CM,CM-9,88047440,AHNUHATI RIVER
861,CM,CM-8,88052112,AHTA RIVER
862,CM,CM-8,88050198,AHTA VALLEY CREEK
904,CM,CM-8,179020158,ALISON RIVER
871,CM,CM-8,179063125,ALLARDYCE CREEK
2292,CM,CM-10,710325481,ALMOND LAGOON CREEK
1410,CM,CM-10,710533824,AMAI CREEK
1123,CM,CM-5,710439535,AMOR DE COSMOS CREEK
2615,CM,CM-4,72046999,ANDERSON CREEK
771,CM,CM-4,72056566,ANGUS CREEK
1180,CM,CM-4,710044116,ANNIE CREEK
1389,CM,CM-10,710313443,APPLE CREEK
828,CM,CM-6,88081739,APPLE RIVER
1413,CM,CM-10,710527729,ARTLISH RIVER
1336,CM,CM-10,710208360,ATLEO RIVER
1219,CM,CM-4,710513499,AYUM CREEK
7990639,CM,CM-6,710232863,BACHUS CREEK
366,CM,CM-4,NA,BAKER CREEK
785,CM,CM-4,72020463,BAKER CREEK
893,CM,CM-8,179047789,BAMFORD CREEK
1357,CM,CM-10,710183162,BANCROFT CREEK
1393,CM,CM-10,710303002,BARR CREEK
1429,CM,CM-10,710147688,BATTLE BAY RIVER
1330,CM,CM-10,710217825,BAWDEN CREEK
1382,CM,CM-10,710332784,BEANO CREEK
1479,CM,CM-11,710352839,BEAR CREEK
1193,CM,CM-4,710436814,BECK CREEK
351,CM,CM-10,710209584,BEDINGFIELD BAY CREEK
1327,CM,CM-10,710031740,BEDWELL RIVER
7990630,CM,CM-10,710031740,BEDWELL SYSTEM
1395,CM,CM-10,710298203,BINGO CREEK
1129,CM,CM-4,710234575,BIRD COVE CREEK
1474,CM,CM-11,710354264,BISH CREEK
1151,CM,CM-4,710237116,BLACK CREEK
806,CM,CM-4,206098365,BLACK LAKE CREEK
2078,CM,CM-6,88086797,BLIND CREEK
1189,CM,CM-4,710431507,BLOODS CREEK
1378,CM,CM-10,710313085,BLOWHOLE CREEK
1169,CM,CM-4,NA,BOB CREEK
1187,CM,CM-4,710432014,BONELL CREEK
1205,CM,CM-4,710274960,BONSALL CREEK
838,CM,CM-6,88107839,BOUGHEY CREEK
902,CM,CM-8,179033118,BOYDELL CREEK
813,CM,CM-4,206072925,BREM RIVER
814,CM,CM-4,206072266,BREM RIVER TRIBUTARY
1423,CM,CM-10,710532126,BRITISH CREEK
784,CM,CM-4,72015167,BRITTAIN RIVER
1390,CM,CM-10,710311375,BRODICK CREEK
1155,CM,CM-4,710034087,BROOKLYN CREEK
1324,CM,CM-10,710225570,BROTHER CREEK
1438,CM,CM-11,710128343,BUCK CREEK
880,CM,CM-8,179061738,BUGHOUSE CREEK
1319,CM,CM-10,710219300,BULSON CREEK
1356,CM,CM-10,710181207,BURMAN RIVER
770,CM,CM-4,72056756,BURNET CREEK
1199,CM,CM-4,710265721,BUSH CREEK
1408,CM,CM-10,710535218,CACHALOT CREEK
843,CM,CM-6,88095552,CALL CREEK
1127,CM,CM-6,710231431,CAMELEON HARBOUR CREEK
677,CM,CM-4,701655945,CAMPBELL RIVER
1141,CM,CM-4,710149901,CAMPBELL RIVER
2489,CM,CM-10,710032879,CAMPSITE CREEK
1247,CM,CM-10,710475596,CAMPUS CREEK
1432,CM,CM-11,710140913,CANOE CREEK
1281,CM,CM-10,710095030,CANOE PASS CREEK
1370,CM,CM-10,710316859,CANTON CREEK
1492,CM,CM-11,710333539,CAPE SCOTT CREEK
768,CM,CM-4,72054646,CARLSON CREEK
1254,CM,CM-10,710096493,CARNATION CREEK
2819,CM,CM-4,NA,CASEY CREEK
1271,CM,CM-10,710092343,CASS CREEK
1285,CM,CM-10,710091627,CATARACT CREEK
1246,CM,CM-10,710476732,CAYCUSE RIVER
1450,CM,CM-11,710131115,CAYEGHLE CREEK
2302,CM,CM-11,710131115,CAYEGHLE SYSTEM
1449,CM,CM-11,710124819,CAYUSE CREEK
1342,CM,CM-10,710031332,CECILIA CREEK
1422,CM,CM-10,710530252,CHAMISS CREEK
760,CM,CM-4,72057549,CHAPMAN CREEK
873,CM,CM-8,179058900,CHARLES CREEK
1224,CM,CM-4,710512884,CHARTERS RIVER
1192,CM,CM-4,710436676,CHASE RIVER
756,CM,CM-4,72057848,CHASTER CREEK
1241,CM,CM-10,710490529,CHEEWHAT RIVER
1175,CM,CM-4,710043984,CHEF CREEK
1204,CM,CM-4,710273768,CHEMAINUS RIVER
907,CM,CM-8,179019900,CHIEF NOWLEY CREEK
1259,CM,CM-10,710080471,CHINA CREEK
1138,CM,CM-6,710231936,CHONAT CREEK
1401,CM,CM-10,710536108,CHUM CREEK
1425,CM,CM-10,710532716,CLANNINICK CREEK
1310,CM,CM-10,710225824,CLAYOQUOT RIVER - LOWER
1311,CM,CM-10,710225824,CLAYOQUOT RIVER - UPPER
1442,CM,CM-11,710112563,CLEAGH CREEK
2470,CM,CM-10,710081672,CLEMENS CREEK
1465,CM,CM-11,710342784,CLESKLAGH CREEK
1321,CM,CM-10,NA,CLOSE CREEKS (2)
1109,CM,CM-5,710386042,CLUXEWE RIVER
1456,CM,CM-11,710106812,COETKWAUS CREEK
1278,CM,CM-10,710088803,COEUR D'ALENE CREEK
888,CM,CM-8,179061491,COHOE CREEK
1257,CM,CM-10,710092577,COLEMAN CREEK
1451,CM,CM-11,710131192,COLONIAL CREEK
1216,CM,CM-4,710576909,COLQUITZ RIVER
1323,CM,CM-10,710225203,CONE CREEKS (2)
1255,CM,CM-10,710095758,CONSINKA CREEK
1369,CM,CM-10,710316909,CONUMA RIVER
1174,CM,CM-4,710425737,COOK CREEK
1366,CM,CM-10,710324447,COUGAR CREEK
1267,CM,CM-10,710078836,COUS CREEK
1392,CM,CM-10,710307466,COVER CREEK
2289,CM,CM-10,710217876,COW CREEK
1208,CM,CM-4,710283145,COWICHAN RIVER
1168,CM,CM-4,710424674,COWIE CREEK
839,CM,CM-6,88104330,CRACROFT CREEK
1217,CM,CM-4,710576934,CRAIGFLOWER CREEK
797,CM,CM-4,72045125,CRANBY CREEK
1439,CM,CM-11,710117985,CULLEET CREEK
820,CM,CM-7,66100203,CUMSACK CREEK
1329,CM,CM-10,710217642,CYPRE RIVER
1222,CM,CM-4,710513634,DE MAMIEL CREEK
794,CM,CM-4,72036159,DEIGHTON CREEK
1381,CM,CM-10,710331840,DEMIKOSSE CREEK
1483,CM,CM-11,710352368,DENAD CREEK
1190,CM,CM-4,710432653,DEPARTURE CREEK
1372,CM,CM-10,710320959,DESERTED CREEK
780,CM,CM-4,72010113,DESERTED RIVER
1490,CM,CM-11,710336944,DOMINIC CREEK
1243,CM,CM-10,710482717,DOOBAH CREEK
767,CM,CM-4,72042059,DORISTON CREEK
1159,CM,CM-4,710241579,DOVE CREEK
1135,CM,CM-4,710235406,DREW CREEK
908,CM,CM-8,179021941,DRIFTWOOD CREEK
1283,CM,CM-10,710094963,DUTCH HARBOUR CREEK EAST
1284,CM,CM-10,710094665,DUTCH HARBOUR CREEK WEST
777,CM,CM-4,72040222,EARLE CREEK
1433,CM,CM-11,710140113,EAST CREEK
1419,CM,CM-10,710526520,EASY CREEK
1279,CM,CM-10,710084476,EFFINGHAM RIVER
1398,CM,CM-10,710539114,EHATISAHT CREEK
1420,CM,CM-10,710527161,ELAINE CREEK
413,CM,CM-6,710232552,ELEPHANT CREEK
1404,CM,CM-10,710536965,ELIZA CREEK
878,CM,CM-8,179056634,EMBLEY CREEK
1184,CM,CM-4,710428838,ENGLISHMAN RIVER
1351,CM,CM-10,710188292,ESCALANTE RIVER
1400,CM,CM-10,710535478,ESPINOSA CREEK
892,CM,CM-8,179040691,EVA CREEK
1120,CM,CM-5,710547910,EVE RIVER
1232,CM,CM-10,710048528,FALLS CREEK
825,CM,CM-6,NA,FANNY BAY CREEK
811,CM,CM-4,206049899,FILER CREEK
1491,CM,CM-11,710333862,FISHERMAN RIVER
758,CM,CM-4,72057588,FLUME CREEK
804,CM,CM-4,206089342,FORBES BAY CREEK
803,CM,CM-4,206091822,FORBES CREEK
1258,CM,CM-10,710083646,FRANKLIN RIVER
849,CM,CM-9,86111527,FRANKLIN RIVER
830,CM,CM-6,88081318,FRAZER CREEK
821,CM,CM-6,206062987,FREDERICK ARM CREEK
1253,CM,CM-10,710097996,FREDERICK CREEK
1183,CM,CM-4,710428885,FRENCH CREEK
1396,CM,CM-10,710297810,FRIEND CREEK
1207,CM,CM-4,710572161,FULFORD CREEK
836,CM,CM-6,88104422,FULMORE RIVER
1326,CM,CM-10,710225666,FUNDY CREEK
1484,CM,CM-11,710352952,GALATO CREEK
863,CM,CM-8,88091350,GILFORD CREEK
847,CM,CM-6,88093012,GLENDALE CREEK
2624,CM,CM-4,710283787,GLENORA CREEK
1468,CM,CM-11,710342641,GLERUP CREEK
1358,CM,CM-10,710328443,GOLD RIVER
1211,CM,CM-4,710576399,GOLDSTREAM RIVER
1466,CM,CM-11,710340712,GOODSPEED RIVER
1238,CM,CM-10,710499006,GORDON RIVER
1136,CM,CM-6,710232965,GRANITE BAY CREEK
826,CM,CM-6,88108808,GRASSY CREEK
773,CM,CM-4,72054867,GRAY CREEK
827,CM,CM-6,88106515,GRAY CREEK
1387,CM,CM-10,710315999,GUISE CREEK
762,CM,CM-4,72056500,HALFMOON CREEK
1403,CM,CM-10,710536914,HAMMOND CREEK
1365,CM,CM-10,710328594,HANNA CREEK
802,CM,CM-4,710234449,HANSON'S CREEK
1235,CM,CM-10,710498007,HARRIS CREEK
1165,CM,CM-4,710253089,HART CREEK
1195,CM,CM-4,710261239,HASLAM CREEK
1470,CM,CM-11,710347986,HATHAWAY CREEK
884,CM,CM-8,179048722,HAUSKIN CREEK
1473,CM,CM-11,710353914,HAWISNAKWI CREEK
1436,CM,CM-11,710134278,HEAD CREEK
398,CM,CM-4,710241120,HEADQUARTERS CREEK
822,CM,CM-6,710438287,HEMMING BAY CREEK
1273,CM,CM-10,710091033,HENDERSON LAKE
1347,CM,CM-10,710198643,HESQUIAT HARBOUR #2 CREEKS
2472,CM,CM-10,710196321,HESQUIAT HARBOUR #3 CREEKS
2291,CM,CM-10,710196750,HESQUIAT HARBOUR #4 CREEKS
1348,CM,CM-10,710196126,HESQUIAT LAKE CREEK
831,CM,CM-6,88102761,HEYDON CREEK
779,CM,CM-4,72020908,HIGH CREEK
1295,CM,CM-10,710095271,HILLIER CREEK
1245,CM,CM-10,710478800,HOBITON CREEK
857,CM,CM-8,88083924,HOEYA SOUND CREEK
1373,CM,CM-10,710326748,HOISS CREEK
1275,CM,CM-10,710095802,HOLFORD CREEK
1201,CM,CM-4,710267924,HOLLAND CREEK
819,CM,CM-7,66100961,HOMATHKO RIVER
1338,CM,CM-10,710209391,HOOTLA KOOTLA CREEK
1345,CM,CM-10,710207499,HOT SPRINGS COVE CREEK
1354,CM,CM-10,710179298,HOUSTON RIVER
783,CM,CM-4,72004833,HUNAECHIN CREEK
1464,CM,CM-11,710345986,HUSHAMU CREEK
1134,CM,CM-4,710234936,HYACINTHE CREEK
1111,CM,CM-5,710386890,HYDE CREEK
1343,CM,CM-10,710196166,ICE RIVER
1386,CM,CM-10,NA,INNER BASIN CREEK (BLACK)
1385,CM,CM-10,710316647,INNER BASIN RIVER (RANSOM)
1294,CM,CM-10,710096212,ITATSOO CREEK
1355,CM,CM-10,710177620,JACKLAH RIVER
1421,CM,CM-10,710527286,JANSEN LAKE CREEK
906,CM,CM-8,179023517,JAP CREEK
788,CM,CM-4,72037805,JEFFERD CREEK
881,CM,CM-8,179060635,JENNIS BAY CREEK
1435,CM,CM-11,710133644,JIM'S CREEK
1469,CM,CM-11,710346022,JOHNNY CREEK
1228,CM,CM-10,710512847,JORDAN RIVER
1446,CM,CM-11,710111904,JULIAN CREEK
860,CM,CM-8,88063021,KAKWEIKEN RIVER
844,CM,CM-6,NA,KAMANO BAY CREEK
1137,CM,CM-6,710232513,KANISH CREEK
1412,CM,CM-10,710531587,KAOUK RIVER
1407,CM,CM-10,710536772,KAPOOSE CREEK
1418,CM,CM-10,710520706,KASHUTL RIVER
1417,CM,CM-10,710525206,KAUWINCH RIVER
1437,CM,CM-11,710129351,KEITH RIVER
793,CM,CM-4,72037990,KELLY CREEK
2625,CM,CM-4,710283530,KELVIN CREEK
1379,CM,CM-10,710323902,KENDRICK CREEK
1303,CM,CM-10,710228518,KENNEDY LAKE BEACHES
1306,CM,CM-10,710228518,KENNEDY RIVER - LOWER
1305,CM,CM-10,710228518,KENNEDY RIVER - UPPER
887,CM,CM-8,179065434,KENNETH RIVER
1108,CM,CM-5,710384639,KEOGH RIVER
1443,CM,CM-11,710111777,KEWQUODIE CREEK
872,CM,CM-8,88040288,KINGCOME RIVER
1431,CM,CM-11,710142711,KINGFISHER CREEK
1143,CM,CM-4,NA,KINGFISHER CREEK
1227,CM,CM-4,710513815,KIRBY CREEK
2007,CM,CM-10,710073389,KITSUCKSUS CREEK
1153,CM,CM-4,710239476,KITTY COLEMAN CREEK
1248,CM,CM-10,710026037,KLANAWA RIVER
1434,CM,CM-11,710138043,KLASKISH RIVER
1482,CM,CM-11,710351921,KLAYINA CREEK
1364,CM,CM-10,710330385,KLEEPTEE CREEK
850,CM,CM-9,86110399,KLINAKLINI RIVER
809,CM,CM-4,206059864,KLITE RIVER
1444,CM,CM-11,710111868,KLOOTCHLIMMIS CREEK
1188,CM,CM-4,710431449,KNARSTON CREEK
823,CM,CM-6,710438434,KNOX BAY CREEK
1115,CM,CM-5,710539764,KOKISH RIVER
1209,CM,CM-4,710282766,KOKSILAH RIVER
1302,CM,CM-10,710229449,KOOTOWIS CREEK
1475,CM,CM-11,710354404,KOPRINO RIVER
853,CM,CM-9,88068680,KWALATE CREEK
1486,CM,CM-11,710354366,KWATLEO CREEK
1454,CM,CM-11,710109258,KWOKWESTA CREEK
792,CM,CM-4,72037789,LANG CREEK
1220,CM,CM-4,NA,LANNON CREEK
7990609,CM,CM-8,179026221,LASSITER AND ROWLEY CREEKS
1384,CM,CM-10,710318951,LAURIE CREEK
439,CM,CM-8,179051318,LEE CREEK
1485,CM,CM-11,710354247,LEESON CREEK
1375,CM,CM-10,710303254,LEINER RIVER
1237,CM,CM-10,710497510,LENS CREEK
1471,CM,CM-11,710348634,LEWIS CREEK
1291,CM,CM-10,710094283,LITTLE MAGGIE RIVER
1181,CM,CM-4,710427756,LITTLE QUALICUM RIVER
1154,CM,CM-4,710242226,LITTLE RIVER
810,CM,CM-4,206060222,LITTLE TOBA RIVER
1289,CM,CM-10,710089284,LITTLE TOQUART CREEK
1332,CM,CM-10,710216310,LITTLE WHITEPINE COVE #1 CREEK
1394,CM,CM-10,710299003,LITTLE ZEBALLOS RIVER
790,CM,CM-4,72037968,LOIS RIVER
1391,CM,CM-10,710307197,LORD CREEK
1299,CM,CM-10,710092872,LOST SHOE CREEK
1481,CM,CM-11,710351778,LOWER AHWHICHAOLTO CREEK
1287,CM,CM-10,710090642,LUCKY CREEK
858,CM,CM-8,88084526,LULL CREEK
361,CM,CM-4,NA,LUNSON CREEK
1487,CM,CM-11,710346848,MACJACK RIVER
876,CM,CM-8,179059069,MACKENZIE RIVER
1269,CM,CM-10,710083056,MACKTUSH CREEK
1290,CM,CM-10,710093937,MAGGIE RIVER
1440,CM,CM-11,710114275,MAHATTA CREEK
1447,CM,CM-11,710112291,MAHWHIECLAS CREEK
1426,CM,CM-10,710525556,MALKSOPE RIVER
1399,CM,CM-10,710536427,MAMAT CREEK
864,CM,CM-8,88087186,MAPLE CREEK
1455,CM,CM-11,710108856,MARBLE RIVER
885,CM,CM-8,179046797,MARION CREEK
1380,CM,CM-10,710330979,MARVINAS BAY CREEK
855,CM,CM-8,88084041,MATSIU CREEK
859,CM,CM-8,88066100,MCALISTER CREEK
1363,CM,CM-10,710329428,MCCURDY CREEK
1424,CM,CM-10,710532469,MCKAY COVE CREEK
1173,CM,CM-4,710425691,MCNAUGHTON CREEK
1476,CM,CM-11,710354652,MCNIFFE CREEK
1320,CM,CM-10,710227478,MEARES CREEK
1341,CM,CM-10,710201411,MEGIN RIVER
1139,CM,CM-4,710451896,MENZIES CREEK
1296,CM,CM-10,710095091,MERCANTILE CREEK
2627,CM,CM-4,710279805,MESACHIE RIVER
2298,CM,CM-10,710536944,MIDDLE ELIZA CREEK
1162,CM,CM-4,710248401,MILLARD CREEK
1110,CM,CM-5,710386536,MILLS CREEK
1191,CM,CM-4,710044549,MILLSTONE RIVER
1140,CM,CM-4,710454054,MOHUN CREEK
1441,CM,CM-11,710114547,MONKEY CREEK
1477,CM,CM-11,710040363,MONTGOMERY CREEK
1352,CM,CM-10,710178893,MOOYAH RIVER
1160,CM,CM-4,710246602,MORRISON CREEK
796,CM,CM-4,72047291,MOUAT CREEK
1335,CM,CM-10,710031372,MOYEHA RIVER
1361,CM,CM-10,710311421,MUCHALAT RIVER
1226,CM,CM-4,710513824,MUIR CREEK
1308,CM,CM-10,710228711,MURIEL LAKE
680,CM,CM-4,701652971,MURRAY CREEK
2616,CM,CM-4,72047006,MYERS CREEK
795,CM,CM-4,72035990,MYRTLE CREEK
1270,CM,CM-10,710087125,NAHMINT RIVER
1101,CM,CM-5,710360173,NAHWITTI RIVER
1118,CM,CM-5,710542773,NAKA CREEK
1194,CM,CM-4,710257918,NANAIMO RIVER
1186,CM,CM-4,710430338,NANOOSE CREEK
373,CM,CM-4,710261492,NAPOLEON CREEK
1409,CM,CM-10,710535111,NARROWGUT CREEK
1430,CM,CM-10,710143330,NASPARTI RIVER
1453,CM,CM-11,710116588,NEQUILTPAALIS CREEK
845,CM,CM-6,NA,NEW VANCOUVER CREEK
678,CM,CM-4,701654631,NICOMEKL RIVER
856,CM,CM-8,88083639,NIGGER CREEK
1178,CM,CM-4,710044010,NILE CREEK
877,CM,CM-8,179056053,NIMMO CREEK
1112,CM,CM-5,710387157,NIMPKISH RIVER
1242,CM,CM-10,710489788,NITINAT RIVER
3541,CM,CM-4,710284069,NORRIE CREEK
900,CM,CM-8,179034324,NUGENT CREEK
1461,CM,CM-11,710346510,NUKNIMISH CREEK
799,CM,CM-4,206107816,OKEOVER CREEK
2620,CM,CM-4,710278935,OLIVER CREEK
1133,CM,CM-4,710234789,OPEN BAY CREEK
816,CM,CM-7,206043378,ORFORD RIVER
1427,CM,CM-10,710143712,OUOUKINSH RIVER
1125,CM,CM-6,710231571,OWEN CREEK
1388,CM,CM-10,710313467,OWOSSITSA CREEK
1149,CM,CM-4,710236705,OYSTER RIVER
1249,CM,CM-10,710102497,PACHENA RIVER
2637,CM,CM-10,710199292,PACILTH CREEK
910,CM,CM-8,179022110,PACK LAKE CREEK
787,CM,CM-4,NA,PARK CREEK
1402,CM,CM-10,710538813,PARK RIVER
2622,CM,CM-4,710280437,PATRICIA CREEK
1467,CM,CM-11,710342025,PEGATTEM CREEK
7990607,CM,CM-4,NA,PENDER HARBOUR CREEKS
805,CM,CM-4,206089507,PENDRELL SOUND CREEK
1376,CM,CM-10,710303750,PERRY RIVER
824,CM,CM-6,206050647,PHILLIPS RIVER
1286,CM,CM-10,710089514,PIPESTEAM CREEK
2294,CM,CM-10,710327040,PLUMPER BAY CREEK
1251,CM,CM-10,710098300,POETT NOOK CREEK
1406,CM,CM-10,710537790,PORRITT CREEK
842,CM,CM-6,88102798,PORT HARVEY LAGOON CREEKS
1203,CM,CM-4,710271133,PORTER CREEK
1158,CM,CM-4,710243983,PORTUGUESE CREEK
841,CM,CM-6,88105029,POTTS LAGOON CREEK
1428,CM,CM-10,710144111,POWER RIVER
846,CM,CM-6,88095608,PROTECTION POINT CREEK
1156,CM,CM-4,710245339,PUNTLEDGE RIVER
1350,CM,CM-10,710205761,PURDON CREEK
1124,CM,CM-5,710440558,PYE CREEK
1179,CM,CM-4,710427010,QUALICUM RIVER
909,CM,CM-8,179015796,QUASHELLA RIVER
1478,CM,CM-11,710354295,QUASHTIN CREEK
815,CM,CM-4,206080981,QUATAM RIVER
1106,CM,CM-5,710379588,QUATSE RIVER
1144,CM,CM-4,710150374,QUINSAM RIVER
899,CM,CM-8,179028736,RAINBOW CREEK
833,CM,CM-6,88106682,READ CREEK
807,CM,CM-4,206098922,REFUGE COVE CREEK
1234,CM,CM-10,710497959,RENFREW CREEK
2623,CM,CM-4,710279815,RICHARDS CREEK
1339,CM,CM-10,710207188,RILEY CREEK
1256,CM,CM-10,710095142,RITHERDON CREEK
837,CM,CM-6,88107712,ROBBERS KNOB CREEK
757,CM,CM-4,72057621,ROBERTS CREEK
2621,CM,CM-4,710279725,ROBERTSON RIVER
1223,CM,CM-4,710513243,ROCKY CREEK
1172,CM,CM-4,710425660,ROSEWALL CREEK
1163,CM,CM-4,710249578,ROY CREEK
764,CM,CM-4,72046291,RUBY CREEK
1458,CM,CM-11,710106637,RUPERT CREEK
1121,CM,CM-5,710439136,SALMON RIVER
1489,CM,CM-11,710338075,SAN JOSEF RIVER
1231,CM,CM-10,710501112,SAN JUAN RIVER
2474,CM,CM-10,710228921,SAND RIVER
1300,CM,CM-10,710090463,SANDHILL CREEK
1215,CM,CM-4,710573654,SANDHILL CREEK
1176,CM,CM-4,710043971,SANDY CREEK
2293,CM,CM-10,710316060,SANTIAGO CREEK
1252,CM,CM-10,710097203,SARITA RIVER
901,CM,CM-8,179036765,SCHWARTZENBERG LAGOON CREEK
867,CM,CM-8,88071640,SCOTT COVE CREEK
1282,CM,CM-10,710095047,SECHART CREEK
774,CM,CM-4,72044301,SECHELT CREEK
681,CM,CM-4,701653097,SERPENTINE RIVER
897,CM,CM-8,179019550,SEYMOUR RIVER
1322,CM,CM-10,710225764,SHARP CREEK
2626,CM,CM-4,710273320,SHAW CREEK
1210,CM,CM-4,710572989,SHAWNIGAN CREEK
890,CM,CM-8,179052793,SHELTER BAY CREEK
835,CM,CM-6,88105562,SHOAL CREEK
866,CM,CM-8,88080038,SHOAL HARBOUR CREEK
1102,CM,CM-5,710361756,SHUSHARTIE RIVER
1415,CM,CM-10,710524955,SILBURN CREEK
1353,CM,CM-10,710179050,SILVERADO CREEK
851,CM,CM-9,88023955,SIM RIVER
1145,CM,CM-4,710235692,SIMMS CREEK
870,CM,CM-8,88056262,SIMOOM SOUND CREEK
1445,CM,CM-11,710112193,SKIDINE CREEK
782,CM,CM-4,72005058,SKWAWKA RIVER
798,CM,CM-4,206108281,SLIAMMON CREEK
1298,CM,CM-10,710094281,SMITH CREEK
769,CM,CM-4,72056514,SNAKE BAY CREEK
1272,CM,CM-10,710090643,SNUG BASIN CREEK
1411,CM,CM-10,710533524,SOATWOON CREEK
1261,CM,CM-10,710074668,SOMASS RIVER
11485,CM,CM-10,710074668,SOMASS-SPROAT-GC SYSTEM
1104,CM,CM-5,710369060,SONGHEES CREEK
1221,CM,CM-4,710513719,SOOKE RIVER
1301,CM,CM-10,710085135,SOUTH BAY #1 CREEK
817,CM,CM-7,66105218,SOUTHGATE RIVER
2706,CM,CM-4,710235555,SQUIRREL COVE BAY CREEK
1126,CM,CM-6,710231652,ST. AUBYN CREEK
829,CM,CM-6,88081075,STAFFORD RIVER
1460,CM,CM-11,710346866,STEPHENS CREEK
1202,CM,CM-4,710270114,STOCKING CREEK
801,CM,CM-4,710235192,STORE CREEK
1148,CM,CM-4,710235894,STORIE CREEK
775,CM,CM-4,72045859,STORM CREEK
1100,CM,CM-5,710361536,STRANDBY RIVER
1371,CM,CM-10,710316169,SUCWOA RIVER
1250,CM,CM-10,710100548,SUGSAW CREEK
1325,CM,CM-10,710224730,SUTTON MILL CREEK
1344,CM,CM-10,710190836,SYDNEY RIVER
896,CM,CM-8,179037937,TAALTZ CREEK
1377,CM,CM-10,710302082,TAHSIS RIVER
1414,CM,CM-10,710525713,TAHSISH RIVER
812,CM,CM-4,206063070,TAHUMMING RIVER
1405,CM,CM-10,710538882,TATCHU CREEK
818,CM,CM-7,66100915,TEAQUAHAN RIVER
1448,CM,CM-11,710121990,TEETA CREEK
1177,CM,CM-4,710426341,THAMES CREEK
800,CM,CM-4,206102423,THEODOSIA RIVER
1297,CM,CM-10,710025367,THORNTON CREEK
1128,CM,CM-6,710230824,THURSTON BAY CREEK
1367,CM,CM-10,710321041,TLUPANA RIVER
808,CM,CM-4,206062407,TOBA RIVER
1316,CM,CM-10,710221884,TOFINO CREEK
1288,CM,CM-10,710089846,TOQUART RIVER
1317,CM,CM-10,710224159,TRANQUIL CREEK
1164,CM,CM-4,710249801,TRENT RIVER
1166,CM,CM-4,710424267,TSABLE RIVER
1117,CM,CM-5,710542066,TSITIKA RIVER
1157,CM,CM-4,710245339,TSOLUM RIVER
1374,CM,CM-10,710318702,TSOWWIN RIVER
781,CM,CM-4,72010292,TSUAHDI CREEK
1105,CM,CM-5,710376391,TSULQUATE RIVER
1225,CM,CM-4,710513906,TUGWELL CREEK
834,CM,CM-6,88109158,TUNA RIVER
367,CM,CM-10,NA,TWIN RIVERS
1292,CM,CM-10,710095285,TWIN RIVERS EAST CREEK
1293,CM,CM-10,710095537,TWIN RIVERS WEST CREEK
1200,CM,CM-4,710267126,TYEE CREEK
776,CM,CM-4,72035289,TZOONIE RIVER
1274,CM,CM-10,710091577,UCHUCK CREEK
1480,CM,CM-11,710353316,UPPER AHWHICHAOLTO CREEK
1328,CM,CM-10,710206817,URSUS CREEK
1276,CM,CM-10,710093004,USELESS CREEK
1452,CM,CM-11,710133060,UTLUH CREEK
778,CM,CM-4,72021052,VANCOUVER RIVER
1277,CM,CM-10,710092212,VERNON BAY CREEK
1132,CM,CM-6,710234366,VILLAGE BAY CREEK
868,CM,CM-8,88067322,VINER SOUND CREEK
903,CM,CM-8,179032639,WAAMTX CREEK
869,CM,CM-8,88062568,WAHKANA BAY CREEK
1131,CM,CM-6,710232631,WAIATT BAY CREEK
761,CM,CM-4,72057375,WAKEFIELD CREEK
874,CM,CM-8,179037313,WAKEMAN RIVER
840,CM,CM-8,88083975,WALDON CREEK
1198,CM,CM-4,NA,WALKER CREEK
1280,CM,CM-10,710088250,WALLACE CREEK
1462,CM,CM-11,710346536,WANOKANA CREEK
1318,CM,CM-10,710219311,WARN BAY CREEK
895,CM,CM-8,179041285,WARNER BAY CREEK
1459,CM,CM-11,710346749,WASHLAWLIS CREEK
1171,CM,CM-4,710425208,WATERLOO CREEK
1340,CM,CM-10,710198730,WATTA CREEK
1457,CM,CM-11,710106651,WAUKWAAS CREEK
905,CM,CM-8,179019799,WAUMP CREEK
898,CM,CM-8,179017219,WAWWATL CREEK
789,CM,CM-4,72040555,WEST CREEK
403,CM,CM-4,NA,WHALETOWN CREEK
1333,CM,CM-10,710215177,WHITE PINE COVE CREEK
1206,CM,CM-4,710275715,WHITEHOUSE CREEK
1130,CM,CM-4,710232896,WHITEROCK PASS CREEK
791,CM,CM-4,72037758,WHITTALL CREEK
1170,CM,CM-4,710043903,WILFRED CREEK
1146,CM,CM-4,710235775,WILLOW CREEK
759,CM,CM-4,72057557,WILSON CREEK
891,CM,CM-8,179037024,WODEFORD CREEK
1315,CM,CM-10,710224681,WOMAN ISLAND CREEK
1147,CM,CM-4,710235885,WOODS CREEK
832,CM,CM-6,88109266,WORTLEY CREEK
1416,CM,CM-10,710528423,YAKU RIVER
1463,CM,CM-11,710346392,YOUGHPAN CREEK
1397,CM,CM-10,710296488,ZEBALLOS RIVER
1119,PKO,PKO-4,710543688,ADAM RIVER
852,PKO,PKO-7,88047440,AHNUHATI RIVER
861,PKO,PKO-7,88052112,AHTA RIVER
862,PKO,PKO-7,88050198,AHTA VALLEY CREEK
1123,PKO,PKO-4,710439535,AMOR DE COSMOS CREEK
771,PKO,PKO-3,72056566,ANGUS CREEK
828,PKO,PKO-7,88081739,APPLE RIVER
728,PKO,PKO-3,189027378,ASHLU CREEK
838,PKO,PKO-7,88107839,BOUGHEY CREEK
813,PKO,PKO-3,206072925,BREM RIVER
814,PKO,PKO-3,206072266,BREM RIVER TRIBUTARY
784,PKO,PKO-3,72015167,BRITTAIN RIVER
698,PKO,PKO-2,189068493,BROTHERS CREEK
770,PKO,PKO-3,72056756,BURNET CREEK
1199,PKO,PKO-3,710265721,BUSH CREEK
843,PKO,PKO-7,88095552,CALL CREEK
1127,PKO,PKO-7,710231431,CAMELEON HARBOUR CREEK
1141,PKO,PKO-3,710149901,CAMPBELL RIVER
697,PKO,PKO-2,189068561,CAPILANO RIVER
768,PKO,PKO-3,72054646,CARLSON CREEK
1450,PKO,PKO-5,710131115,CAYEGHLE CREEK
2302,PKO,PKO-5,710131115,CAYEGHLE SYSTEM
760,PKO,PKO-3,72057549,CHAPMAN CREEK
756,PKO,PKO-3,72057848,CHASTER CREEK
719,PKO,PKO-2,189032291,CHEAKAMUS RIVER
1204,PKO,PKO-3,710273768,CHEMAINUS RIVER
1109,PKO,PKO-5,710386042,CLUXEWE RIVER
1451,PKO,PKO-5,710131192,COLONIAL CREEK
1174,PKO,PKO-3,710425737,COOK CREEK
1208,PKO,PKO-3,710283145,COWICHAN RIVER
745,PKO,PKO-3,72056428,DAKOTA CREEK
794,PKO,PKO-3,72036159,DEIGHTON CREEK
1483,PKO,PKO-5,710352368,DENAD CREEK
1190,PKO,PKO-3,710432653,DEPARTURE CREEK
780,PKO,PKO-3,72010113,DESERTED RIVER
1135,PKO,PKO-3,710235406,DREW CREEK
777,PKO,PKO-3,72040222,EARLE CREEK
1433,PKO,PKO-5,710140113,EAST CREEK
1184,PKO,PKO-3,710428838,ENGLISHMAN RIVER
425,PKO,PKO-7,206062863,ESTERO CREEK
1120,PKO,PKO-4,710547910,EVE RIVER
1491,PKO,PKO-5,710333862,FISHERMAN RIVER
804,PKO,PKO-3,206089342,FORBES BAY CREEK
803,PKO,PKO-3,206091822,FORBES CREEK
830,PKO,PKO-7,88081318,FRAZER CREEK
836,PKO,PKO-7,88104422,FULMORE RIVER
863,PKO,PKO-7,88091350,GILFORD CREEK
847,PKO,PKO-7,88093012,GLENDALE CREEK
1466,PKO,PKO-5,710340712,GOODSPEED RIVER
1136,PKO,PKO-7,710232965,GRANITE BAY CREEK
826,PKO,PKO-7,88108808,GRASSY CREEK
773,PKO,PKO-3,72054867,GRAY CREEK
827,PKO,PKO-7,88106515,GRAY CREEK
398,PKO,PKO-3,710241120,HEADQUARTERS CREEK
865,PKO,PKO-7,88085396,HEALTH LAGOON CREEK
822,PKO,PKO-7,710438287,HEMMING BAY CREEK
831,PKO,PKO-7,88102761,HEYDON CREEK
857,PKO,PKO-7,88083924,HOEYA SOUND CREEK
1134,PKO,PKO-3,710234936,HYACINTHE CREEK
1111,PKO,PKO-4,710386890,HYDE CREEK
688,PKO,PKO-2,189056899,INDIAN RIVER
788,PKO,PKO-3,72037805,JEFFERD CREEK
733,PKO,PKO-3,189071560,JULY CREEK
860,PKO,PKO-7,88063021,KAKWEIKEN RIVER
1137,PKO,PKO-7,710232513,KANISH CREEK
1437,PKO,PKO-5,710129351,KEITH RIVER
1108,PKO,PKO-5,710384639,KEOGH RIVER
1143,PKO,PKO-3,NA,KINGFISHER CREEK
1434,PKO,PKO-5,710138043,KLASKISH RIVER
809,PKO,PKO-3,206059864,KLITE RIVER
1444,PKO,PKO-5,710111868,KLOOTCHLIMMIS CREEK
823,PKO,PKO-7,710438434,KNOX BAY CREEK
1115,PKO,PKO-4,710539764,KOKISH RIVER
1475,PKO,PKO-5,710354404,KOPRINO RIVER
853,PKO,PKO-7,88068680,KWALATE CREEK
1486,PKO,PKO-5,710354366,KWATLEO CREEK
792,PKO,PKO-3,72037789,LANG CREEK
755,PKO,PKO-3,72057576,LANGDALE CREEK
1181,PKO,PKO-3,710427756,LITTLE QUALICUM RIVER
810,PKO,PKO-3,206060222,LITTLE TOBA RIVER
790,PKO,PKO-3,72037968,LOIS RIVER
858,PKO,PKO-7,88084526,LULL CREEK
693,PKO,PKO-2,189068673,LYNN CREEK
709,PKO,PKO-2,189034502,MAMQUAM RIVER
715,PKO,PKO-2,189034502,MAMQUAM SPAWNING CHANNEL
864,PKO,PKO-7,88087186,MAPLE CREEK
1455,PKO,PKO-5,710108856,MARBLE RIVER
714,PKO,PKO-2,189034256,MASHITER CREEK
855,PKO,PKO-7,88084041,MATSIU CREEK
859,PKO,PKO-7,88066100,MCALISTER CREEK
742,PKO,PKO-3,189049590,MCNAB CREEK
744,PKO,PKO-3,72056252,MCNAIR CREEK
1139,PKO,PKO-3,710451896,MENZIES CREEK
1162,PKO,PKO-3,710248401,MILLARD CREEK
1110,PKO,PKO-4,710386536,MILLS CREEK
1140,PKO,PKO-3,710454054,MOHUN CREEK
722,PKO,PKO-2,189031126,MOODY CHANNEL
1160,PKO,PKO-3,710246602,MORRISON CREEK
1101,PKO,PKO-5,710360173,NAHWITTI RIVER
1118,PKO,PKO-4,710542773,NAKA CREEK
1194,PKO,PKO-3,710257918,NANAIMO RIVER
373,PKO,PKO-3,710261492,NAPOLEON CREEK
856,PKO,PKO-7,88083639,NIGGER CREEK
1178,PKO,PKO-3,710044010,NILE CREEK
1112,PKO,PKO-4,710387157,NIMPKISH RIVER
799,PKO,PKO-3,206107816,OKEOVER CREEK
1133,PKO,PKO-3,710234789,OPEN BAY CREEK
816,PKO,PKO-7,206043378,ORFORD RIVER
748,PKO,PKO-3,72057338,OUILLET CREEK
1149,PKO,PKO-3,710236705,OYSTER RIVER
805,PKO,PKO-3,206089507,PENDRELL SOUND CREEK
824,PKO,PKO-7,206050647,PHILLIPS RIVER
846,PKO,PKO-7,88095608,PROTECTION POINT CREEK
1156,PKO,PKO-3,710245339,PUNTLEDGE RIVER
1124,PKO,PKO-4,710440558,PYE CREEK
1179,PKO,PKO-3,710427010,QUALICUM RIVER
815,PKO,PKO-3,206080981,QUATAM RIVER
1106,PKO,PKO-5,710379588,QUATSE RIVER
1107,PKO,PKO-5,710379571,QUATSESE RIVER
1144,PKO,PKO-3,710150374,QUINSAM RIVER
743,PKO,PKO-3,72055610,RAINY RIVER
833,PKO,PKO-7,88106682,READ CREEK
687,PKO,PKO-2,189065967,RICHARDS CREEK
837,PKO,PKO-7,88107712,ROBBERS KNOB CREEK
757,PKO,PKO-3,72057621,ROBERTS CREEK
1172,PKO,PKO-3,710425660,ROSEWALL CREEK
854,PKO,PKO-7,88082624,SALLIE CREEK
1121,PKO,PKO-4,710439136,SALMON RIVER
1489,PKO,PKO-5,710338075,SAN JOSEF RIVER
867,PKO,PKO-7,88071640,SCOTT COVE CREEK
774,PKO,PKO-3,72044301,SECHELT CREEK
691,PKO,PKO-2,189068663,SEYMOUR RIVER
772,PKO,PKO-2,189038261,SHANNON CREEK
866,PKO,PKO-7,88080038,SHOAL HARBOUR CREEK
737,PKO,PKO-3,189017129,SHOVELNOSE CREEK
1102,PKO,PKO-5,710361756,SHUSHARTIE RIVER
851,PKO,PKO-7,88023955,SIM RIVER
1145,PKO,PKO-3,710235692,SIMMS CREEK
782,PKO,PKO-3,72005058,SKWAWKA RIVER
798,PKO,PKO-3,206108281,SLIAMMON CREEK
1104,PKO,PKO-5,710369060,SONGHEES CREEK
1221,PKO,PKO-3,710513719,SOOKE RIVER
817,PKO,PKO-7,66105218,SOUTHGATE RIVER
736,PKO,PKO-3,189020100,SPRING CREEK
708,PKO,PKO-3,189073452,SQUAMISH RIVER
829,PKO,PKO-7,88081075,STAFFORD RIVER
705,PKO,PKO-2,189036934,STAWAMUS RIVER
1100,PKO,PKO-5,710361536,STRANDBY RIVER
812,PKO,PKO-3,206063070,TAHUMMING RIVER
818,PKO,PKO-7,66100915,TEAQUAHAN RIVER
800,PKO,PKO-3,206102423,THEODOSIA RIVER
1128,PKO,PKO-7,710230824,THURSTON BAY CREEK
808,PKO,PKO-3,206062407,TOBA RIVER
1164,PKO,PKO-3,710249801,TRENT RIVER
1166,PKO,PKO-3,710424267,TSABLE RIVER
1117,PKO,PKO-4,710542066,TSITIKA RIVER
1157,PKO,PKO-3,710245339,TSOLUM RIVER
781,PKO,PKO-3,72010292,TSUAHDI CREEK
1105,PKO,PKO-5,710376391,TSULQUATE RIVER
834,PKO,PKO-7,88109158,TUNA RIVER
776,PKO,PKO-3,72035289,TZOONIE RIVER
778,PKO,PKO-3,72021052,VANCOUVER RIVER
1132,PKO,PKO-3,710234366,VILLAGE BAY CREEK
868,PKO,PKO-7,88067322,VINER SOUND CREEK
869,PKO,PKO-7,88062568,WAHKANA BAY CREEK
1457,PKO,PKO-5,710106651,WAUKWAAS CREEK
1122,PKO,PKO-4,710442258,WHITE RIVER
791,PKO,PKO-3,72037758,WHITTALL CREEK
1170,PKO,PKO-3,710043903,WILFRED CREEK
1146,PKO,PKO-3,710235775,WILLOW CREEK
759,PKO,PKO-3,72057557,WILSON CREEK
832,PKO,PKO-7,88109266,WORTLEY CREEK
1119,PKE,PKE-4,710543688,ADAM RIVER
852,PKE,PKE-4,88047440,AHNUHATI RIVER
861,PKE,PKE-4,88052112,AHTA RIVER
862,PKE,PKE-4,88050198,AHTA VALLEY CREEK
1123,PKE,PKE-4,710439535,AMOR DE COSMOS CREEK
828,PKE,PKE-4,88081739,APPLE RIVER
2078,PKE,PKE-4,88086797,BLIND CREEK
1169,PKE,PKE-1,NA,BOB CREEK
406,PKE,PKE-4,88089775,BOND RIVER NO. 1
838,PKE,PKE-4,88107839,BOUGHEY CREEK
889,PKE,PKE-4,179059404,BRADLEY CREEK
813,PKE,PKE-1,206072925,BREM RIVER
814,PKE,PKE-1,206072266,BREM RIVER TRIBUTARY
784,PKE,PKE-1,72015167,BRITTAIN RIVER
1155,PKE,PKE-1,710034087,BROOKLYN CREEK
880,PKE,PKE-4,179061738,BUGHOUSE CREEK
843,PKE,PKE-4,88095552,CALL CREEK
1127,PKE,PKE-4,710231431,CAMELEON HARBOUR CREEK
1141,PKE,PKE-1,710149901,CAMPBELL RIVER
697,PKE,PKE-1,189068561,CAPILANO RIVER
768,PKE,PKE-1,72054646,CARLSON CREEK
879,PKE,PKE-4,179060988,CARRIDEN CREEK
2819,PKE,PKE-1,NA,CASEY CREEK
760,PKE,PKE-1,72057549,CHAPMAN CREEK
873,PKE,PKE-4,179058900,CHARLES CREEK
1204,PKE,PKE-1,710273768,CHEMAINUS RIVER
1109,PKE,PKE-4,710386042,CLUXEWE RIVER
888,PKE,PKE-4,179061491,COHOE CREEK
2055,PKE,PKE-4,88049327,COLLINSON CREEK
2057,PKE,PKE-4,88046310,CORTINA CREEK
1208,PKE,PKE-1,710283145,COWICHAN RIVER
820,PKE,PKE-4,66100203,CUMSACK CREEK
412,PKE,PKE-4,710234193,DEEPWATER BAY CREEK
780,PKE,PKE-1,72010113,DESERTED RIVER
1135,PKE,PKE-1,710235406,DREW CREEK
908,PKE,PKE-4,179021941,DRIFTWOOD CREEK
878,PKE,PKE-4,179056634,EMBLEY CREEK
1184,PKE,PKE-1,710428838,ENGLISHMAN RIVER
1120,PKE,PKE-4,710547910,EVE RIVER
825,PKE,PKE-4,NA,FANNY BAY CREEK
804,PKE,PKE-1,206089342,FORBES BAY CREEK
830,PKE,PKE-4,88081318,FRAZER CREEK
821,PKE,PKE-4,206062987,FREDERICK ARM CREEK
1183,PKE,PKE-1,710428885,FRENCH CREEK
836,PKE,PKE-4,88104422,FULMORE RIVER
2077,PKE,PKE-4,88104543,GEORGE CREEK
863,PKE,PKE-4,88091350,GILFORD CREEK
847,PKE,PKE-4,88093012,GLENDALE CREEK
1211,PKE,PKE-1,710576399,GOLDSTREAM RIVER
1136,PKE,PKE-4,710232965,GRANITE BAY CREEK
826,PKE,PKE-4,88108808,GRASSY CREEK
773,PKE,PKE-1,72054867,GRAY CREEK
827,PKE,PKE-4,88106515,GRAY CREEK
884,PKE,PKE-4,179048722,HAUSKIN CREEK
398,PKE,PKE-1,710241120,HEADQUARTERS CREEK
865,PKE,PKE-4,88085396,HEALTH LAGOON CREEK
822,PKE,PKE-4,710438287,HEMMING BAY CREEK
831,PKE,PKE-4,88102761,HEYDON CREEK
857,PKE,PKE-4,88083924,HOEYA SOUND CREEK
1201,PKE,PKE-1,710267924,HOLLAND CREEK
819,PKE,PKE-4,66100961,HOMATHKO RIVER
1134,PKE,PKE-1,710234936,HYACINTHE CREEK
1111,PKE,PKE-4,710386890,HYDE CREEK
688,PKE,PKE-1,189056899,INDIAN RIVER
2617,PKE,PKE-4,88104991,JACK CREEK
788,PKE,PKE-1,72037805,JEFFERD CREEK
881,PKE,PKE-4,179060635,JENNIS BAY CREEK
1228,PKE,PKE-1,710512847,JORDAN RIVER
860,PKE,PKE-4,88063021,KAKWEIKEN RIVER
844,PKE,PKE-4,NA,KAMANO BAY CREEK
1137,PKE,PKE-4,710232513,KANISH CREEK
793,PKE,PKE-1,72037990,KELLY CREEK
887,PKE,PKE-4,179065434,KENNETH RIVER
1108,PKE,PKE-4,710384639,KEOGH RIVER
872,PKE,PKE-4,88040288,KINGCOME RIVER
1143,PKE,PKE-1,NA,KINGFISHER CREEK
850,PKE,PKE-4,86110399,KLINAKLINI RIVER
809,PKE,PKE-1,206059864,KLITE RIVER
823,PKE,PKE-4,710438434,KNOX BAY CREEK
1115,PKE,PKE-4,710539764,KOKISH RIVER
853,PKE,PKE-4,88068680,KWALATE CREEK
792,PKE,PKE-1,72037789,LANG CREEK
1181,PKE,PKE-1,710427756,LITTLE QUALICUM RIVER
790,PKE,PKE-1,72037968,LOIS RIVER
858,PKE,PKE-4,88084526,LULL CREEK
876,PKE,PKE-4,179059069,MACKENZIE RIVER
709,PKE,PKE-1,189034502,MAMQUAM RIVER
864,PKE,PKE-4,88087186,MAPLE CREEK
855,PKE,PKE-4,88084041,MATSIU CREEK
859,PKE,PKE-4,88066100,MCALISTER CREEK
1139,PKE,PKE-1,710451896,MENZIES CREEK
1162,PKE,PKE-1,710248401,MILLARD CREEK
1110,PKE,PKE-4,710386536,MILLS CREEK
1140,PKE,PKE-1,710454054,MOHUN CREEK
1160,PKE,PKE-1,710246602,MORRISON CREEK
1101,PKE,PKE-4,710360173,NAHWITTI RIVER
1118,PKE,PKE-4,710542773,NAKA CREEK
1194,PKE,PKE-1,710257918,NANAIMO RIVER
1186,PKE,PKE-1,710430338,NANOOSE CREEK
845,PKE,PKE-4,NA,NEW VANCOUVER CREEK
856,PKE,PKE-4,88083639,NIGGER CREEK
1178,PKE,PKE-1,710044010,NILE CREEK
877,PKE,PKE-4,179056053,NIMMO CREEK
1112,PKE,PKE-4,710387157,NIMPKISH RIVER
1142,PKE,PKE-1,NA,NUNNS CREEK
799,PKE,PKE-1,206107816,OKEOVER CREEK
1133,PKE,PKE-1,710234789,OPEN BAY CREEK
816,PKE,PKE-4,206043378,ORFORD RIVER
1149,PKE,PKE-1,710236705,OYSTER RIVER
910,PKE,PKE-4,179022110,PACK LAKE CREEK
824,PKE,PKE-4,206050647,PHILLIPS RIVER
846,PKE,PKE-4,88095608,PROTECTION POINT CREEK
1156,PKE,PKE-1,710245339,PUNTLEDGE RIVER
1124,PKE,PKE-4,710440558,PYE CREEK
1179,PKE,PKE-1,710427010,QUALICUM RIVER
815,PKE,PKE-1,206080981,QUATAM RIVER
1106,PKE,PKE-4,710379588,QUATSE RIVER
1144,PKE,PKE-1,710150374,QUINSAM RIVER
899,PKE,PKE-4,179028736,RAINBOW CREEK
833,PKE,PKE-4,88106682,READ CREEK
837,PKE,PKE-4,88107712,ROBBERS KNOB CREEK
1172,PKE,PKE-1,710425660,ROSEWALL CREEK
912,PKE,PKE-4,179028418,ROWLEY CREEK
854,PKE,PKE-4,88082624,SALLIE CREEK
1121,PKE,PKE-4,710439136,SALMON RIVER
867,PKE,PKE-4,88071640,SCOTT COVE CREEK
774,PKE,PKE-1,72044301,SECHELT CREEK
691,PKE,PKE-1,189068663,SEYMOUR RIVER
897,PKE,PKE-4,179019550,SEYMOUR RIVER
772,PKE,PKE-1,189038261,SHANNON CREEK
835,PKE,PKE-4,88105562,SHOAL CREEK
866,PKE,PKE-4,88080038,SHOAL HARBOUR CREEK
1102,PKE,PKE-4,710361756,SHUSHARTIE RIVER
851,PKE,PKE-4,88023955,SIM RIVER
1145,PKE,PKE-1,710235692,SIMMS CREEK
870,PKE,PKE-4,88056262,SIMOOM SOUND CREEK
782,PKE,PKE-1,72005058,SKWAWKA RIVER
798,PKE,PKE-1,206108281,SLIAMMON CREEK
1104,PKE,PKE-4,710369060,SONGHEES CREEK
1221,PKE,PKE-1,710513719,SOOKE RIVER
817,PKE,PKE-4,66105218,SOUTHGATE RIVER
708,PKE,PKE-1,189073452,SQUAMISH RIVER
1126,PKE,PKE-4,710231652,ST. AUBYN CREEK
829,PKE,PKE-4,88081075,STAFFORD RIVER
1100,PKE,PKE-4,710361536,STRANDBY RIVER
812,PKE,PKE-1,206063070,TAHUMMING RIVER
882,PKE,PKE-4,179062745,TANCRED CREEK
818,PKE,PKE-4,66100915,TEAQUAHAN RIVER
800,PKE,PKE-1,206102423,THEODOSIA RIVER
1114,PKE,PKE-4,710388495,THIEMER CREEK
1128,PKE,PKE-4,710230824,THURSTON BAY CREEK
808,PKE,PKE-1,206062407,TOBA RIVER
1164,PKE,PKE-1,710249801,TRENT RIVER
1166,PKE,PKE-1,710424267,TSABLE RIVER
1117,PKE,PKE-4,710542066,TSITIKA RIVER
1157,PKE,PKE-1,710245339,TSOLUM RIVER
1105,PKE,PKE-4,710376391,TSULQUATE RIVER
834,PKE,PKE-4,88109158,TUNA RIVER
776,PKE,PKE-1,72035289,TZOONIE RIVER
778,PKE,PKE-1,72021052,VANCOUVER RIVER
1132,PKE,PKE-1,710234366,VILLAGE BAY CREEK
868,PKE,PKE-4,88067322,VINER SOUND CREEK
874,PKE,PKE-4,179037313,WAKEMAN RIVER
840,PKE,PKE-4,88083975,WALDON CREEK
905,PKE,PKE-4,179019799,WAUMP CREEK
1122,PKE,PKE-4,710442258,WHITE RIVER
791,PKE,PKE-1,72037758,WHITTALL CREEK
1170,PKE,PKE-1,710043903,WILFRED CREEK
1146,PKE,PKE-1,710235775,WILLOW CREEK
832,PKE,PKE-4,88109266,WORTLEY CREEK
1000,CM,CM-18,149082250,SPILLER LAGOON CREEK
1001,CM,CM-18,149091437,TANKEEAH RIVER
1002,CM,CM-18,149094030,TUNO CREEK-EAST
1003,CM,CM-18,149092245,TUNO CREEK-WEST
1004,CM,CM-18,149080951,WINDFALL CREEK
1005,CM,CM-18,149079878,TOM BAY CREEK
1006,CM,CM-18,149071964,NAMELESS CREEK
1007,CM,CM-18,149063521,SALMON BAY CREEK
1008,CM,CM-18,149049223,HIRD POINT CREEK
1009,CM,CM-19,149012515,LARD CREEK
1010,CM,CM-19,83094864,KAINET CREEK
1011,CM,CM-19,83094514,BIG CREEK
1012,CM,CM-19,83090488,BIG BAY CREEK
1013,CM,CM-19,83080893,KORICH CREEK
1014,CM,CM-19,83065179,POISON COVE CREEK
1015,CM,CM-19,83062228,MUSSEL RIVER
1016,CM,CM-19,79070192,BOLIN BAY CREEK
1017,CM,CM-19,79069755,CARTER RIVER
1018,CM,CM-19,79055688,GREEN RIVER
1019,CM,CM-19,79056907,TAYLOR CREEK
1020,CM,CM-20,79051273,MARSHALL CREEK
1021,CM,CM-20,79051461,KHUTZE RIVER
1022,CM,CM-20,79047964,HEAD CREEK
1023,CM,CM-20,79047759,AALTANHASH RIVER
1024,CM,CM-20,79045811,MARMOT COVE CREEK
1025,CM,CM-20,79041870,SCOW BAY CREEK
1026,CM,CM-20,79040230,KLEKANE RIVER
1027,CM,CM-20,79032114,ANGLER COVE CREEK
1028,CM,CM-20,79026546,GOAT RIVER
1029,CM,CM-20,79012614,PARIL RIVER
1030,CM,CM-20,79033129,KILTUISH RIVER
1031,CM,CM-20,79031820,KOWESAS RIVER
1033,CM,CM-20,208067058,TSAYTIS RIVER
1034,CM,CM-20,208046476,KEMANO RIVER
1035,CM,CM-20,208045196,WAHOO CREEK
1036,CM,CM-20,208041140,BRIM RIVER
1037,CM,CM-20,208050285,HOTSPRING CREEK
1038,CM,CM-20,208030918,CRAB RIVER
1039,CM,CM-20,208017927,PIKE CREEK
1040,CM,CM-20,208015780,WEEWANIE CREEK
1041,CM,CM-20,208012341,HUGH CREEK
1042,CM,CM-20,208004027,EAGLE BAY CREEK
1043,CM,CM-20,208002390,FALLS RIVER
1044,CM,CM-20,208001856,KILDALA RIVER
1045,CM,CM-20,84074864,DALA RIVER
1046,CM,CM-20,84052866,WATHL CREEK
1049,CM,CM-20,84042128,PINE CREEK
1050,CM,CM-20,84047040,KITIMAT RIVER
1052,CM,CM-20,84036877,DUCK CREEK
1053,CM,CM-20,84035581,GOOSE CREEK
1054,CM,CM-20,84032711,HIRSCH CREEK
1057,CM,CM-20,84027707,LITTLE WEDEENE RIVER
1060,CM,CM-20,84025282,WEDEENE RIVER
1063,CM,CM-20,84017291,RALEY CREEK
1064,CM,CM-20,84010366,LONE WOLF CREEK
1065,CM,CM-20,84005426,AVELING CREEK
1067,CM,CM-20,84023080,NALBEELAH CREEK
1068,CM,CM-20,84017212,HUMPHRYS CREEK
1071,CM,CM-20,84014401,CECIL CREEK
1072,CM,CM-20,84006854,CHIST CREEK
1073,CM,CM-20,84009420,MCKAY CREEK
1075,CM,CM-20,84011116,TETLOCK CREEK
1076,CM,CM-20,84012789,HUNTER CREEK
1077,CM,CM-20,84045138,ANDERSON CREEK
1080,CM,CM-20,84062892,BISH CREEK
1081,CM,CM-20,84066084,EMSLEY CREEK
1082,CM,CM-20,84065405,GILTTOYEES CREEK
1083,CM,CM-20,84075196,FOCH RIVER
1084,CM,CM-20,84084020,KIHESS CREEK
1085,CM,CM-20,84084602,KITKIATA CREEK
1086,CM,CM-20,93029414,QUAAL RIVER
1087,CM,CM-18,93042617,KISKOSH CREEK
1088,CM,CM-18,93053887,MISSED CREEK
1089,CM,CM-18,93061083,KEESIL CREEK
1090,CM,CM-18,93063794,GABION RIVER
1091,CM,CM-18,93056762,BELOWE CREEK
1093,CM,CM-18,93022618,KLEWNUGGIT INLET CREEK
1094,CM,CM-18,93009612,KXNGEAL CREEK
1095,CM,CM-18,93008551,NORTHNESS CREEK
1096,CM,CM-18,93006424,ALVIN CREEK
1097,CM,CM-18,93003048,KUMEALON CREEK
1098,CM,CM-26,93002312,NORTH KUMEALON CREEK
1099,CM,CM-26,93000875,MOORE COVE CREEK
11571,CM,CM-20,208021134,HEYSHAM CREEK
1502,CM,CM-21,59129302,CHINUKUNDL CREEK
1504,CM,CM-21,NA,MISSION CREEK
1505,CM,CM-22,59137831,MUNCORD CREEK
1507,CM,CM-22,59137260,CHARLIE HARTIE CREEK
1508,CM,CM-22,59137217,GORE BROOK
1509,CM,CM-22,59137247,CRABAPPLE BROOK
1511,CM,CM-22,59137587,HONNA RIVER
1512,CM,CM-22,59138132,TARUNDL CREEK
1513,CM,CM-22,59137823,OUTLOOK CREEK
1514,CM,CM-22,59139242,SLATECHUCK CREEK
1515,CM,CM-22,59140497,MUD BAY CREEK
1516,CM,CM-22,59137981,LAGINS CREEK-RH
1517,CM,CM-22,59138629,LAGINS CREEK
1518,CM,CM-22,59141214,INDIAN CABIN CREEK-R/H
1519,CM,CM-22,59141185,INDIAN CABIN CREEK
1520,CM,CM-22,59142151,SALTSPRING BAY CREEK
1521,CM,CM-22,NA,SALTSPRING BAY CREEK-L/H
1522,CM,CM-22,59143249,TWO TORRENT CREEK
1523,CM,CM-22,NA,NORTH ARM CREEK-RH
1524,CM,CM-22,59141550,NORTH ARM HEAD CREEK
1525,CM,CM-22,59143226,WEST NARROWS CREEK
1526,CM,CM-23,59142185,DAWSON HARBOUR CREEK
1527,CM,CM-23,59138185,DAWSON INLET CREEK
1529,CM,CM-23,59129831,KANO INLET CREEK-OUTER
1530,CM,CM-23,NA,GIVENCHY ANCHORAGE CREEK
1531,CM,CM-23,59125940,KANO INLET CREEK-HEAD
1533,CM,CM-23,59125724,INDIAN BAY CREEK
1534,CM,CM-23,59128671,CLAPP BASIN CREEK
1535,CM,CM-23,59131303,RENNELL CREEK
1536,CM,CM-23,59128765,MOUNTAIN CREEK
1537,CM,CM-23,59127402,ROCKRUN CREEK
1538,CM,CM-23,59126981,SHIELDS CREEK
1539,CM,CM-23,59125448,YAKOUN TRAIL CREEK
1540,CM,CM-23,59121178,RILEY CREEK
1541,CM,CM-23,59120161,GREGORY CREEK
1543,CM,CM-23,59114101,TARTU INLET CREEK-OUTER
1544,CM,CM-23,59111582,TARTU INLET CREEK-HEAD
1545,CM,CM-23,59106904,SEAL INLET CREEK
1546,CM,CM-23,59108258,NESTO INLET CREEK-OUTER
1547,CM,CM-23,NA,NESTO INLET CREEK-INNER
1548,CM,CM-23,59101278,MERCER CREEK
1549,CM,CM-23,59100731,HOBBS CREEK
1550,CM,CM-23,59099245,MACE CREEK
1551,CM,CM-23,59096740,CELESTIAL RIVER
1552,CM,CM-23,59093100,COATES CREEK
1553,CM,CM-23,59091535,STEEL CREEK
1554,CM,CM-23,59090886,PORT LOUIS CREEK-OUTER
1555,CM,CM-23,59082999,OTARD CREEK
1557,CM,CM-25,59034230,STANLEY CREEK
1558,CM,CM-24,59040314,DAVIDSON CREEK
1559,CM,CM-24,59043575,NADEN RIVER
1560,CM,CM-24,59036734,LIGNITE CREEK
1563,CM,CM-24,59091284,AIN RIVER
1565,CM,CM-24,59096367,DINAN CREEK
1566,CM,CM-24,59097851,MCCLINTON CREEK
1567,CM,CM-24,59098341,AWUN RIVER
1568,CM,CM-24,59105284,DATLAMEN CREEK
1570,CM,CM-24,59100644,MAMIN RIVER
1571,CM,CM-24,59099140,YAKOUN RIVER
1575,CM,CM-24,59029083,SANGAN RIVER
1576,CM,CM-24,59024018,HIELLEN RIVER
1577,CM,CM-21,137000873,BLAINE CREEK
1578,CM,CM-21,137001827,MACINTYRE CREEK
1579,CM,CM-21,137002460,COPPER CREEK
1581,CM,CM-21,137005456,GRAY BAY CREEK
1583,CM,CM-21,NA,AERO CREEK
1584,CM,CM-21,137011731,PALLANT CREEK
1585,CM,CM-21,137012778,BRAVERMAN CREEK
1586,CM,CM-21,137015359,CHADSEY CREEK
1587,CM,CM-21,137017779,CARMICHAEL CREEK
1588,CM,CM-21,137021535,LAGOON CREEK
1589,CM,CM-21,137022933,DASS CREEK
1590,CM,CM-21,137026475,SEWELL POINT CREEK
1591,CM,CM-21,137028355,WATERFALL CREEK
1592,CM,CM-21,137028688,SEWELL INLET CREEK
1593,CM,CM-21,137029457,CLINT CREEK
1594,CM,CM-21,NA,SEWELL INLET CREEK-L/H #2
1595,CM,CM-21,137029294,THORSEN CREEK
1596,CM,CM-21,137028859,LITTLE GOOSE CREEK
1597,CM,CM-21,137030078,BIG GOOSE CREEK
1598,CM,CM-21,137032279,PACOFI CREEK
1599,CM,CM-21,137034934,DANA CREEK #1
1600,CM,CM-21,NA,DANA CREEK #2
1601,CM,CM-21,137035942,DANA CREEK #3
1602,CM,CM-21,137039849,CRESCENT INLET CREEK
1603,CM,CM-21,137041147,LONGFELLOW CREEK
1604,CM,CM-21,137042528,ANNA INLET CREEK
1605,CM,CM-21,137042955,SALMON RIVER
1606,CM,CM-21,137044423,ECHO HARBOUR CREEK
1607,CM,CM-21,137055641,KOSTAN CREEK
1609,CM,CM-21,137059918,HUTTON CREEK-HEAD
1610,CM,CM-21,137059594,HUTTON CREEK-L/H
1611,CM,CM-21,137059040,MARKO CREEK
1612,CM,CM-21,137060782,MARSHALL INLET CREEK
1613,CM,CM-21,137061725,MATHESON CREEK-R/H
1614,CM,CM-21,137061818,MATHESON CREEK-L/H
1615,CM,CM-21,137061272,ARROW CREEK
1616,CM,CM-21,NA,HAIDA CREEK
1617,CM,CM-21,NA,SKAAT HARBOUR CREEK-R/H
1618,CM,CM-21,137064068,SKAAT HARBOUR CREEK-HEAD
1619,CM,CM-21,NA,SKAAT HARBOUR CREEK-L/H
1620,CM,CM-21,NA,FORGOTTEN CREEK
1621,CM,CM-21,137064850,ISLAND BAY CREEKS-R/H
1622,CM,CM-21,137065278,ISLAND BAY CREEKS-L/H
1623,CM,CM-21,NA,BURNABY STRAIGHTS CREEK
1624,CM,CM-21,137065367,BAG HARBOUR CREEK
1625,CM,CM-21,137065948,TANGLE COVE CREEK
1626,CM,CM-21,137067042,GEORGE BAY CREEK
1627,CM,CM-21,137067317,OXALIS CREEK
1628,CM,CM-21,137068669,HUSTON INLET CREEKS
1629,CM,CM-21,137067685,SURPRISE CREEKS
1630,CM,CM-21,137067353,JEDWAY CREEK
1631,CM,CM-21,NA,HARRIET CREEK
1632,CM,CM-21,137066999,IKEDA CREEK
1633,CM,CM-23,137067404,COLLISON BAY CREEK
1634,CM,CM-21,137067679,GONA POINT CREEK
1635,CM,CM-21,137069231,CARPENTER BAY CREEK
1636,CM,CM-21,137070019,SOUTH COVE CREEK
1637,CM,CM-21,137070042,KOYA CREEK
1638,CM,CM-21,137070679,RASPBERRY CREEK
1639,CM,CM-21,NA,KENDRICK POINT CREEK
1640,CM,CM-21,137069920,SEDMOND CREEK
1641,CM,CM-23,NA,FANNY CREEK
1642,CM,CM-23,137068342,LOUSCOONE INLET CREEK
1643,CM,CM-23,137070617,LOUSCOONE INLET CREEK-OUTER
1644,CM,CM-23,NA,SPERM BAY CREEK
1645,CM,CM-23,NA,STAKI CREEK
1646,CM,CM-23,NA,FLAMINGO INLET CREEK
1647,CM,CM-23,137063475,YAKULANAS CREEK
1648,CM,CM-23,137061742,GOSKI BAY CREEK
1649,CM,CM-23,137039128,FAIRFAX INLET CREEK-OUTER
1650,CM,CM-23,137040599,FAIRFAX CREEK
1651,CM,CM-23,137040232,BOTANY INLET CREEK-OUTER
1652,CM,CM-23,137041095,BOTANY INLET CREEK-HEAD
1653,CM,CM-23,137038019,WILSON BAY CREEK
1654,CM,CM-23,137035487,FLAT CREEK
1655,CM,CM-23,137035168,EDWARDS CREEK
1656,CM,CM-23,137029842,TASU CREEK
1657,CM,CM-23,137035391,LOMGON BAY CREEK
1658,CM,CM-23,137030581,KOOTENAY INLET SOUTH ARM CREEK
1659,CM,CM-23,137027809,KOOTENAY INLET NORTH ARM CREEK
1660,CM,CM-23,137021765,BOTTLE INLET CREEK
1661,CM,CM-23,137021429,DOUGLAS INLET CREEK-R/H
1662,CM,CM-23,137021329,DOUGLAS INLET CREEK-HEAD
1663,CM,CM-23,137021130,GOLD HARBOUR CREEK
1664,CM,CM-23,137020627,MORESBY CREEK
1665,CM,CM-23,NA,MUDGE CREEK
1666,CM,CM-23,137018252,PEEL INLET HEAD CREEK
1667,CM,CM-23,137016294,PEEL INLET CREEK-L/H #2
1668,CM,CM-23,137015420,PEEL INLET CREEK-L/H #1
1669,CM,CM-23,137013993,INSKIP CREEK
1670,CM,CM-23,137010261,SECURITY INLET CREEK-R/H
1671,CM,CM-23,137009478,SECURITY INLET CREEK-L/H
1672,CM,CM-23,137010788,MCKENZIE COVE CREEK
1673,CM,CM-23,137010438,BOOMCHAIN BAY CREEK
1674,CM,CM-22,NA,BUCK CHANNEL CREEK #1
1675,CM,CM-22,NA,BUCK CHANNEL CREEK #3
1676,CM,CM-22,NA,BUCK CHANNEL CREEK #8
1677,CM,CM-22,137004540,CANOE PASS CREEK
1678,CM,CM-22,137002333,BROWNS CABIN CREEK
1679,CM,CM-22,NA,EAST NARROWS DOLPHIN CREEK
1680,CM,CM-22,NA,EAST NARROWS CREEK
1681,CM,CM-22,NA,EAST NARROWS CAN BUOY CREEK
1683,CM,CM-22,137002178,DEENA CREEK
1684,CM,CM-22,137002383,CAMERON CREEK
1685,CM,CM-22,137002270,SOUTH BAY CREEK
1686,CM,CM-22,137001764,SOUTH BAY DUMP CREEK
1687,CM,CM-22,137000794,MACMILLAN CREEK
1688,CM,CM-22,137000306,SACHS CREEK
1690,CM,CM-21,137000006,HAANS CREEK
1692,CM,CM-21,137022647,SKEDANS CREEK
1693,CM,CM-21,137027999,BREAKER BAY CREEK
1694,CM,CM-21,137027338,TRAYNOR CREEK
1695,CM,CM-21,137015372,MATHERS CREEK
1697,CM,CM-21,137017647,WASTE CREEK
1699,CM,CM-21,NA,THURSTON HARBOUR CREEK
1700,CM,CM-21,137031838,TALUNKWAN CREEK
1701,CM,CM-21,137038230,TANU ISLAND CREEK
1703,CM,CM-21,137042300,MOORE CREEK
1704,CM,CM-21,137044866,TAKELLY COVE CREEK
1705,CM,CM-21,137046030,BELJAY BAY CREEK
1706,CM,CM-21,137044369,SANDY CREEK
1707,CM,CM-21,137047202,POWRIVCO CREEK
1708,CM,CM-21,137047573,RICHARDSON CREEK
1709,CM,CM-21,137046368,WINDY BAY CREEK
1710,CM,CM-21,137049467,GATE CREEK
1711,CM,CM-21,137053757,KOGANGAS CREEK
1712,CM,CM-21,137051508,LANDRICK CREEK
1713,CM,CM-21,137049689,SEDGWICK BAY CREEK
1714,CM,CM-21,137051609,BERESFORD BAY CREEK
1715,CM,CM-21,137063192,SCUDDER POINT CREEK
1716,CM,CM-21,NA,POOLE INLET CREEKS
1717,CM,CM-21,NA,BURNABY NARROWS CREEK-FIRST R/H
1718,CM,CM-21,NA,BURNABY NARROWS CREEK-SECOND R/H
1719,CM,CM-21,NA,MARKER CREEK
1720,CM,CM-21,NA,SECTION COVE CREEK-RH
1721,CM,CM-21,137062679,ALDER ISLAND CREEK
1722,CM,CM-21,137071053,ROSE HARBOUR CREEK
1723,CM,CM-21,NA,MOODY CREEK
1724,CM,CM-21,137071276,HEATER HARBOUR CREEK
1725,CM,CM-21,137071778,BALCOM INLET CREEK
1726,CM,CM-21,137071840,LUXANA CREEK
1732,CM,CM-26,244067912,KLOIYA RIVER
1733,CM,CM-26,244068157,DIANA LAKE CREEK
1734,CM,CM-26,244068115,PRUDHOMME CREEK
1735,CM,CM-26,244066099,DENISE CREEK
1736,CM,CM-26,244064015,SHAWATLAN RIVER
1737,CM,CM-26,244059678,SILVER CREEK
1738,CM,CM-26,244063301,MCNICHOL CREEK
1739,CM,CM-26,244048754,LA HOU CREEK
1741,CM,CM-26,244030092,BRUNDIGE CREEK
1742,CM,CM-26,244026443,SANDY BAY CREEK
1743,CM,CM-26,244027151,WHITLY POINT CREEK
1744,CM,CM-26,244039650,STUMAUN CREEK
1748,CM,CM-30,244065698,LACHMACH RIVER
1749,CM,CM-30,244064197,LEVERSON CREEK
1750,CM,CM-30,244049253,TOON RIVER
1751,CM,CM-30,244048458,ENSHESHESE RIVER
1752,CM,CM-30,244016971,SAM BAY CREEK
1753,CM,CM-30,244036124,LARCH CREEK
1754,CM,CM-30,244027464,KHUTZEYMATEEN RIVER
1755,CM,CM-30,244023424,MOUSE CREEK
1756,CM,CM-30,244006327,KSI X'ANMAS
1758,CM,CM-32,91065973,STAGOO CREEK
1759,CM,CM-32,91060676,PERRY BAY CREEK
1760,CM,CM-32,91054720,ILLIANCE RIVER
1761,CM,CM-32,91054395,WILAUKS CREEK
1762,CM,CM-32,91054225,KITSAULT RIVER
1763,CM,CM-32,91047105,OLH CREEK
1764,CM,CM-32,91038661,KSHWAN RIVER
1767,CM,CM-32,91066704,SALMON COVE CREEK
1768,CM,CM-32,91072624,DOGFISH CREEK
1769,CM,CM-30,244002490,LIZARD CREEK
1771,CM,CM-30,244007917,MANZANITA COVE CREEK
1772,CM,CM-30,244010292,TRACY BAY CREEK
1773,CM,CM-30,244004064,TURK CREEK
1774,CM,CM-32,91065606,BELLE BAY CREEK
1775,CM,CM-32,91056872,ROBERSON CREEK
1776,CM,CM-32,91053243,DONAHUE CREEK
1778,CM,CM-32,91028652,GEORGIE RIVER
1780,CM,CM-32,91012491,BEAR RIVER
1781,CM,CM-32,NA,RAINY CREEK
1784,CM,CM-15,154074913,DE COSMOS LAGOON CREEK
1785,CM,CM-15,154077869,CRAB HARBOUR CREEK
1786,CM,CM-15,154081514,WATT CREEK
1787,CM,CM-15,154080129,KILDIDT CREEK
1788,CM,CM-15,154074616,KILDIDT LAGOON CREEK #2
1789,CM,CM-15,154077983,STEWART CREEK
1791,CM,CM-15,NA,COOPER INLET-FANNIE COVE CREEKS
1792,CM,CM-15,154053008,GRASSY BAY CREEK
1793,CM,CM-15,154072819,KISAMEET RIVER
1794,CM,CM-15,154059698,SAGAR CREEK
1795,CM,CM-15,154058779,EVANS INLET CREEK #3
1796,CM,CM-15,154055448,HOOK NOSE CREEK
1797,CM,CM-15,154033687,FOUR LAKES CREEK
1798,CM,CM-15,NA,JENNY BAY CREEK
1799,CM,CM-15,154022131,GREEN BAY RIVER
1800,CM,CM-15,154050852,KADJUSDIS RIVER
1801,CM,CM-15,154051189,KUNSOOT RIVER
1802,CM,CM-15,154051338,DREW CREEK
1803,CM,CM-15,154042783,SCRIBNER CREEK
1804,CM,CM-15,154036446,SALLY CREEK
1805,CM,CM-15,154035361,LILIAN CREEK
1806,CM,CM-15,154033109,DEER PASS LAGOON CREEKS
1807,CM,CM-15,154024299,WEBSTER LAKE CREEK
1808,CM,CM-15,154045310,KWAKIUTL CREEK
1809,CM,CM-15,154052490,MCLOUGHLIN CREEK
1810,CM,CM-15,154059907,SHIP POINT CREEK
1811,CM,CM-18,154037178,WAHGILAH CREEK
1812,CM,CM-18,154036100,SOUND POINT LAGOON CREEK
1813,CM,CM-15,149092330,KWAKUSDIS RIVER
1814,CM,CM-15,149092201,HAUSER CREEK
1815,CM,CM-18,149069068,ROBINSON CREEKS
1816,CM,CM-18,149065920,BULLEY BAY CREEK
1817,CM,CM-18,92040262,PRICE CREEK
1820,CM,CM-18,92018715,KITASOO CREEK
1821,CM,CM-18,92035645,GULL CREEK
1822,CM,CM-18,92031861,OSMENT CREEK
1823,CM,CM-18,92024672,KWAKWA CREEK
1824,CM,CM-18,92015753,MEYERS PASS CREEK
1825,CM,CM-18,149015578,GORILLA CREEK
1826,CM,CM-18,149017261,REAK CREEK
1827,CM,CM-18,831911748,PENO CREEK
1828,CM,CM-18,149034567,CALDER CREEK
1829,CM,CM-18,149041834,LAGOON CREEK
1830,CM,CM-18,149038467,MARY COVE CREEK
1831,CM,CM-18,149028337,WATSON BAY CREEK
1832,CM,CM-18,149017045,BOTTLENECK CREEK
1833,CM,CM-19,149011941,JAMES BAY CREEK
1834,CM,CM-18,149028641,CANYON CREEK
1835,CM,CM-18,149021613,GEISH CREEK
1836,CM,CM-18,149003159,DUTHIE CREEK
1837,CM,CM-19,149003713,WINDY BAY CREEK
1838,CM,CM-20,120011452,CANOONA RIVER
1839,CM,CM-18,120038008,SODA CREEK
1840,CM,CM-18,120053064,LITTLE CREEK
1841,CM,CM-18,120055423,QUIGLEY CREEK
1842,CM,CM-18,120051318,POWLES CREEK
1843,CM,CM-18,120047278,BLEE CREEK
1844,CM,CM-18,120035826,BLOOMFIELD CREEK
1845,CM,CM-18,120035979,FIFER COVE CREEK
1846,CM,CM-18,120032851,DALLY CREEK
1848,CM,CM-19,120024797,OTTY CREEK
1850,CM,CM-18,120021809,ARNOUP CREEK
1851,CM,CM-18,120025834,RONALD CREEK
1852,CM,CM-18,120028042,NIAS CREEK
1853,CM,CM-18,120028983,PACKE CREEK
1854,CM,CM-18,120035969,TYLER CREEK
1855,CM,CM-18,120036184,PYNE CREEK
1856,CM,CM-18,120042636,BUSEY CREEK
1857,CM,CM-18,120049922,TRAHEY CREEK
1858,CM,CM-18,120053791,STEEP CREEK
1859,CM,CM-18,120054912,DALLAIN CREEK
1860,CM,CM-18,120049258,TALAMOOSA CREEK
1861,CM,CM-18,120046987,KENT INLET LAGOON CREEK
1862,CM,CM-18,120039725,EVINRUDE CREEK
1863,CM,CM-18,120036818,WALE CREEK
1864,CM,CM-18,120030182,ARGYH CREEK
1865,CM,CM-18,120020493,PENN CREEK
1866,CM,CM-18,120022756,ROLAND CREEK
1867,CM,CM-18,120019042,DOUGLAS CREEK
1868,CM,CM-18,120020502,CHAPPLE CREEK
1869,CM,CM-18,120012647,BARNARD CREEK
1870,CM,CM-18,120005834,WEST ARM CREEK
1871,CM,CM-18,120004702,EAST ARM CREEK
1872,CM,CM-20,120001199,WHALEN CREEK
1873,CM,CM-18,92000713,DEVIL CREEK
1874,CM,CM-18,92007393,LIMESTONE CREEK
1875,CM,CM-18,92008694,FURY CREEK
1876,CM,CM-18,92033730,DON CREEK
1877,CM,CM-18,92035793,LINNEA CREEK
1878,CM,CM-18,92027432,DUFFEY CREEK
1879,CM,CM-18,92026557,NOBLE CREEK
1880,CM,CM-18,92028608,KDELMASHAN CREEK
1881,CM,CM-18,92023690,SENTINEL CREEK
1882,CM,CM-18,92013164,CLIFFORD CREEK
1883,CM,CM-18,92012685,FLUX CREEK
1884,CM,CM-18,92012999,MCDONALD CREEK
1885,CM,CM-18,92008286,LITTLE KETTLE CREEK
1886,CM,CM-18,92008324,SALMON CREEK
1887,CM,CM-18,92008135,EAGLE CREEK
1888,CM,CM-18,92006988,TRENEMAN CREEK
1889,CM,CM-18,92003777,STANNARD CREEK-EAST BRANCH
1890,CM,CM-18,92003777,STANNARD CREEK
1891,CM,CM-18,92003292,WEST CREEK
1892,CM,CM-18,92000574,WEST CREEK and LAKE
1893,CM,CM-18,76044686,ESTEVAN CREEK
1894,CM,CM-18,76041739,CARTWRIGHT CREEK
1895,CM,CM-18,76035679,MCMICKING CREEK
1897,CM,CM-18,76033821,GIL CREEK
1898,CM,CM-18,76033891,LEDGE CREEK
1899,CM,CM-18,76033386,WINDY ISLAND CREEK
1900,CM,CM-18,76023532,BLACK ROCK CREEK
1901,CM,CM-18,76020337,TURN CREEK
1902,CM,CM-18,76018854,CRANE BAY CREEK
1903,CM,CM-18,76008213,TURTLE CREEK
1904,CM,CM-20,79026269,GRIBBELL ISLAND CREEK
1905,CM,CM-20,79016490,RIORDAN CREEK
1906,CM,CM-20,79008002,EVELYN CREEK
1907,CM,CM-20,79008705,VERNEY PASSAGE CREEK
1908,CM,CM-20,79008972,FISHTRAP BAY CREEK
1909,CM,CM-20,79009042,LITTLE TILLHORN CREEK
1910,CM,CM-20,79007870,BIG TILLHORN CREEK
1911,CM,CM-18,NA,LAGOON CREEK
1912,CM,CM-18,93067655,STEWART CREEK
1913,CM,CM-18,93004361,FALSE STEWART CREEK
1914,CM,CM-18,93005744,PA-AAT RIVER
1915,CM,CM-18,93043348,SALTER LAKE CREEK
1916,CM,CM-18,93068963,TSIMTACK LAKE CREEK
1917,CM,CM-18,93072676,CRIDGE INLET CREEK
1918,CM,CM-18,93075374,TUWARTZ CREEK
1919,CM,CM-18,93076793,CHERRY CREEK
1920,CM,CM-18,93073855,MONCKTON INLET CREEK
1921,CM,CM-18,93070136,PORT STEPHENS CREEK
1922,CM,CM-18,93067159,OAR POINT CREEK
1923,CM,CM-18,93061107,MIKADO LAKE CREEK
1924,CM,CM-18,93058603,DEVON LAKE CREEK
1925,CM,CM-18,93051163,CURTIS INLET CREEK
1926,CM,CM-18,93045900,SHENEEZA CREEK
1927,CM,CM-18,93042652,WILSON CREEK
1928,CM,CM-18,93033276,MARKLE INLET CREEK
1929,CM,CM-18,93028605,HEVENOR INLET CREEK
1930,CM,CM-18,93013848,NEWCOMBE HARBOUR CREEK
1931,CM,CM-18,93005522,CAPTAIN COVE CREEK
1932,CM,CM-26,93003260,ALPHA CREEK
1933,CM,CM-18,153005881,END HILL CREEK
1934,CM,CM-18,127000689,SPENCER CREEK
1935,CM,CM-18,127016063,BOLTON CREEK
1936,CM,CM-18,76002367,KOORYET CREEK
1937,CM,CM-18,76006441,KEECHA CREEK
1938,CM,CM-18,76015482,DEER LAKE CREEK
1940,CM,CM-18,76001964,LEWIS CREEK
1941,CM,CM-18,127024160,INDIAN HARBOUR CREEK
1942,CM,CM-18,127020643,BANKS LAKES CREEK
1944,CM,CM-18,127000677,BONILLA LAKE CREEK
1945,CM,CM-18,153012495,SKULL CREEK
1946,CM,CM-18,153008917,RAWLINSON ANCHORAGE CREEK
1947,CM,CM-18,153000787,DEADMAN CREEK
1948,CM,CM-18,93020031,SHAW CREEK
1949,CM,CM-18,93030608,RYAN CREEK
1950,CM,CM-18,93022508,KESWAR CREEK
1951,CM,CM-18,93014222,HANKIN CREEK
1952,CM,CM-26,169003101,HUMPBACK CREEK
1953,CM,CM-26,169004960,CHISMORE CREEK
1954,CM,CM-26,169005717,SPILLER RIVER
1955,CM,CM-26,169010477,OONA RIVER
1956,CM,CM-26,169016101,BILLY CREEK
1959,CM,CM-26,169009626,HEAD CREEK
1960,CM,CM-26,169004617,FOOTE CREEK
1961,CM,CM-26,169007531,PORCHER CREEK
1962,CM,CM-26,169014210,PHOENIX CREEK
1964,CM,CM-26,169011146,KITKATLA CREEK
1965,CM,CM-26,169004468,LITTLE USELESS CREEK
2030,CM,CM-18,92017154,KLEMTU CREEK
2090,CM,CM-17,9016700,AIRPORT SIDE CHANNEL
2092,CM,CM-17,NA,GARBAGE DUMP CREEK
2093,CM,CM-17,NA,GEORGE HALL CREEK
2095,CM,CM-17,9016700,SKIMLETS CREEK
2096,CM,CM-15,154059672,WALKER ISLAND CREEK
2100,CM,CM-27,87043781,LEGATE CREEK
2108,CM,CM-28,NA,BABINE RIVER-SECTION 5
2236,CM,CM-32,91052803,DAK RIVER
2239,CM,CM-16,9017502,CLAYTON FALLS CREEK
2241,CM,CM-16,9017995,TASTSQUAN CREEK
2242,CM,CM-16,9017763,THORSEN CREEK
2244,CM,CM-17,9018189,NOOHALK CREEK
2245,CM,CM-16,9016331,NOOKLIKONNIK CREEK
2246,CM,CM-17,9017118,FISH CREEK
2250,CM,CM-16,9014200,NUSATSUM RIVER
2304,CM,CM-22,NA,SLATECHUCK CREEK-R/H
2306,CM,CM-23,137033873,CRAZY CREEK
2307,CM,CM-30,244013028,CROW LAGOON CREEK
2308,CM,CM-30,244036108,CEDAR CREEK
2309,CM,CM-30,244010924,TRACY BAY CREEK #2
2311,CM,CM-30,244002952,PIRATE COVE CREEK
2312,CM,CM-30,244003599,CRAG CREEK
2313,CM,CM-26,244025505,BRUNDIGE CREEK-WEST
2341,CM,CM-22,NA,BUCK CHANNEL CREEK #5
2342,CM,CM-22,NA,BUCK CHANNEL CREEK #2
2344,CM,CM-27,87056749,ALICE CREEK
2601,CM,CM-27,123045653,DASQUE CREEK
2603,CM,CM-27,87053915,HARDSCRABBLE CREEK
2612,CM,CM-22,NA,BUCK CHANNEL CREEK #4
2651,CM,CM-22,NA,BUCK CHANNEL CREEK #6
2683,CM,CM-15,154063002,COOPER INLET-ADA COVE CREEK
2686,CM,CM-15,154063349,JANE CREEK
2687,CM,CM-15,154064017,COOPER INLET-FANNIE COVE LH CREEK
2688,CM,CM-15,149081957,BULLOCK CHANNEL EAST CREEK
2689,CM,CM-15,149077382,BULLOCK CHANNEL #2 CREEK
2690,CM,CM-15,149084071,BULLOCK CHANNEL #3 NORTH CREEK
2691,CM,CM-15,149090368,BULLOCK CHANNEL #3 SOUTH CREEK
2692,CM,CM-15,154033096,JENNY BAY WEST CREEK
2693,CM,CM-15,154035242,JENNY BAY SOUTH CREEK
2708,CM,CM-15,154064017,COOPER INLET-FANNIE COVE RH CREEK
2737,CM,CM-27,123028175,WHITEBOTTOM CREEK
2747,CM,CM-18,93056718,RED BLUFF CREEK
2800,CM,CM-28,82026141,COYOTE CREEK
2830,CM,CM-18,120044603,KAMIN CREEK
2831,CM,CM-18,120038622,GOIN CREEK
3403,CM,CM-16,9015022,SALLOOMT RIVER
3546,CM,CM-22,NA,SLEEPING BEAUTY CREEK
3547,CM,CM-22,NA,BRANCH 10 CREEK
3553,CM,CM-20,79011999,HAWKSBURY ISLAND CREEK
3555,CM,CM-15,154031533,JENNY BAY EAST CREEK
358,CM,CM-16,3020927,ATNARKO SPAWNING CHANNEL
372,CM,CM-12,162132931,NEKITE SPAWNING CHANNEL
390,CM,CM-12,162127653,PERRY CREEK
410,CM,CM-15,149043897,SPILLER INLET CREEK
429,CM,CM-18,120002876,LADEKIN CREEK
443,CM,CM-27,NA,SKEENA RIVER-WEST
444,CM,CM-27,123027279,EXSTEW SLOUGH
445,CM,CM-27,123025362,SHAMES SLOUGH
447,CM,CM-27,123061979,ECSTALL RIVER
449,CM,CM-27,123081694,MADELINE CREEK
450,CM,CM-27,123083174,BIG FALLS CREEK
451,CM,CM-27,123088179,LOCKERBY CREEK
453,CM,CM-27,123091651,SPARKLING CREEK
454,CM,CM-27,123093131,JOHNSTON CREEK
455,CM,CM-27,123093131,JOHNSTON LAKE
456,CM,CM-27,123053244,KHYEX RIVER
459,CM,CM-27,123042822,KASIKS RIVER
460,CM,CM-27,123043312,GITNADOIX RIVER
462,CM,CM-27,123043171,CLAY CREEK
463,CM,CM-27,123047918,DOG TAG CREEK
464,CM,CM-27,123060890,MAGAR CREEK
465,CM,CM-27,123079403,KADEEN CREEK
468,CM,CM-27,123031244,ANDESITE CREEK
469,CM,CM-27,123027279,EXSTEW RIVER
470,CM,CM-27,123025362,SHAMES RIVER
471,CM,CM-27,123025829,MIDDLE CREEK
473,CM,CM-27,87083765,ZYMAGOTITZ RIVER
474,CM,CM-27,87077813,ERLANDSEN CREEK
477,CM,CM-27,87071424,KLEANZA CREEK
481,CM,CM-27,87059752,SHANNON CREEK
482,CM,CM-27,87026593,FIDDLER CREEK
483,CM,CM-27,87020046,LORNE CREEK
486,CM,CM-28,82069086,PRICE CREEK
488,CM,CM-28,82068481,KITWANGA RIVER
489,CM,CM-28,82058210,MOONLIT CREEK
491,CM,CM-28,82066660,COMEAU CREEK
493,CM,CM-28,82063679,CHICAGO CREEK
504,CM,CM-27,123039608,EXCHAMSIKS RIVER
505,CM,CM-27,109000272,LAKELSE RIVER
508,CM,CM-27,109003276,HERMAN CREEK
511,CM,CM-27,109005007,SCHULBUCKHAND CREEK
520,CM,CM-27,87081519,KITSUMKALUM RIVER-UPPER
521,CM,CM-27,87081519,KITSUMKALUM RIVER-LOWER
523,CM,CM-27,87074546,DEEP CREEK
533,CM,CM-27,245024871,ZYMOETZ RIVER-LOWER
537,CM,CM-28,82069113,KITSEGUECLA RIVER
542,CM,CM-28,17011371,STATION CREEK
544,CM,CM-28,17010064,HAROLD PRICE CREEK
566,CM,CM-28,82055449,KISPIOX RIVER
567,CM,CM-28,82051187,DATE CREEK
568,CM,CM-28,82046609,HEVENOR CREEK
569,CM,CM-28,82040500,MCCULLY CREEK
571,CM,CM-28,82033779,CULLON CREEK
579,CM,CM-28,82024946,SWEETIN RIVER
581,CM,CM-28,82024493,NANGEESE RIVER
593,CM,CM-28,NA,BABINE RIVER-SECTION 4
629,CM,CM-31,NA,NASS RIVER
630,CM,CM-32,111070204,KSI GINGOLX
631,CM,CM-30,111077435,CHAMBERS CREEK
634,CM,CM-31,111074399,KSGYUKWSA'A
635,CM,CM-31,111069841,XNUKW
636,CM,CM-31,111069484,QUILGAUW CREEK
639,CM,CM-31,111067959,GINLULAK CREEK
641,CM,CM-31,111063876,KSI MAT'IN
642,CM,CM-31,111062742,KSEMAMAITH CREEK
643,CM,CM-31,111057520,ANSEDAGAN CREEK
644,CM,CM-31,111055036,WEGILADAP CREEK
645,CM,CM-31,111055359,KWINYARH CREEK
646,CM,CM-31,111052708,WILYAYAANOOTH CREEK
647,CM,CM-31,111053629,KSI TS'OOHL TS'AP
648,CM,CM-31,111053629,KSI TS'OOHL TS'AP
649,CM,CM-31,111049156,VETTER CREEK
651,CM,CM-31,111046191,KSI SII AKS
652,CM,CM-31,111046191,KSI SII AKS
653,CM,CM-31,111046174,GINGIT CREEK
654,CM,CM-31,111048760,GITZYON CREEK
655,CM,CM-31,111038899,KSI SGASGINIST
661,CM,CM-31,111072066,KSI HLGINX
7990583,CM,CM-15,154054153,HOCHSTADER BASIN CREEK
7990588,CM,CM-15,NA,RETURN CHANNEL CREEK
7990591,CM,CM-18,NA,RESCUE BAY CREEK
7990611,CM,CM-15,149070368,WORAN CREEK
7990614,CM,CM-20,83014333,KITLOPE RIVER
7990621,CM,CM-15,NA,CHOKE PASS CREEKS
7990623,CM,CM-18,76013574,KENZUWASH CREEKS
7990641,CM,CM-22,NA,BUCK CHANNEL CREEK #7
913,CM,CM-12,162146876,TAKUSH RIVER
914,CM,CM-12,162150536,DOCEE RIVER
917,CM,CM-12,162139258,WALKUM CREEK
918,CM,CM-12,162132931,NEKITE RIVER
926,CM,CM-12,162135116,HOGAN CREEK
928,CM,CM-12,162131822,DRANEY CREEK
929,CM,CM-12,162131635,LOCKHART GORDON CREEK
930,CM,CM-12,162124605,ALLARD CREEK
931,CM,CM-12,162118726,JOHNSTON CREEK
934,CM,CM-13,162081481,NICKNAQUEET RIVER
935,CM,CM-14,162080164,WANNOCK RIVER
937,CM,CM-13,162077543,AMBACK CREEK
938,CM,CM-13,162082680,DALLERY CREEK
939,CM,CM-13,162079248,ASHLULM CREEK
940,CM,CM-13,162085116,MACHMELL RIVER
941,CM,CM-13,162088027,NEECHANZ RIVER
942,CM,CM-13,162085007,GENESEE CREEK
943,CM,CM-13,162068572,SHEEMAHANT RIVER
945,CM,CM-13,162037214,WASHWASH RIVER
947,CM,CM-13,162071799,KILBELLA RIVER
948,CM,CM-13,162069950,CHUCKWALLA RIVER
949,CM,CM-13,158044396,CLYAK RIVER
950,CM,CM-13,158041445,YOUNG RIVER
951,CM,CM-13,158040674,NIEL CREEK
952,CM,CM-13,158051613,MILTON RIVER
953,CM,CM-13,158059155,MACNAIR CREEK
954,CM,CM-13,158059522,DORIS CREEK
955,CM,CM-15,158076176,BEAVER CREEK
957,CM,CM-15,158051884,KOEYE RIVER
958,CM,CM-15,158048901,COLD CREEK
959,CM,CM-15,158044798,NAMU RIVER
960,CM,CM-15,158036949,NOOTUM RIVER
961,CM,CM-15,158025415,QUATLENA RIVER
962,CM,CM-15,158020497,KWATNA RIVER
963,CM,CM-15,158000005,THORWALD CREEK
964,CM,CM-16,162015169,ASSEEK RIVER
965,CM,CM-16,162009903,TALEOMEY RIVER
966,CM,CM-16,162009366,NOEICK RIVER
967,CM,CM-16,9037401,CAMP CREEK
968,CM,CM-17,9016700,BELLA COOLA RIVER
969,CM,CM-17,9016729,SNOOTLI CREEK
971,CM,CM-16,154019063,NECLEETSCONNAY RIVER
972,CM,CM-16,154019010,NIEUMIAMUS CREEK
973,CM,CM-16,154021603,NOOSESECK RIVER
974,CM,CM-16,154004202,NUSASH CREEK
975,CM,CM-16,100053590,DEAN RIVER
976,CM,CM-16,83083301,GRANTHAM CREEK
977,CM,CM-16,83071057,KIMSQUIT RIVER
978,CM,CM-16,149044492,SKOWQUILTZ RIVER
979,CM,CM-16,149049096,DEEP BAY CREEK
980,CM,CM-16,149059630,STEELHEAD CREEK
981,CM,CM-16,149069677,NASCALL CREEK
983,CM,CM-15,149041873,CASCADE RIVER
984,CM,CM-15,149079673,ELCHO CREEK
985,CM,CM-15,149090720,FRENCHMAN CREEK
986,CM,CM-15,149085485,MARTIN RIVER
987,CM,CM-15,149096818,GOAT BUSHU CREEK
988,CM,CM-15,149095873,WALKER LAKE CREEK
989,CM,CM-15,149089693,CLATSE CREEK
990,CM,CM-15,149070422,RAINBOW CREEK
991,CM,CM-15,149065760,ROSCOE CREEK
992,CM,CM-15,149059812,LEE CREEK
993,CM,CM-15,149059390,QUARTCHA CREEK
994,CM,CM-15,149079974,EMILY CREEK
995,CM,CM-15,NA,BULLOCK CHANNEL CREEKS
996,CM,CM-15,149056620,ELLERSLIE LAGOON CREEK
997,CM,CM-15,149031920,PINE RIVER
998,CM,CM-15,149062892,CHEENIS LAKE CREEK
999,CM,CM-15,149064939,NEEKAS CREEK
1000,PKE,PKE-05,149082250,SPILLER LAGOON CREEK
1001,PKE,PKE-05,149091437,TANKEEAH RIVER
1002,PKE,PKE-05,149094030,TUNO CREEK-EAST
1004,PKE,PKE-05,149080951,WINDFALL CREEK
1005,PKE,PKE-05,149079878,TOM BAY CREEK
1006,PKE,PKE-05,149071964,NAMELESS CREEK
1007,PKE,PKE-05,149063521,SALMON BAY CREEK
1008,PKE,PKE-05,149049223,HIRD POINT CREEK
1009,PKE,PKE-06,149012515,LARD CREEK
1010,PKE,PKE-06,83094864,KAINET CREEK
1011,PKE,PKE-06,83094514,BIG CREEK
1012,PKE,PKE-06,83090488,BIG BAY CREEK
1013,PKE,PKE-06,83080893,KORICH CREEK
1014,PKE,PKE-06,83065179,POISON COVE CREEK
1015,PKE,PKE-06,83062228,MUSSEL RIVER
1016,PKE,PKE-06,79070192,BOLIN BAY CREEK
1017,PKE,PKE-06,79069755,CARTER RIVER
1018,PKE,PKE-06,79055688,GREEN RIVER
1019,PKE,PKE-06,79056907,TAYLOR CREEK
1020,PKE,PKE-06,79051273,MARSHALL CREEK
1021,PKE,PKE-06,79051461,KHUTZE RIVER
1022,PKE,PKE-06,79047964,HEAD CREEK
1023,PKE,PKE-06,79047759,AALTANHASH RIVER
1024,PKE,PKE-06,79045811,MARMOT COVE CREEK
1025,PKE,PKE-06,79041870,SCOW BAY CREEK
1026,PKE,PKE-06,79040230,KLEKANE RIVER
1027,PKE,PKE-06,79032114,ANGLER COVE CREEK
1028,PKE,PKE-06,79026546,GOAT RIVER
1029,PKE,PKE-06,79012614,PARIL RIVER
1030,PKE,PKE-06,79033129,KILTUISH RIVER
1031,PKE,PKE-06,79031820,KOWESAS RIVER
1033,PKE,PKE-06,208067058,TSAYTIS RIVER
1034,PKE,PKE-06,208046476,KEMANO RIVER
1035,PKE,PKE-06,208045196,WAHOO CREEK
1036,PKE,PKE-06,208041140,BRIM RIVER
1037,PKE,PKE-06,208050285,HOTSPRING CREEK
1038,PKE,PKE-06,208030918,CRAB RIVER
1039,PKE,PKE-06,208017927,PIKE CREEK
1040,PKE,PKE-06,208015780,WEEWANIE CREEK
1041,PKE,PKE-06,208012341,HUGH CREEK
1042,PKE,PKE-06,208004027,EAGLE BAY CREEK
1043,PKE,PKE-06,208002390,FALLS RIVER
1044,PKE,PKE-06,208001856,KILDALA RIVER
1045,PKE,PKE-06,84074864,DALA RIVER
1046,PKE,PKE-06,84052866,WATHL CREEK
1047,PKE,PKE-06,84044506,MINETTE BAY CREEK
1049,PKE,PKE-06,84042128,PINE CREEK
1050,PKE,PKE-06,84047040,KITIMAT RIVER
1054,PKE,PKE-06,84032711,HIRSCH CREEK
1057,PKE,PKE-06,84027707,LITTLE WEDEENE RIVER
1060,PKE,PKE-06,84025282,WEDEENE RIVER
1067,PKE,PKE-06,84023080,NALBEELAH CREEK
1068,PKE,PKE-06,84017212,HUMPHRYS CREEK
1071,PKE,PKE-06,84014401,CECIL CREEK
1072,PKE,PKE-06,84006854,CHIST CREEK
1077,PKE,PKE-06,84045138,ANDERSON CREEK
1080,PKE,PKE-06,84062892,BISH CREEK
1081,PKE,PKE-06,84066084,EMSLEY CREEK
1082,PKE,PKE-06,84065405,GILTTOYEES CREEK
1083,PKE,PKE-06,84075196,FOCH RIVER
1084,PKE,PKE-06,84084020,KIHESS CREEK
1085,PKE,PKE-06,84084602,KITKIATA CREEK
1086,PKE,PKE-06,93029414,QUAAL RIVER
1087,PKE,PKE-05,93042617,KISKOSH CREEK
1088,PKE,PKE-05,93053887,MISSED CREEK
1089,PKE,PKE-05,93061083,KEESIL CREEK
1090,PKE,PKE-05,93063794,GABION RIVER
1091,PKE,PKE-05,93056762,BELOWE CREEK
1093,PKE,PKE-05,93022618,KLEWNUGGIT INLET CREEK
1094,PKE,PKE-05,93009612,KXNGEAL CREEK
1095,PKE,PKE-05,93008551,NORTHNESS CREEK
1097,PKE,PKE-05,93003048,KUMEALON CREEK
1098,PKE,PKE-07,93002312,NORTH KUMEALON CREEK
1099,PKE,PKE-07,93000875,MOORE COVE CREEK
11570,PKE,PKE-07,91062749,GRANBY BAY CREEK
1497,PKE,PKE-10,59104074,TLELL RIVER
1502,PKE,PKE-10,59129302,CHINUKUNDL CREEK
1507,PKE,PKE-10,59137260,CHARLIE HARTIE CREEK
1508,PKE,PKE-10,59137217,GORE BROOK
1509,PKE,PKE-10,59137247,CRABAPPLE BROOK
1511,PKE,PKE-10,59137587,HONNA RIVER
1512,PKE,PKE-10,59138132,TARUNDL CREEK
1513,PKE,PKE-10,59137823,OUTLOOK CREEK
1514,PKE,PKE-10,59139242,SLATECHUCK CREEK
1515,PKE,PKE-10,59140497,MUD BAY CREEK
1516,PKE,PKE-10,59137981,LAGINS CREEK-RH
1517,PKE,PKE-10,59138629,LAGINS CREEK
1518,PKE,PKE-10,59141214,INDIAN CABIN CREEK-R/H
1519,PKE,PKE-10,59141185,INDIAN CABIN CREEK
1520,PKE,PKE-10,59142151,SALTSPRING BAY CREEK
1521,PKE,PKE-10,NA,SALTSPRING BAY CREEK-L/H
1522,PKE,PKE-10,59143249,TWO TORRENT CREEK
1523,PKE,PKE-11,NA,NORTH ARM CREEK-RH
1524,PKE,PKE-11,59141550,NORTH ARM HEAD CREEK
1525,PKE,PKE-11,59143226,WEST NARROWS CREEK
1526,PKE,PKE-11,59142185,DAWSON HARBOUR CREEK
1527,PKE,PKE-11,59138185,DAWSON INLET CREEK
1529,PKE,PKE-11,59129831,KANO INLET CREEK-OUTER
1530,PKE,PKE-11,NA,GIVENCHY ANCHORAGE CREEK
1531,PKE,PKE-11,59125940,KANO INLET CREEK-HEAD
1532,PKE,PKE-11,59121800,CONE HEAD CREEK
1533,PKE,PKE-11,59125724,INDIAN BAY CREEK
1535,PKE,PKE-11,59131303,RENNELL CREEK
1536,PKE,PKE-11,59128765,MOUNTAIN CREEK
1537,PKE,PKE-11,59127402,ROCKRUN CREEK
1538,PKE,PKE-11,59126981,SHIELDS CREEK
1539,PKE,PKE-11,59125448,YAKOUN TRAIL CREEK
1540,PKE,PKE-11,59121178,RILEY CREEK
1541,PKE,PKE-11,59120161,GREGORY CREEK
1542,PKE,PKE-11,59119527,BONANZA CREEK
1543,PKE,PKE-11,59114101,TARTU INLET CREEK-OUTER
1544,PKE,PKE-11,59111582,TARTU INLET CREEK-HEAD
1545,PKE,PKE-11,59106904,SEAL INLET CREEK
1546,PKE,PKE-11,59108258,NESTO INLET CREEK-OUTER
1547,PKE,PKE-11,NA,NESTO INLET CREEK-INNER
1548,PKE,PKE-11,59101278,MERCER CREEK
1550,PKE,PKE-11,59099245,MACE CREEK
1551,PKE,PKE-11,59096740,CELESTIAL RIVER
1553,PKE,PKE-11,59091535,STEEL CREEK
1554,PKE,PKE-11,59090886,PORT LOUIS CREEK-OUTER
1555,PKE,PKE-11,59082999,OTARD CREEK
1556,PKE,PKE-09,59003619,JALUN RIVER
1557,PKE,PKE-09,59034230,STANLEY CREEK
1558,PKE,PKE-09,59040314,DAVIDSON CREEK
1559,PKE,PKE-09,59043575,NADEN RIVER
1560,PKE,PKE-09,59036734,LIGNITE CREEK
1562,PKE,PKE-09,59090066,BILL CREEK
1563,PKE,PKE-09,59091284,AIN RIVER
1565,PKE,PKE-09,59096367,DINAN CREEK
1566,PKE,PKE-09,59097851,MCCLINTON CREEK
1567,PKE,PKE-09,59098341,AWUN RIVER
1568,PKE,PKE-09,59105284,DATLAMEN CREEK
1569,PKE,PKE-09,59101089,BIRD LAKE CREEK
1570,PKE,PKE-09,59100644,MAMIN RIVER
1571,PKE,PKE-09,59099140,YAKOUN RIVER
1574,PKE,PKE-09,59095747,KUMDIS CREEK
1575,PKE,PKE-09,59029083,SANGAN RIVER
1576,PKE,PKE-09,59024018,HIELLEN RIVER
1578,PKE,PKE-10,137001827,MACINTYRE CREEK
1579,PKE,PKE-10,137002460,COPPER CREEK
1580,PKE,PKE-10,137004871,SHELDON'S BAY CREEK
1581,PKE,PKE-10,137005456,GRAY BAY CREEK
1583,PKE,PKE-10,NA,AERO CREEK
1584,PKE,PKE-10,137011731,PALLANT CREEK
1585,PKE,PKE-10,137012778,BRAVERMAN CREEK
1586,PKE,PKE-10,137015359,CHADSEY CREEK
1587,PKE,PKE-10,137017779,CARMICHAEL CREEK
1588,PKE,PKE-10,137021535,LAGOON CREEK
1589,PKE,PKE-10,137022933,DASS CREEK
1590,PKE,PKE-10,137026475,SEWELL POINT CREEK
1591,PKE,PKE-10,137028355,WATERFALL CREEK
1592,PKE,PKE-10,137028688,SEWELL INLET CREEK
1593,PKE,PKE-10,137029457,CLINT CREEK
1594,PKE,PKE-10,NA,SEWELL INLET CREEK-L/H #2
1595,PKE,PKE-10,137029294,THORSEN CREEK
1596,PKE,PKE-10,137028859,LITTLE GOOSE CREEK
1597,PKE,PKE-10,137030078,BIG GOOSE CREEK
1598,PKE,PKE-10,137032279,PACOFI CREEK
1599,PKE,PKE-10,137034934,DANA CREEK #1
1600,PKE,PKE-10,NA,DANA CREEK #2
1601,PKE,PKE-10,137035942,DANA CREEK #3
1602,PKE,PKE-10,137039849,CRESCENT INLET CREEK
1603,PKE,PKE-10,137041147,LONGFELLOW CREEK
1604,PKE,PKE-10,137042528,ANNA INLET CREEK
1605,PKE,PKE-10,137042955,SALMON RIVER
1606,PKE,PKE-10,137044423,ECHO HARBOUR CREEK
1607,PKE,PKE-10,137055641,KOSTAN CREEK
1609,PKE,PKE-10,137059918,HUTTON CREEK-HEAD
1610,PKE,PKE-10,137059594,HUTTON CREEK-L/H
1612,PKE,PKE-10,137060782,MARSHALL INLET CREEK
1613,PKE,PKE-10,137061725,MATHESON CREEK-R/H
1614,PKE,PKE-10,137061818,MATHESON CREEK-L/H
1615,PKE,PKE-10,137061272,ARROW CREEK
1617,PKE,PKE-10,NA,SKAAT HARBOUR CREEK-R/H
1619,PKE,PKE-10,NA,SKAAT HARBOUR CREEK-L/H
1620,PKE,PKE-10,NA,FORGOTTEN CREEK
1624,PKE,PKE-10,137065367,BAG HARBOUR CREEK
1625,PKE,PKE-10,137065948,TANGLE COVE CREEK
1626,PKE,PKE-10,137067042,GEORGE BAY CREEK
1627,PKE,PKE-10,137067317,OXALIS CREEK
1628,PKE,PKE-10,137068669,HUSTON INLET CREEKS
1629,PKE,PKE-10,137067685,SURPRISE CREEKS
1631,PKE,PKE-10,NA,HARRIET CREEK
1632,PKE,PKE-10,137066999,IKEDA CREEK
1633,PKE,PKE-11,137067404,COLLISON BAY CREEK
1635,PKE,PKE-10,137069231,CARPENTER BAY CREEK
1636,PKE,PKE-10,137070019,SOUTH COVE CREEK
1637,PKE,PKE-10,137070042,KOYA CREEK
1638,PKE,PKE-10,137070679,RASPBERRY CREEK
1639,PKE,PKE-10,NA,KENDRICK POINT CREEK
1640,PKE,PKE-10,137069920,SEDMOND CREEK
1642,PKE,PKE-11,137068342,LOUSCOONE INLET CREEK
1645,PKE,PKE-11,NA,STAKI CREEK
1646,PKE,PKE-11,NA,FLAMINGO INLET CREEK
1648,PKE,PKE-11,137061742,GOSKI BAY CREEK
1649,PKE,PKE-11,137039128,FAIRFAX INLET CREEK-OUTER
1650,PKE,PKE-11,137040599,FAIRFAX CREEK
1651,PKE,PKE-11,137040232,BOTANY INLET CREEK-OUTER
1652,PKE,PKE-11,137041095,BOTANY INLET CREEK-HEAD
1653,PKE,PKE-11,137038019,WILSON BAY CREEK
1654,PKE,PKE-11,137035487,FLAT CREEK
1656,PKE,PKE-11,137029842,TASU CREEK
1657,PKE,PKE-11,137035391,LOMGON BAY CREEK
1658,PKE,PKE-11,137030581,KOOTENAY INLET SOUTH ARM CREEK
1659,PKE,PKE-11,137027809,KOOTENAY INLET NORTH ARM CREEK
1660,PKE,PKE-11,137021765,BOTTLE INLET CREEK
1661,PKE,PKE-11,137021429,DOUGLAS INLET CREEK-R/H
1662,PKE,PKE-11,137021329,DOUGLAS INLET CREEK-HEAD
1663,PKE,PKE-11,137021130,GOLD HARBOUR CREEK
1664,PKE,PKE-11,137020627,MORESBY CREEK
1665,PKE,PKE-11,NA,MUDGE CREEK
1666,PKE,PKE-11,137018252,PEEL INLET HEAD CREEK
1667,PKE,PKE-11,137016294,PEEL INLET CREEK-L/H #2
1668,PKE,PKE-11,137015420,PEEL INLET CREEK-L/H #1
1669,PKE,PKE-11,137013993,INSKIP CREEK
1670,PKE,PKE-11,137010261,SECURITY INLET CREEK-R/H
1671,PKE,PKE-11,137009478,SECURITY INLET CREEK-L/H
1672,PKE,PKE-11,137010788,MCKENZIE COVE CREEK
1673,PKE,PKE-11,137010438,BOOMCHAIN BAY CREEK
1675,PKE,PKE-11,NA,BUCK CHANNEL CREEK #3
1676,PKE,PKE-11,NA,BUCK CHANNEL CREEK #8
1677,PKE,PKE-11,137004540,CANOE PASS CREEK
1678,PKE,PKE-11,137002333,BROWNS CABIN CREEK
1679,PKE,PKE-11,NA,EAST NARROWS DOLPHIN CREEK
1680,PKE,PKE-11,NA,EAST NARROWS CREEK
1683,PKE,PKE-10,137002178,DEENA CREEK
1684,PKE,PKE-10,137002383,CAMERON CREEK
1685,PKE,PKE-10,137002270,SOUTH BAY CREEK
1686,PKE,PKE-10,137001764,SOUTH BAY DUMP CREEK
1687,PKE,PKE-10,137000794,MACMILLAN CREEK
1688,PKE,PKE-10,137000306,SACHS CREEK
1689,PKE,PKE-10,137000184,HARRIET CREEK
1690,PKE,PKE-10,137000006,HAANS CREEK
1692,PKE,PKE-10,137022647,SKEDANS CREEK
1693,PKE,PKE-10,137027999,BREAKER BAY CREEK
1694,PKE,PKE-10,137027338,TRAYNOR CREEK
1695,PKE,PKE-10,137015372,MATHERS CREEK
1696,PKE,PKE-10,137017133,IRON DUKE CREEK
1697,PKE,PKE-10,137017647,WASTE CREEK
1699,PKE,PKE-10,NA,THURSTON HARBOUR CREEK
1700,PKE,PKE-10,137031838,TALUNKWAN CREEK
1703,PKE,PKE-10,137042300,MOORE CREEK
1705,PKE,PKE-10,137046030,BELJAY BAY CREEK
1706,PKE,PKE-10,137044369,SANDY CREEK
1707,PKE,PKE-10,137047202,POWRIVCO CREEK
1708,PKE,PKE-10,137047573,RICHARDSON CREEK
1709,PKE,PKE-10,137046368,WINDY BAY CREEK
1710,PKE,PKE-10,137049467,GATE CREEK
1713,PKE,PKE-10,137049689,SEDGWICK BAY CREEK
1715,PKE,PKE-10,137063192,SCUDDER POINT CREEK
1716,PKE,PKE-10,NA,POOLE INLET CREEKS
1721,PKE,PKE-10,137062679,ALDER ISLAND CREEK
1724,PKE,PKE-10,137071276,HEATER HARBOUR CREEK
1726,PKE,PKE-10,137071840,LUXANA CREEK
1730,PKE,PKE-07,244064244,HAYS CREEK
1731,PKE,PKE-07,244065013,OLDFIELD CREEK
1732,PKE,PKE-07,244067912,KLOIYA RIVER
1733,PKE,PKE-07,244068157,DIANA LAKE CREEK
1734,PKE,PKE-07,244068115,PRUDHOMME CREEK
1735,PKE,PKE-07,244066099,DENISE CREEK
1736,PKE,PKE-07,244064015,SHAWATLAN RIVER
1737,PKE,PKE-07,244059678,SILVER CREEK
1738,PKE,PKE-07,244063301,MCNICHOL CREEK
1739,PKE,PKE-07,244048754,LA HOU CREEK
1740,PKE,PKE-07,244026855,BOAT HARBOUR CREEK
1741,PKE,PKE-07,244030092,BRUNDIGE CREEK
1742,PKE,PKE-07,244026443,SANDY BAY CREEK
1743,PKE,PKE-07,244027151,WHITLY POINT CREEK
1744,PKE,PKE-07,244039650,STUMAUN CREEK
1746,PKE,PKE-07,244031827,TRAIL BAY CREEK
1748,PKE,PKE-07,244065698,LACHMACH RIVER
1749,PKE,PKE-07,244064197,LEVERSON CREEK
1750,PKE,PKE-07,244049253,TOON RIVER
1751,PKE,PKE-07,244048458,ENSHESHESE RIVER
1752,PKE,PKE-07,244016971,SAM BAY CREEK
1753,PKE,PKE-07,244036124,LARCH CREEK
1754,PKE,PKE-07,244027464,KHUTZEYMATEEN RIVER
1755,PKE,PKE-07,244023424,MOUSE CREEK
1756,PKE,PKE-07,244006327,KSI X'ANMAS
1757,PKE,PKE-07,244001844,NASOGA GULF CREEK
1758,PKE,PKE-07,91065973,STAGOO CREEK
1759,PKE,PKE-07,91060676,PERRY BAY CREEK
1760,PKE,PKE-07,91054720,ILLIANCE RIVER
1761,PKE,PKE-07,91054395,WILAUKS CREEK
1762,PKE,PKE-07,91054225,KITSAULT RIVER
1763,PKE,PKE-07,91047105,OLH CREEK
1764,PKE,PKE-07,91038661,KSHWAN RIVER
1766,PKE,PKE-07,91061202,CASCADE CREEK
1767,PKE,PKE-07,91066704,SALMON COVE CREEK
1768,PKE,PKE-07,91072624,DOGFISH CREEK
1769,PKE,PKE-07,244002490,LIZARD CREEK
1770,PKE,PKE-07,244000973,PEARSE CANAL CREEK
1771,PKE,PKE-07,244007917,MANZANITA COVE CREEK
1772,PKE,PKE-07,244010292,TRACY BAY CREEK
1773,PKE,PKE-07,244004064,TURK CREEK
1774,PKE,PKE-07,91065606,BELLE BAY CREEK
1775,PKE,PKE-07,91056872,ROBERSON CREEK
1776,PKE,PKE-07,91053243,DONAHUE CREEK
1778,PKE,PKE-07,91028652,GEORGIE RIVER
1780,PKE,PKE-07,91012491,BEAR RIVER
1781,PKE,PKE-07,NA,RAINY CREEK
1782,PKE,PKE-05,158076726,OATSOALIS CREEK
1784,PKE,PKE-05,154074913,DE COSMOS LAGOON CREEK
1785,PKE,PKE-05,154077869,CRAB HARBOUR CREEK
1786,PKE,PKE-05,154081514,WATT CREEK
1788,PKE,PKE-05,154074616,KILDIDT LAGOON CREEK #2
1789,PKE,PKE-05,154077983,STEWART CREEK
1791,PKE,PKE-05,NA,COOPER INLET-FANNIE COVE CREEKS
1792,PKE,PKE-05,154053008,GRASSY BAY CREEK
1793,PKE,PKE-05,154072819,KISAMEET RIVER
1794,PKE,PKE-05,154059698,SAGAR CREEK
1795,PKE,PKE-05,154058779,EVANS INLET CREEK #3
1796,PKE,PKE-05,154055448,HOOK NOSE CREEK
1797,PKE,PKE-05,154033687,FOUR LAKES CREEK
1798,PKE,PKE-06,NA,JENNY BAY CREEK
1799,PKE,PKE-06,154022131,GREEN BAY RIVER
1800,PKE,PKE-05,154050852,KADJUSDIS RIVER
1801,PKE,PKE-05,154051189,KUNSOOT RIVER
1802,PKE,PKE-05,154051338,DREW CREEK
1803,PKE,PKE-05,154042783,SCRIBNER CREEK
1804,PKE,PKE-05,154036446,SALLY CREEK
1805,PKE,PKE-05,154035361,LILIAN CREEK
1806,PKE,PKE-05,154033109,DEER PASS LAGOON CREEKS
1807,PKE,PKE-05,154024299,WEBSTER LAKE CREEK
1808,PKE,PKE-05,154045310,KWAKIUTL CREEK
1809,PKE,PKE-05,154052490,MCLOUGHLIN CREEK
1810,PKE,PKE-05,154059907,SHIP POINT CREEK
1812,PKE,PKE-05,154036100,SOUND POINT LAGOON CREEK
1813,PKE,PKE-05,149092330,KWAKUSDIS RIVER
1815,PKE,PKE-05,149069068,ROBINSON CREEKS
1816,PKE,PKE-05,149065920,BULLEY BAY CREEK
1817,PKE,PKE-05,92040262,PRICE CREEK
1820,PKE,PKE-05,92018715,KITASOO CREEK
1821,PKE,PKE-05,92035645,GULL CREEK
1822,PKE,PKE-05,92031861,OSMENT CREEK
1823,PKE,PKE-05,92024672,KWAKWA CREEK
1824,PKE,PKE-05,92015753,MEYERS PASS CREEK
1825,PKE,PKE-05,149015578,GORILLA CREEK
1828,PKE,PKE-05,149034567,CALDER CREEK
1829,PKE,PKE-05,149041834,LAGOON CREEK
1830,PKE,PKE-05,149038467,MARY COVE CREEK
1831,PKE,PKE-05,149028337,WATSON BAY CREEK
1832,PKE,PKE-05,149017045,BOTTLENECK CREEK
1833,PKE,PKE-06,149011941,JAMES BAY CREEK
1834,PKE,PKE-05,149028641,CANYON CREEK
1835,PKE,PKE-05,149021613,GEISH CREEK
1836,PKE,PKE-06,149003159,DUTHIE CREEK
1837,PKE,PKE-06,149003713,WINDY BAY CREEK
1838,PKE,PKE-06,120011452,CANOONA RIVER
1839,PKE,PKE-06,120038008,SODA CREEK
1840,PKE,PKE-05,120053064,LITTLE CREEK
1841,PKE,PKE-05,120055423,QUIGLEY CREEK
1842,PKE,PKE-05,120051318,POWLES CREEK
1843,PKE,PKE-05,120047278,BLEE CREEK
1844,PKE,PKE-05,120035826,BLOOMFIELD CREEK
1845,PKE,PKE-06,120035979,FIFER COVE CREEK
1846,PKE,PKE-06,120032851,DALLY CREEK
1848,PKE,PKE-06,120024797,OTTY CREEK
1849,PKE,PKE-06,120022108,BUIE CREEK
1850,PKE,PKE-06,120021809,ARNOUP CREEK
1851,PKE,PKE-06,120025834,RONALD CREEK
1852,PKE,PKE-06,120028042,NIAS CREEK
1853,PKE,PKE-05,120028983,PACKE CREEK
1854,PKE,PKE-05,120035969,TYLER CREEK
1855,PKE,PKE-05,120036184,PYNE CREEK
1856,PKE,PKE-05,120042636,BUSEY CREEK
1857,PKE,PKE-05,120049922,TRAHEY CREEK
1858,PKE,PKE-05,120053791,STEEP CREEK
1859,PKE,PKE-05,120054912,DALLAIN CREEK
1860,PKE,PKE-05,120049258,TALAMOOSA CREEK
1861,PKE,PKE-05,120046987,KENT INLET LAGOON CREEK
1862,PKE,PKE-05,120039725,EVINRUDE CREEK
1863,PKE,PKE-05,120036818,WALE CREEK
1864,PKE,PKE-05,120030182,ARGYH CREEK
1865,PKE,PKE-05,120020493,PENN CREEK
1866,PKE,PKE-05,120022756,ROLAND CREEK
1867,PKE,PKE-05,120019042,DOUGLAS CREEK
1868,PKE,PKE-05,120020502,CHAPPLE CREEK
1869,PKE,PKE-05,120012647,BARNARD CREEK
1870,PKE,PKE-06,120005834,WEST ARM CREEK
1871,PKE,PKE-06,120004702,EAST ARM CREEK
1872,PKE,PKE-06,120001199,WHALEN CREEK
1873,PKE,PKE-05,92000713,DEVIL CREEK
1874,PKE,PKE-05,92007393,LIMESTONE CREEK
1875,PKE,PKE-05,92008694,FURY CREEK
1876,PKE,PKE-05,92033730,DON CREEK
1877,PKE,PKE-05,92035793,LINNEA CREEK
1878,PKE,PKE-05,92027432,DUFFEY CREEK
1879,PKE,PKE-05,92026557,NOBLE CREEK
1880,PKE,PKE-05,92028608,KDELMASHAN CREEK
1881,PKE,PKE-05,92023690,SENTINEL CREEK
1882,PKE,PKE-05,92013164,CLIFFORD CREEK
1883,PKE,PKE-05,92012685,FLUX CREEK
1884,PKE,PKE-05,92012999,MCDONALD CREEK
1885,PKE,PKE-05,92008286,LITTLE KETTLE CREEK
1886,PKE,PKE-05,92008324,SALMON CREEK
1887,PKE,PKE-05,92008135,EAGLE CREEK
1888,PKE,PKE-05,92006988,TRENEMAN CREEK
1889,PKE,PKE-05,92003777,STANNARD CREEK-EAST BRANCH
1890,PKE,PKE-05,92003777,STANNARD CREEK
1891,PKE,PKE-05,92003292,WEST CREEK
1892,PKE,PKE-05,92000574,WEST CREEK and LAKE
1893,PKE,PKE-05,76044686,ESTEVAN CREEK
1894,PKE,PKE-05,76041739,CARTWRIGHT CREEK
1895,PKE,PKE-05,76035679,MCMICKING CREEK
1897,PKE,PKE-05,76033821,GIL CREEK
1898,PKE,PKE-05,76033891,LEDGE CREEK
1899,PKE,PKE-05,76033386,WINDY ISLAND CREEK
1900,PKE,PKE-05,76023532,BLACK ROCK CREEK
1901,PKE,PKE-05,76020337,TURN CREEK
1902,PKE,PKE-05,76018854,CRANE BAY CREEK
1903,PKE,PKE-05,76008213,TURTLE CREEK
1904,PKE,PKE-06,79026269,GRIBBELL ISLAND CREEK
1905,PKE,PKE-06,79016490,RIORDAN CREEK
1906,PKE,PKE-06,79008002,EVELYN CREEK
1907,PKE,PKE-06,79008705,VERNEY PASSAGE CREEK
1908,PKE,PKE-06,79008972,FISHTRAP BAY CREEK
1909,PKE,PKE-06,79009042,LITTLE TILLHORN CREEK
1910,PKE,PKE-06,79007870,BIG TILLHORN CREEK
1911,PKE,PKE-05,NA,LAGOON CREEK
1912,PKE,PKE-05,93067655,STEWART CREEK
1913,PKE,PKE-05,93004361,FALSE STEWART CREEK
1914,PKE,PKE-05,93005744,PA-AAT RIVER
1915,PKE,PKE-05,93043348,SALTER LAKE CREEK
1916,PKE,PKE-05,93068963,TSIMTACK LAKE CREEK
1917,PKE,PKE-05,93072676,CRIDGE INLET CREEK
1918,PKE,PKE-05,93075374,TUWARTZ CREEK
1919,PKE,PKE-05,93076793,CHERRY CREEK
1920,PKE,PKE-05,93073855,MONCKTON INLET CREEK
1921,PKE,PKE-05,93070136,PORT STEPHENS CREEK
1922,PKE,PKE-05,93067159,OAR POINT CREEK
1923,PKE,PKE-05,93061107,MIKADO LAKE CREEK
1924,PKE,PKE-05,93058603,DEVON LAKE CREEK
1925,PKE,PKE-05,93051163,CURTIS INLET CREEK
1926,PKE,PKE-05,93045900,SHENEEZA CREEK
1927,PKE,PKE-05,93042652,WILSON CREEK
1928,PKE,PKE-05,93033276,MARKLE INLET CREEK
1929,PKE,PKE-05,93028605,HEVENOR INLET CREEK
1930,PKE,PKE-05,93013848,NEWCOMBE HARBOUR CREEK
1931,PKE,PKE-05,93005522,CAPTAIN COVE CREEK
1932,PKE,PKE-07,93003260,ALPHA CREEK
1933,PKE,PKE-05,153005881,END HILL CREEK
1934,PKE,PKE-05,127000689,SPENCER CREEK
1935,PKE,PKE-05,127016063,BOLTON CREEK
1936,PKE,PKE-05,76002367,KOORYET CREEK
1937,PKE,PKE-05,76006441,KEECHA CREEK
1938,PKE,PKE-05,76015482,DEER LAKE CREEK
1940,PKE,PKE-05,76001964,LEWIS CREEK
1941,PKE,PKE-05,127024160,INDIAN HARBOUR CREEK
1942,PKE,PKE-05,127020643,BANKS LAKES CREEK
1944,PKE,PKE-05,127000677,BONILLA LAKE CREEK
1945,PKE,PKE-05,153012495,SKULL CREEK
1946,PKE,PKE-05,153008917,RAWLINSON ANCHORAGE CREEK
1947,PKE,PKE-05,153000787,DEADMAN CREEK
1948,PKE,PKE-05,93020031,SHAW CREEK
1949,PKE,PKE-05,93030608,RYAN CREEK
1950,PKE,PKE-05,93022508,KESWAR CREEK
1951,PKE,PKE-05,93014222,HANKIN CREEK
1952,PKE,PKE-07,169003101,HUMPBACK CREEK
1953,PKE,PKE-07,169004960,CHISMORE CREEK
1954,PKE,PKE-07,169005717,SPILLER RIVER
1955,PKE,PKE-07,169010477,OONA RIVER
1956,PKE,PKE-07,169016101,BILLY CREEK
1957,PKE,PKE-07,169013055,WEST CREEK
1958,PKE,PKE-07,169009851,WOLF CREEK
1959,PKE,PKE-07,169009626,HEAD CREEK
1960,PKE,PKE-07,169004617,FOOTE CREEK
1961,PKE,PKE-07,169007531,PORCHER CREEK
1962,PKE,PKE-07,169014210,PHOENIX CREEK
1963,PKE,PKE-07,NA,SNASS CREEK
1964,PKE,PKE-07,169011146,KITKATLA CREEK
1965,PKE,PKE-07,169004468,LITTLE USELESS CREEK
1966,PKE,PKE-07,169004079,USELESS CREEK
1967,PKE,PKE-07,169003596,HUNT INLET CREEK
2090,PKE,PKE-06,9016700,AIRPORT SIDE CHANNEL
2100,PKE,PKE-07,87043781,LEGATE CREEK
2108,PKE,PKE-08,NA,BABINE RIVER-SECTION 5
2110,PKE,PKE-08,4034816,FULTON RIVER-ABOVE WEIR
2114,PKE,PKE-08,4064682,PINKUT CREEK-ABOVE WEIR
2239,PKE,PKE-06,9017502,CLAYTON FALLS CREEK
2241,PKE,PKE-06,9017995,TASTSQUAN CREEK
2242,PKE,PKE-06,9017763,THORSEN CREEK
2244,PKE,PKE-06,9018189,NOOHALK CREEK
2246,PKE,PKE-06,9017118,FISH CREEK
2304,PKE,PKE-10,NA,SLATECHUCK CREEK-R/H
2307,PKE,PKE-07,244013028,CROW LAGOON CREEK
2308,PKE,PKE-07,244036108,CEDAR CREEK
2309,PKE,PKE-07,244010924,TRACY BAY CREEK #2
2311,PKE,PKE-07,244002952,PIRATE COVE CREEK
2312,PKE,PKE-07,244003599,CRAG CREEK
2313,PKE,PKE-07,244025505,BRUNDIGE CREEK-WEST
2342,PKE,PKE-11,NA,BUCK CHANNEL CREEK #2
2603,PKE,PKE-07,87053915,HARDSCRABBLE CREEK
2651,PKE,PKE-11,NA,BUCK CHANNEL CREEK #6
2652,PKE,PKE-07,244006450,TALAHAAT CREEK
2653,PKE,PKE-07,169007083,SALT LAGOON CREEK
2655,PKE,PKE-06,84058626,WATHLSTO CREEK
2683,PKE,PKE-05,154063002,COOPER INLET-ADA COVE CREEK
2687,PKE,PKE-05,154064017,COOPER INLET-FANNIE COVE LH CREEK
2689,PKE,PKE-05,149077382,BULLOCK CHANNEL #2 CREEK
2690,PKE,PKE-05,149084071,BULLOCK CHANNEL #3 NORTH CREEK
2691,PKE,PKE-05,149090368,BULLOCK CHANNEL #3 SOUTH CREEK
2692,PKE,PKE-06,154033096,JENNY BAY WEST CREEK
2693,PKE,PKE-06,154035242,JENNY BAY SOUTH CREEK
2711,PKE,PKE-08,141009205,SHILAHOU CREEK
2738,PKE,PKE-05,76000005,JOANIE CREEK
2830,PKE,PKE-05,120044603,KAMIN CREEK
2831,PKE,PKE-05,120038622,GOIN CREEK
3403,PKE,PKE-06,9015022,SALLOOMT RIVER
3546,PKE,PKE-10,NA,SLEEPING BEAUTY CREEK
3550,PKE,PKE-07,93002378,KUBAS CREEK
3552,PKE,PKE-07,169017119,SKENE COVE CREEK
3553,PKE,PKE-06,79011999,HAWKSBURY ISLAND CREEK
3555,PKE,PKE-06,154031533,JENNY BAY EAST CREEK
357,PKE,PKE-07,244025508,AMERICAN BAY CREEK
358,PKE,PKE-06,3020927,ATNARKO SPAWNING CHANNEL
359,PKE,PKE-07,244066060,FORTUNE CREEK
372,PKE,PKE-06,162132931,NEKITE SPAWNING CHANNEL
376,PKE,PKE-07,244028183,ROBERT CREEK
377,PKE,PKE-07,244031785,CLIFF CREEK
410,PKE,PKE-05,149043897,SPILLER INLET CREEK
414,PKE,PKE-07,244023795,HAIDA BAY CREEK
429,PKE,PKE-05,120002876,LADEKIN CREEK
443,PKE,PKE-07,NA,SKEENA RIVER-WEST
444,PKE,PKE-07,123027279,EXSTEW SLOUGH
445,PKE,PKE-07,123025362,SHAMES SLOUGH
446,PKE,PKE-07,123057554,MCNEIL RIVER
447,PKE,PKE-07,123061979,ECSTALL RIVER
448,PKE,PKE-07,123076851,HAYWARD CREEK
449,PKE,PKE-07,123081694,MADELINE CREEK
450,PKE,PKE-07,123083174,BIG FALLS CREEK
451,PKE,PKE-07,123088179,LOCKERBY CREEK
452,PKE,PKE-07,123089676,MUDDY CREEK
453,PKE,PKE-07,123091651,SPARKLING CREEK
454,PKE,PKE-07,123093131,JOHNSTON CREEK
456,PKE,PKE-07,123053244,KHYEX RIVER
457,PKE,PKE-07,123063473,SCOTIA RIVER
458,PKE,PKE-07,123055903,KWINITSA CREEK
459,PKE,PKE-07,123042822,KASIKS RIVER
460,PKE,PKE-07,123043312,GITNADOIX RIVER
462,PKE,PKE-07,123043171,CLAY CREEK
463,PKE,PKE-07,123047918,DOG TAG CREEK
464,PKE,PKE-07,123060890,MAGAR CREEK
468,PKE,PKE-07,123031244,ANDESITE CREEK
469,PKE,PKE-07,123027279,EXSTEW RIVER
470,PKE,PKE-07,123025362,SHAMES RIVER
471,PKE,PKE-07,123025829,MIDDLE CREEK
473,PKE,PKE-07,87083765,ZYMAGOTITZ RIVER
474,PKE,PKE-07,87077813,ERLANDSEN CREEK
475,PKE,PKE-07,87076673,MOLYBDENUM CREEK
476,PKE,PKE-07,87083539,THORNHILL CREEK
477,PKE,PKE-07,87071424,KLEANZA CREEK
478,PKE,PKE-07,87070861,SINGLEHURST CREEK
479,PKE,PKE-07,87063615,LOWRIE CREEK
480,PKE,PKE-07,87061031,CHIMDEMASH CREEK
481,PKE,PKE-07,87059752,SHANNON CREEK
482,PKE,PKE-07,87026593,FIDDLER CREEK
483,PKE,PKE-07,87020046,LORNE CREEK
484,PKE,PKE-07,87009158,WILSON CREEK
486,PKE,PKE-08,82069086,PRICE CREEK
488,PKE,PKE-08,82068481,KITWANGA RIVER
489,PKE,PKE-08,82058210,MOONLIT CREEK
490,PKE,PKE-08,82069196,SHANDILLA CREEK
491,PKE,PKE-08,82066660,COMEAU CREEK
492,PKE,PKE-08,82065711,BURDICK CREEK
493,PKE,PKE-08,82063679,CHICAGO CREEK
494,PKE,PKE-08,82060765,HAZELTON CREEK
495,PKE,PKE-08,82057977,GLEN VOWELL CREEK
496,PKE,PKE-08,82055197,SHEGUNIA RIVER
497,PKE,PKE-08,141082205,DEEP CANOE CREEK
498,PKE,PKE-08,141016225,SLAMGEESH RIVER
499,PKE,PKE-08,141008899,DAMSHILGWIT CREEK
501254,PKE,PKE-08,4034816,FULTON RIVER
501255,PKE,PKE-08,4064682,PINKUT CREEK
504,PKE,PKE-07,123039608,EXCHAMSIKS RIVER
505,PKE,PKE-07,109000272,LAKELSE RIVER
506,PKE,PKE-07,109001183,WHITE CREEK
507,PKE,PKE-07,109002954,COLDWATER CREEK
508,PKE,PKE-07,109003276,HERMAN CREEK
510,PKE,PKE-07,109006022,CLEARWATER CREEK
511,PKE,PKE-07,109005007,SCHULBUCKHAND CREEK
513,PKE,PKE-07,109003440,HATCHERY CREEK
514,PKE,PKE-07,109003106,NORTH GRANITE CREEK
515,PKE,PKE-07,109002678,FURLONG CREEK
517,PKE,PKE-07,109001732,WILLIAMS CREEK
520,PKE,PKE-07,87081519,KITSUMKALUM RIVER-UPPER
521,PKE,PKE-07,87081519,KITSUMKALUM RIVER-LOWER
522,PKE,PKE-07,87079310,SPRING CREEK
523,PKE,PKE-07,87074546,DEEP CREEK
524,PKE,PKE-07,87066731,LEAN-TO CREEK
526,PKE,PKE-07,87054867,STAR CREEK
530,PKE,PKE-07,87028588,CLEAR CREEK
531,PKE,PKE-07,87026828,CEDAR RIVER
533,PKE,PKE-07,245024871,ZYMOETZ RIVER-LOWER
537,PKE,PKE-08,82069113,KITSEGUECLA RIVER
538,PKE,PKE-08,82072677,DEEP CANYON CREEK
540,PKE,PKE-08,17011102,BULKLEY RIVER-LOWER
541,PKE,PKE-08,17011102,BULKLEY RIVER-UPPER
542,PKE,PKE-08,17011371,STATION CREEK
543,PKE,PKE-08,17012494,SUSKWA RIVER
544,PKE,PKE-08,17010064,HAROLD PRICE CREEK
545,PKE,PKE-08,17018820,PORPHYRY CREEK
547,PKE,PKE-08,17027660,CAUSQUA CREEK
549,PKE,PKE-08,17034528,TROUT CREEK
550,PKE,PKE-08,17035138,TOBOGGAN CREEK
554,PKE,PKE-08,17042212,KATHLYN CREEK
556,PKE,PKE-08,139004724,MORICE RIVER
558,PKE,PKE-08,139029785,OWEN CREEK
560,PKE,PKE-08,139028196,GOSNELL CREEK
561,PKE,PKE-08,139040116,NANIKA RIVER
566,PKE,PKE-08,82055449,KISPIOX RIVER
567,PKE,PKE-08,82051187,DATE CREEK
568,PKE,PKE-08,82046609,HEVENOR CREEK
569,PKE,PKE-08,82040500,MCCULLY CREEK
570,PKE,PKE-08,82039762,MURDER CREEK
571,PKE,PKE-08,82033779,CULLON CREEK
572,PKE,PKE-08,82032246,IRONSIDE CREEK
573,PKE,PKE-08,82030840,TWIN LAKE CREEK
576,PKE,PKE-08,82026085,SKUNSNAT CREEK
577,PKE,PKE-08,82026159,CLIFFORD CREEK
579,PKE,PKE-08,82024946,SWEETIN RIVER
581,PKE,PKE-08,82024493,NANGEESE RIVER
592,PKE,PKE-08,NA,BABINE RIVER-SECTIONS 1 TO 3
593,PKE,PKE-08,NA,BABINE RIVER-SECTION 4
595,PKE,PKE-08,5085721,NICHYESKWA CREEK
596,PKE,PKE-08,5087031,BOUCHER CREEK
597,PKE,PKE-08,4007003,TSEZAKWA CREEK
599,PKE,PKE-08,4013366,NINE MILE CREEK
601,PKE,PKE-08,4016329,MORRISON CREEK
610,PKE,PKE-08,4049983,PIERRE CREEK
611,PKE,PKE-08,4051781,TWAIN CREEK
621,PKE,PKE-08,194048446,BEAR RIVER
629,PKE,PKE-07,NA,NASS RIVER
630,PKE,PKE-07,111070204,KSI GINGOLX
631,PKE,PKE-07,111077435,CHAMBERS CREEK
632,PKE,PKE-07,111076194,FLEWIN CREEK
633,PKE,PKE-07,111074895,WELDA CREEK
634,PKE,PKE-07,111074399,KSGYUKWSA'A
635,PKE,PKE-07,111069841,XNUKW
638,PKE,PKE-07,111068049,DISKANGIEQ CREEK
639,PKE,PKE-07,111067959,GINLULAK CREEK
641,PKE,PKE-07,111063876,KSI MAT'IN
642,PKE,PKE-07,111062742,KSEMAMAITH CREEK
643,PKE,PKE-07,111057520,ANSEDAGAN CREEK
644,PKE,PKE-07,111055036,WEGILADAP CREEK
646,PKE,PKE-07,111052708,WILYAYAANOOTH CREEK
647,PKE,PKE-07,111053629,KSI TS'OOHL TS'AP
648,PKE,PKE-07,111053629,KSI TS'OOHL TS'AP
649,PKE,PKE-07,111049156,VETTER CREEK
650,PKE,PKE-07,111046954,KSGA'MAAL
651,PKE,PKE-07,111046191,KSI SII AKS
652,PKE,PKE-07,111046191,KSI SII AKS
653,PKE,PKE-07,111046174,GINGIT CREEK
654,PKE,PKE-07,111048760,GITZYON CREEK
655,PKE,PKE-07,111038899,KSI SGASGINIST
656,PKE,PKE-12,111018944,TCHITIN RIVER
657,PKE,PKE-12,150053179,BROWN BEAR CREEK
661,PKE,PKE-07,111072066,KSI HLGINX
662,PKE,PKE-12,80047263,KINSKUCH RIVER
663,PKE,PKE-12,111012642,CRANBERRY RIVER
664,PKE,PKE-12,111015062,KITEEN RIVER
7990585,PKE,PKE-06,120000503,HOME BAY CREEKS
7990588,PKE,PKE-05,NA,RETURN CHANNEL CREEK
7990598,PKE,PKE-12,80019612,MEZIADIN RIVER
7990611,PKE,PKE-06,149070368,WORAN CREEK
7990614,PKE,PKE-06,83014333,KITLOPE RIVER
7990621,PKE,PKE-05,NA,CHOKE PASS CREEKS
913,PKE,PKE-05,162146876,TAKUSH RIVER
914,PKE,PKE-06,162150536,DOCEE RIVER
917,PKE,PKE-06,162139258,WALKUM CREEK
918,PKE,PKE-06,162132931,NEKITE RIVER
921,PKE,PKE-05,162135817,BOSWELL CREEK
926,PKE,PKE-05,162135116,HOGAN CREEK
928,PKE,PKE-06,162131822,DRANEY CREEK
929,PKE,PKE-06,162131635,LOCKHART GORDON CREEK
930,PKE,PKE-06,162124605,ALLARD CREEK
931,PKE,PKE-05,162118726,JOHNSTON CREEK
932,PKE,PKE-05,162114439,NEWICHY CREEK
933,PKE,PKE-06,162101928,SANDELL RIVER
934,PKE,PKE-06,162081481,NICKNAQUEET RIVER
935,PKE,PKE-06,162080164,WANNOCK RIVER
937,PKE,PKE-06,162077543,AMBACK CREEK
938,PKE,PKE-06,162082680,DALLERY CREEK
939,PKE,PKE-06,162079248,ASHLULM CREEK
941,PKE,PKE-06,162088027,NEECHANZ RIVER
942,PKE,PKE-06,162085007,GENESEE CREEK
943,PKE,PKE-06,162068572,SHEEMAHANT RIVER
944,PKE,PKE-06,162044766,INZIANA RIVER
945,PKE,PKE-06,162037214,WASHWASH RIVER
946,PKE,PKE-06,162042018,TZEO RIVER
947,PKE,PKE-06,162071799,KILBELLA RIVER
948,PKE,PKE-06,162069950,CHUCKWALLA RIVER
949,PKE,PKE-06,158044396,CLYAK RIVER
950,PKE,PKE-06,158041445,YOUNG RIVER
951,PKE,PKE-06,158040674,NIEL CREEK
952,PKE,PKE-06,158051613,MILTON RIVER
953,PKE,PKE-05,158059155,MACNAIR CREEK
954,PKE,PKE-05,158059522,DORIS CREEK
955,PKE,PKE-05,158076176,BEAVER CREEK
957,PKE,PKE-05,158051884,KOEYE RIVER
958,PKE,PKE-05,158048901,COLD CREEK
959,PKE,PKE-05,158044798,NAMU RIVER
960,PKE,PKE-05,158036949,NOOTUM RIVER
961,PKE,PKE-06,158025415,QUATLENA RIVER
962,PKE,PKE-06,158020497,KWATNA RIVER
963,PKE,PKE-06,158000005,THORWALD CREEK
964,PKE,PKE-06,162015169,ASSEEK RIVER
965,PKE,PKE-06,162009903,TALEOMEY RIVER
966,PKE,PKE-06,162009366,NOEICK RIVER
967,PKE,PKE-06,9037401,CAMP CREEK
968,PKE,PKE-06,9016700,BELLA COOLA RIVER
969,PKE,PKE-06,9016729,SNOOTLI CREEK
971,PKE,PKE-06,154019063,NECLEETSCONNAY RIVER
972,PKE,PKE-06,154019010,NIEUMIAMUS CREEK
973,PKE,PKE-06,154021603,NOOSESECK RIVER
974,PKE,PKE-06,154004202,NUSASH CREEK
975,PKE,PKE-06,100053590,DEAN RIVER
977,PKE,PKE-06,83071057,KIMSQUIT RIVER
978,PKE,PKE-06,149044492,SKOWQUILTZ RIVER
979,PKE,PKE-06,149049096,DEEP BAY CREEK
980,PKE,PKE-06,149059630,STEELHEAD CREEK
981,PKE,PKE-06,149069677,NASCALL CREEK
983,PKE,PKE-06,149041873,CASCADE RIVER
984,PKE,PKE-06,149079673,ELCHO CREEK
985,PKE,PKE-06,149090720,FRENCHMAN CREEK
986,PKE,PKE-06,149085485,MARTIN RIVER
987,PKE,PKE-05,149096818,GOAT BUSHU CREEK
988,PKE,PKE-05,149095873,WALKER LAKE CREEK
989,PKE,PKE-05,149089693,CLATSE CREEK
991,PKE,PKE-06,149065760,ROSCOE CREEK
992,PKE,PKE-06,149059812,LEE CREEK
993,PKE,PKE-06,149059390,QUARTCHA CREEK
995,PKE,PKE-05,NA,BULLOCK CHANNEL CREEKS
996,PKE,PKE-05,149056620,ELLERSLIE LAGOON CREEK
997,PKE,PKE-06,149031920,PINE RIVER
998,PKE,PKE-05,149062892,CHEENIS LAKE CREEK
999,PKE,PKE-05,149064939,NEEKAS CREEK
1000,PKO,PKO-12,149082250,SPILLER LAGOON CREEK
1001,PKO,PKO-12,149091437,TANKEEAH RIVER
1002,PKO,PKO-12,149094030,TUNO CREEK-EAST
1003,PKO,PKO-12,149092245,TUNO CREEK-WEST
1004,PKO,PKO-12,149080951,WINDFALL CREEK
1005,PKO,PKO-12,149079878,TOM BAY CREEK
1006,PKO,PKO-12,149071964,NAMELESS CREEK
1007,PKO,PKO-12,149063521,SALMON BAY CREEK
1008,PKO,PKO-12,149049223,HIRD POINT CREEK
1009,PKO,PKO-13,149012515,LARD CREEK
1010,PKO,PKO-13,83094864,KAINET CREEK
1011,PKO,PKO-13,83094514,BIG CREEK
1012,PKO,PKO-13,83090488,BIG BAY CREEK
1013,PKO,PKO-13,83080893,KORICH CREEK
1014,PKO,PKO-13,83065179,POISON COVE CREEK
1015,PKO,PKO-13,83062228,MUSSEL RIVER
1016,PKO,PKO-13,79070192,BOLIN BAY CREEK
1017,PKO,PKO-13,79069755,CARTER RIVER
1018,PKO,PKO-13,79055688,GREEN RIVER
1019,PKO,PKO-13,79056907,TAYLOR CREEK
1020,PKO,PKO-13,79051273,MARSHALL CREEK
1021,PKO,PKO-13,79051461,KHUTZE RIVER
1022,PKO,PKO-13,79047964,HEAD CREEK
1023,PKO,PKO-13,79047759,AALTANHASH RIVER
1024,PKO,PKO-13,79045811,MARMOT COVE CREEK
1025,PKO,PKO-13,79041870,SCOW BAY CREEK
1026,PKO,PKO-13,79040230,KLEKANE RIVER
1027,PKO,PKO-13,79032114,ANGLER COVE CREEK
1028,PKO,PKO-13,79026546,GOAT RIVER
1029,PKO,PKO-13,79012614,PARIL RIVER
1030,PKO,PKO-13,79033129,KILTUISH RIVER
1031,PKO,PKO-13,79031820,KOWESAS RIVER
1033,PKO,PKO-13,208067058,TSAYTIS RIVER
1034,PKO,PKO-13,208046476,KEMANO RIVER
1035,PKO,PKO-13,208045196,WAHOO CREEK
1036,PKO,PKO-13,208041140,BRIM RIVER
1037,PKO,PKO-13,208050285,HOTSPRING CREEK
1038,PKO,PKO-13,208030918,CRAB RIVER
1039,PKO,PKO-13,208017927,PIKE CREEK
1040,PKO,PKO-13,208015780,WEEWANIE CREEK
1041,PKO,PKO-13,208012341,HUGH CREEK
1042,PKO,PKO-13,208004027,EAGLE BAY CREEK
1043,PKO,PKO-13,208002390,FALLS RIVER
1044,PKO,PKO-13,208001856,KILDALA RIVER
1045,PKO,PKO-13,84074864,DALA RIVER
1046,PKO,PKO-13,84052866,WATHL CREEK
1050,PKO,PKO-13,84047040,KITIMAT RIVER
1054,PKO,PKO-13,84032711,HIRSCH CREEK
1057,PKO,PKO-13,84027707,LITTLE WEDEENE RIVER
1060,PKO,PKO-13,84025282,WEDEENE RIVER
1067,PKO,PKO-13,84023080,NALBEELAH CREEK
1068,PKO,PKO-13,84017212,HUMPHRYS CREEK
1071,PKO,PKO-13,84014401,CECIL CREEK
1072,PKO,PKO-13,84006854,CHIST CREEK
1077,PKO,PKO-13,84045138,ANDERSON CREEK
1079,PKO,PKO-13,84046951,MOORE CREEK
1080,PKO,PKO-13,84062892,BISH CREEK
1081,PKO,PKO-13,84066084,EMSLEY CREEK
1082,PKO,PKO-13,84065405,GILTTOYEES CREEK
1083,PKO,PKO-13,84075196,FOCH RIVER
1084,PKO,PKO-13,84084020,KIHESS CREEK
1085,PKO,PKO-13,84084602,KITKIATA CREEK
1086,PKO,PKO-13,93029414,QUAAL RIVER
1087,PKO,PKO-12,93042617,KISKOSH CREEK
1088,PKO,PKO-12,93053887,MISSED CREEK
1089,PKO,PKO-12,93061083,KEESIL CREEK
1090,PKO,PKO-12,93063794,GABION RIVER
1091,PKO,PKO-12,93056762,BELOWE CREEK
1092,PKO,PKO-12,93044312,KUMOWDAH RIVER
1093,PKO,PKO-12,93022618,KLEWNUGGIT INLET CREEK
1094,PKO,PKO-12,93009612,KXNGEAL CREEK
1095,PKO,PKO-12,93008551,NORTHNESS CREEK
1097,PKO,PKO-12,93003048,KUMEALON CREEK
1098,PKO,PKO-14,93002312,NORTH KUMEALON CREEK
1099,PKO,PKO-14,93000875,MOORE COVE CREEK
11570,PKO,PKO-17,91062749,GRANBY BAY CREEK
11571,PKO,PKO-13,208021134,HEYSHAM CREEK
11572,PKO,PKO-13,84070641,GOBEIL BAY CREEK
1495,PKO,PKO-09,59096857,CAPE BALL RIVER
1497,PKO,PKO-09,59104074,TLELL RIVER
1499,PKO,PKO-09,59125091,JUNGLE CREEK
1502,PKO,PKO-09,59129302,CHINUKUNDL CREEK
1511,PKO,PKO-09,59137587,HONNA RIVER
1512,PKO,PKO-09,59138132,TARUNDL CREEK
1513,PKO,PKO-09,59137823,OUTLOOK CREEK
1514,PKO,PKO-09,59139242,SLATECHUCK CREEK
1516,PKO,PKO-09,59137981,LAGINS CREEK-RH
1517,PKO,PKO-09,59138629,LAGINS CREEK
1518,PKO,PKO-09,59141214,INDIAN CABIN CREEK-R/H
1519,PKO,PKO-09,59141185,INDIAN CABIN CREEK
1520,PKO,PKO-09,59142151,SALTSPRING BAY CREEK
1523,PKO,PKO-11,NA,NORTH ARM CREEK-RH
1524,PKO,PKO-11,59141550,NORTH ARM HEAD CREEK
1526,PKO,PKO-11,59142185,DAWSON HARBOUR CREEK
1527,PKO,PKO-11,59138185,DAWSON INLET CREEK
1529,PKO,PKO-11,59129831,KANO INLET CREEK-OUTER
1530,PKO,PKO-11,NA,GIVENCHY ANCHORAGE CREEK
1531,PKO,PKO-11,59125940,KANO INLET CREEK-HEAD
1535,PKO,PKO-11,59131303,RENNELL CREEK
1540,PKO,PKO-11,59121178,RILEY CREEK
1541,PKO,PKO-11,59120161,GREGORY CREEK
1543,PKO,PKO-11,59114101,TARTU INLET CREEK-OUTER
1544,PKO,PKO-11,59111582,TARTU INLET CREEK-HEAD
1545,PKO,PKO-11,59106904,SEAL INLET CREEK
1548,PKO,PKO-11,59101278,MERCER CREEK
1550,PKO,PKO-11,59099245,MACE CREEK
1551,PKO,PKO-11,59096740,CELESTIAL RIVER
1552,PKO,PKO-11,59093100,COATES CREEK
1553,PKO,PKO-11,59091535,STEEL CREEK
1555,PKO,PKO-11,59082999,OTARD CREEK
1556,PKO,PKO-10,59003619,JALUN RIVER
1557,PKO,PKO-10,59034230,STANLEY CREEK
1558,PKO,PKO-10,59040314,DAVIDSON CREEK
1559,PKO,PKO-10,59043575,NADEN RIVER
1560,PKO,PKO-10,59036734,LIGNITE CREEK
1563,PKO,PKO-10,59091284,AIN RIVER
1566,PKO,PKO-10,59097851,MCCLINTON CREEK
1567,PKO,PKO-10,59098341,AWUN RIVER
1568,PKO,PKO-10,59105284,DATLAMEN CREEK
1570,PKO,PKO-10,59100644,MAMIN RIVER
1571,PKO,PKO-10,59099140,YAKOUN RIVER
1575,PKO,PKO-10,59029083,SANGAN RIVER
1576,PKO,PKO-10,59024018,HIELLEN RIVER
1578,PKO,PKO-09,137001827,MACINTYRE CREEK
1579,PKO,PKO-09,137002460,COPPER CREEK
1583,PKO,PKO-09,NA,AERO CREEK
1584,PKO,PKO-09,137011731,PALLANT CREEK
1585,PKO,PKO-09,137012778,BRAVERMAN CREEK
1586,PKO,PKO-09,137015359,CHADSEY CREEK
1587,PKO,PKO-09,137017779,CARMICHAEL CREEK
1588,PKO,PKO-09,137021535,LAGOON CREEK
1589,PKO,PKO-09,137022933,DASS CREEK
1591,PKO,PKO-09,137028355,WATERFALL CREEK
1592,PKO,PKO-09,137028688,SEWELL INLET CREEK
1593,PKO,PKO-09,137029457,CLINT CREEK
1595,PKO,PKO-09,137029294,THORSEN CREEK
1596,PKO,PKO-09,137028859,LITTLE GOOSE CREEK
1597,PKO,PKO-09,137030078,BIG GOOSE CREEK
1598,PKO,PKO-09,137032279,PACOFI CREEK
1599,PKO,PKO-09,137034934,DANA CREEK #1
1602,PKO,PKO-09,137039849,CRESCENT INLET CREEK
1604,PKO,PKO-09,137042528,ANNA INLET CREEK
1605,PKO,PKO-09,137042955,SALMON RIVER
1606,PKO,PKO-09,137044423,ECHO HARBOUR CREEK
1607,PKO,PKO-09,137055641,KOSTAN CREEK
1609,PKO,PKO-09,137059918,HUTTON CREEK-HEAD
1610,PKO,PKO-09,137059594,HUTTON CREEK-L/H
1613,PKO,PKO-09,137061725,MATHESON CREEK-R/H
1614,PKO,PKO-09,137061818,MATHESON CREEK-L/H
1615,PKO,PKO-09,137061272,ARROW CREEK
1627,PKO,PKO-09,137067317,OXALIS CREEK
1628,PKO,PKO-09,137068669,HUSTON INLET CREEKS
1637,PKO,PKO-09,137070042,KOYA CREEK
1640,PKO,PKO-09,137069920,SEDMOND CREEK
1650,PKO,PKO-11,137040599,FAIRFAX CREEK
1651,PKO,PKO-11,137040232,BOTANY INLET CREEK-OUTER
1652,PKO,PKO-11,137041095,BOTANY INLET CREEK-HEAD
1653,PKO,PKO-11,137038019,WILSON BAY CREEK
1654,PKO,PKO-11,137035487,FLAT CREEK
1656,PKO,PKO-11,137029842,TASU CREEK
1658,PKO,PKO-11,137030581,KOOTENAY INLET SOUTH ARM CREEK
1659,PKO,PKO-11,137027809,KOOTENAY INLET NORTH ARM CREEK
1660,PKO,PKO-11,137021765,BOTTLE INLET CREEK
1666,PKO,PKO-11,137018252,PEEL INLET HEAD CREEK
1667,PKO,PKO-11,137016294,PEEL INLET CREEK-L/H #2
1670,PKO,PKO-11,137010261,SECURITY INLET CREEK-R/H
1671,PKO,PKO-11,137009478,SECURITY INLET CREEK-L/H
1672,PKO,PKO-11,137010788,MCKENZIE COVE CREEK
1673,PKO,PKO-11,137010438,BOOMCHAIN BAY CREEK
1677,PKO,PKO-11,137004540,CANOE PASS CREEK
1678,PKO,PKO-11,137002333,BROWNS CABIN CREEK
1680,PKO,PKO-11,NA,EAST NARROWS CREEK
1683,PKO,PKO-09,137002178,DEENA CREEK
1685,PKO,PKO-09,137002270,SOUTH BAY CREEK
1688,PKO,PKO-09,137000306,SACHS CREEK
1690,PKO,PKO-09,137000006,HAANS CREEK
1692,PKO,PKO-09,137022647,SKEDANS CREEK
1695,PKO,PKO-09,137015372,MATHERS CREEK
1699,PKO,PKO-09,NA,THURSTON HARBOUR CREEK
1700,PKO,PKO-09,137031838,TALUNKWAN CREEK
1707,PKO,PKO-09,137047202,POWRIVCO CREEK
1708,PKO,PKO-09,137047573,RICHARDSON CREEK
1709,PKO,PKO-09,137046368,WINDY BAY CREEK
1710,PKO,PKO-09,137049467,GATE CREEK
1713,PKO,PKO-09,137049689,SEDGWICK BAY CREEK
1726,PKO,PKO-09,137071840,LUXANA CREEK
1729,PKO,PKO-14,244068341,WOLF CREEK
1730,PKO,PKO-14,244064244,HAYS CREEK
1732,PKO,PKO-14,244067912,KLOIYA RIVER
1733,PKO,PKO-14,244068157,DIANA LAKE CREEK
1734,PKO,PKO-14,244068115,PRUDHOMME CREEK
1735,PKO,PKO-14,244066099,DENISE CREEK
1736,PKO,PKO-14,244064015,SHAWATLAN RIVER
1737,PKO,PKO-14,244059678,SILVER CREEK
1738,PKO,PKO-14,244063301,MCNICHOL CREEK
1739,PKO,PKO-14,244048754,LA HOU CREEK
1741,PKO,PKO-14,244030092,BRUNDIGE CREEK
1742,PKO,PKO-14,244026443,SANDY BAY CREEK
1743,PKO,PKO-14,244027151,WHITLY POINT CREEK
1744,PKO,PKO-14,244039650,STUMAUN CREEK
1748,PKO,PKO-17,244065698,LACHMACH RIVER
1749,PKO,PKO-17,244064197,LEVERSON CREEK
1750,PKO,PKO-17,244049253,TOON RIVER
1751,PKO,PKO-17,244048458,ENSHESHESE RIVER
1752,PKO,PKO-17,244016971,SAM BAY CREEK
1753,PKO,PKO-17,244036124,LARCH CREEK
1754,PKO,PKO-17,244027464,KHUTZEYMATEEN RIVER
1755,PKO,PKO-17,244023424,MOUSE CREEK
1756,PKO,PKO-17,244006327,KSI X'ANMAS
1757,PKO,PKO-17,244001844,NASOGA GULF CREEK
1758,PKO,PKO-17,91065973,STAGOO CREEK
1759,PKO,PKO-17,91060676,PERRY BAY CREEK
1760,PKO,PKO-17,91054720,ILLIANCE RIVER
1761,PKO,PKO-17,91054395,WILAUKS CREEK
1762,PKO,PKO-17,91054225,KITSAULT RIVER
1763,PKO,PKO-17,91047105,OLH CREEK
1764,PKO,PKO-17,91038661,KSHWAN RIVER
1766,PKO,PKO-17,91061202,CASCADE CREEK
1767,PKO,PKO-17,91066704,SALMON COVE CREEK
1768,PKO,PKO-17,91072624,DOGFISH CREEK
1769,PKO,PKO-17,244002490,LIZARD CREEK
1771,PKO,PKO-17,244007917,MANZANITA COVE CREEK
1772,PKO,PKO-17,244010292,TRACY BAY CREEK
1773,PKO,PKO-17,244004064,TURK CREEK
1774,PKO,PKO-17,91065606,BELLE BAY CREEK
1775,PKO,PKO-17,91056872,ROBERSON CREEK
1776,PKO,PKO-17,91053243,DONAHUE CREEK
1778,PKO,PKO-17,91028652,GEORGIE RIVER
1780,PKO,PKO-17,91012491,BEAR RIVER
1784,PKO,PKO-12,154074913,DE COSMOS LAGOON CREEK
1785,PKO,PKO-12,154077869,CRAB HARBOUR CREEK
1786,PKO,PKO-12,154081514,WATT CREEK
1787,PKO,PKO-12,154080129,KILDIDT CREEK
1788,PKO,PKO-12,154074616,KILDIDT LAGOON CREEK #2
1789,PKO,PKO-12,154077983,STEWART CREEK
1791,PKO,PKO-12,NA,COOPER INLET-FANNIE COVE CREEKS
1793,PKO,PKO-12,154072819,KISAMEET RIVER
1794,PKO,PKO-12,154059698,SAGAR CREEK
1795,PKO,PKO-12,154058779,EVANS INLET CREEK #3
1796,PKO,PKO-12,154055448,HOOK NOSE CREEK
1797,PKO,PKO-12,154033687,FOUR LAKES CREEK
1798,PKO,PKO-13,NA,JENNY BAY CREEK
1799,PKO,PKO-13,154022131,GREEN BAY RIVER
1800,PKO,PKO-12,154050852,KADJUSDIS RIVER
1801,PKO,PKO-12,154051189,KUNSOOT RIVER
1802,PKO,PKO-12,154051338,DREW CREEK
1803,PKO,PKO-12,154042783,SCRIBNER CREEK
1804,PKO,PKO-12,154036446,SALLY CREEK
1806,PKO,PKO-12,154033109,DEER PASS LAGOON CREEKS
1807,PKO,PKO-12,154024299,WEBSTER LAKE CREEK
1808,PKO,PKO-12,154045310,KWAKIUTL CREEK
1809,PKO,PKO-12,154052490,MCLOUGHLIN CREEK
1810,PKO,PKO-12,154059907,SHIP POINT CREEK
1813,PKO,PKO-12,149092330,KWAKUSDIS RIVER
1814,PKO,PKO-12,149092201,HAUSER CREEK
1815,PKO,PKO-12,149069068,ROBINSON CREEKS
1816,PKO,PKO-12,149065920,BULLEY BAY CREEK
1817,PKO,PKO-12,92040262,PRICE CREEK
1820,PKO,PKO-12,92018715,KITASOO CREEK
1821,PKO,PKO-12,92035645,GULL CREEK
1822,PKO,PKO-12,92031861,OSMENT CREEK
1823,PKO,PKO-12,92024672,KWAKWA CREEK
1824,PKO,PKO-12,92015753,MEYERS PASS CREEK
1825,PKO,PKO-12,149015578,GORILLA CREEK
1828,PKO,PKO-12,149034567,CALDER CREEK
1829,PKO,PKO-12,149041834,LAGOON CREEK
1830,PKO,PKO-12,149038467,MARY COVE CREEK
1831,PKO,PKO-12,149028337,WATSON BAY CREEK
1832,PKO,PKO-12,149017045,BOTTLENECK CREEK
1833,PKO,PKO-13,149011941,JAMES BAY CREEK
1834,PKO,PKO-12,149028641,CANYON CREEK
1835,PKO,PKO-12,149021613,GEISH CREEK
1836,PKO,PKO-13,149003159,DUTHIE CREEK
1837,PKO,PKO-13,149003713,WINDY BAY CREEK
1838,PKO,PKO-13,120011452,CANOONA RIVER
1839,PKO,PKO-13,120038008,SODA CREEK
1840,PKO,PKO-12,120053064,LITTLE CREEK
1841,PKO,PKO-12,120055423,QUIGLEY CREEK
1842,PKO,PKO-12,120051318,POWLES CREEK
1843,PKO,PKO-12,120047278,BLEE CREEK
1844,PKO,PKO-12,120035826,BLOOMFIELD CREEK
1845,PKO,PKO-13,120035979,FIFER COVE CREEK
1846,PKO,PKO-13,120032851,DALLY CREEK
1849,PKO,PKO-13,120022108,BUIE CREEK
1850,PKO,PKO-13,120021809,ARNOUP CREEK
1851,PKO,PKO-13,120025834,RONALD CREEK
1852,PKO,PKO-13,120028042,NIAS CREEK
1853,PKO,PKO-12,120028983,PACKE CREEK
1854,PKO,PKO-12,120035969,TYLER CREEK
1855,PKO,PKO-12,120036184,PYNE CREEK
1856,PKO,PKO-12,120042636,BUSEY CREEK
1857,PKO,PKO-12,120049922,TRAHEY CREEK
1858,PKO,PKO-12,120053791,STEEP CREEK
1859,PKO,PKO-12,120054912,DALLAIN CREEK
1860,PKO,PKO-12,120049258,TALAMOOSA CREEK
1862,PKO,PKO-12,120039725,EVINRUDE CREEK
1863,PKO,PKO-12,120036818,WALE CREEK
1864,PKO,PKO-12,120030182,ARGYH CREEK
1865,PKO,PKO-12,120020493,PENN CREEK
1866,PKO,PKO-12,120022756,ROLAND CREEK
1867,PKO,PKO-12,120019042,DOUGLAS CREEK
1868,PKO,PKO-12,120020502,CHAPPLE CREEK
1869,PKO,PKO-12,120012647,BARNARD CREEK
1870,PKO,PKO-13,120005834,WEST ARM CREEK
1871,PKO,PKO-13,120004702,EAST ARM CREEK
1872,PKO,PKO-13,120001199,WHALEN CREEK
1873,PKO,PKO-12,92000713,DEVIL CREEK
1874,PKO,PKO-12,92007393,LIMESTONE CREEK
1875,PKO,PKO-12,92008694,FURY CREEK
1876,PKO,PKO-12,92033730,DON CREEK
1877,PKO,PKO-12,92035793,LINNEA CREEK
1878,PKO,PKO-12,92027432,DUFFEY CREEK
1879,PKO,PKO-12,92026557,NOBLE CREEK
1880,PKO,PKO-12,92028608,KDELMASHAN CREEK
1881,PKO,PKO-12,92023690,SENTINEL CREEK
1882,PKO,PKO-12,92013164,CLIFFORD CREEK
1883,PKO,PKO-12,92012685,FLUX CREEK
1884,PKO,PKO-12,92012999,MCDONALD CREEK
1885,PKO,PKO-12,92008286,LITTLE KETTLE CREEK
1886,PKO,PKO-12,92008324,SALMON CREEK
1887,PKO,PKO-12,92008135,EAGLE CREEK
1888,PKO,PKO-12,92006988,TRENEMAN CREEK
1889,PKO,PKO-12,92003777,STANNARD CREEK-EAST BRANCH
1890,PKO,PKO-12,92003777,STANNARD CREEK
1891,PKO,PKO-12,92003292,WEST CREEK
1893,PKO,PKO-12,76044686,ESTEVAN CREEK
1894,PKO,PKO-12,76041739,CARTWRIGHT CREEK
1895,PKO,PKO-12,76035679,MCMICKING CREEK
1897,PKO,PKO-12,76033821,GIL CREEK
1898,PKO,PKO-12,76033891,LEDGE CREEK
1899,PKO,PKO-12,76033386,WINDY ISLAND CREEK
1900,PKO,PKO-12,76023532,BLACK ROCK CREEK
1901,PKO,PKO-12,76020337,TURN CREEK
1902,PKO,PKO-12,76018854,CRANE BAY CREEK
1903,PKO,PKO-12,76008213,TURTLE CREEK
1904,PKO,PKO-13,79026269,GRIBBELL ISLAND CREEK
1905,PKO,PKO-13,79016490,RIORDAN CREEK
1906,PKO,PKO-13,79008002,EVELYN CREEK
1907,PKO,PKO-13,79008705,VERNEY PASSAGE CREEK
1908,PKO,PKO-13,79008972,FISHTRAP BAY CREEK
1909,PKO,PKO-13,79009042,LITTLE TILLHORN CREEK
1910,PKO,PKO-13,79007870,BIG TILLHORN CREEK
1911,PKO,PKO-12,NA,LAGOON CREEK
1912,PKO,PKO-12,93067655,STEWART CREEK
1913,PKO,PKO-12,93004361,FALSE STEWART CREEK
1914,PKO,PKO-12,93005744,PA-AAT RIVER
1915,PKO,PKO-12,93043348,SALTER LAKE CREEK
1916,PKO,PKO-12,93068963,TSIMTACK LAKE CREEK
1917,PKO,PKO-12,93072676,CRIDGE INLET CREEK
1918,PKO,PKO-12,93075374,TUWARTZ CREEK
1919,PKO,PKO-12,93076793,CHERRY CREEK
1920,PKO,PKO-12,93073855,MONCKTON INLET CREEK
1921,PKO,PKO-12,93070136,PORT STEPHENS CREEK
1922,PKO,PKO-12,93067159,OAR POINT CREEK
1923,PKO,PKO-12,93061107,MIKADO LAKE CREEK
1924,PKO,PKO-12,93058603,DEVON LAKE CREEK
1925,PKO,PKO-12,93051163,CURTIS INLET CREEK
1926,PKO,PKO-12,93045900,SHENEEZA CREEK
1927,PKO,PKO-12,93042652,WILSON CREEK
1928,PKO,PKO-12,93033276,MARKLE INLET CREEK
1929,PKO,PKO-12,93028605,HEVENOR INLET CREEK
1930,PKO,PKO-12,93013848,NEWCOMBE HARBOUR CREEK
1931,PKO,PKO-12,93005522,CAPTAIN COVE CREEK
1932,PKO,PKO-14,93003260,ALPHA CREEK
1933,PKO,PKO-12,153005881,END HILL CREEK
1934,PKO,PKO-12,127000689,SPENCER CREEK
1935,PKO,PKO-12,127016063,BOLTON CREEK
1936,PKO,PKO-12,76002367,KOORYET CREEK
1937,PKO,PKO-12,76006441,KEECHA CREEK
1938,PKO,PKO-12,76015482,DEER LAKE CREEK
1940,PKO,PKO-12,76001964,LEWIS CREEK
1941,PKO,PKO-12,127024160,INDIAN HARBOUR CREEK
1942,PKO,PKO-12,127020643,BANKS LAKES CREEK
1944,PKO,PKO-12,127000677,BONILLA LAKE CREEK
1945,PKO,PKO-12,153012495,SKULL CREEK
1946,PKO,PKO-12,153008917,RAWLINSON ANCHORAGE CREEK
1947,PKO,PKO-12,153000787,DEADMAN CREEK
1948,PKO,PKO-12,93020031,SHAW CREEK
1949,PKO,PKO-12,93030608,RYAN CREEK
1950,PKO,PKO-12,93022508,KESWAR CREEK
1951,PKO,PKO-12,93014222,HANKIN CREEK
1952,PKO,PKO-14,169003101,HUMPBACK CREEK
1953,PKO,PKO-14,169004960,CHISMORE CREEK
1954,PKO,PKO-14,169005717,SPILLER RIVER
1955,PKO,PKO-14,169010477,OONA RIVER
1956,PKO,PKO-14,169016101,BILLY CREEK
1957,PKO,PKO-14,169013055,WEST CREEK
1958,PKO,PKO-14,169009851,WOLF CREEK
1959,PKO,PKO-14,169009626,HEAD CREEK
1960,PKO,PKO-14,169004617,FOOTE CREEK
1961,PKO,PKO-14,169007531,PORCHER CREEK
1962,PKO,PKO-14,169014210,PHOENIX CREEK
1963,PKO,PKO-14,NA,SNASS CREEK
1964,PKO,PKO-14,169011146,KITKATLA CREEK
1965,PKO,PKO-14,169004468,LITTLE USELESS CREEK
1966,PKO,PKO-14,169004079,USELESS CREEK
1967,PKO,PKO-14,169003596,HUNT INLET CREEK
2030,PKO,PKO-12,92017154,KLEMTU CREEK
2090,PKO,PKO-08,9016700,AIRPORT SIDE CHANNEL
2092,PKO,PKO-08,NA,GARBAGE DUMP CREEK
2095,PKO,PKO-08,9016700,SKIMLETS CREEK
2096,PKO,PKO-12,154059672,WALKER ISLAND CREEK
2107,PKO,PKO-16,NA,BABINE LAKE
2108,PKO,PKO-16,NA,BABINE RIVER-SECTION 5
2110,PKO,PKO-16,4034816,FULTON RIVER-ABOVE WEIR
2114,PKO,PKO-16,4064682,PINKUT CREEK-ABOVE WEIR
2239,PKO,PKO-08,9017502,CLAYTON FALLS CREEK
2241,PKO,PKO-08,9017995,TASTSQUAN CREEK
2242,PKO,PKO-08,9017763,THORSEN CREEK
2244,PKO,PKO-08,9018189,NOOHALK CREEK
2245,PKO,PKO-08,9016331,NOOKLIKONNIK CREEK
2246,PKO,PKO-08,9017118,FISH CREEK
2250,PKO,PKO-08,9014200,NUSATSUM RIVER
2307,PKO,PKO-17,244013028,CROW LAGOON CREEK
2308,PKO,PKO-17,244036108,CEDAR CREEK
2309,PKO,PKO-17,244010924,TRACY BAY CREEK #2
2311,PKO,PKO-17,244002952,PIRATE COVE CREEK
2312,PKO,PKO-17,244003599,CRAG CREEK
2313,PKO,PKO-14,244025505,BRUNDIGE CREEK-WEST
2340,PKO,PKO-12,93051965,SYLVIA CREEK
2341,PKO,PKO-11,NA,BUCK CHANNEL CREEK #5
2344,PKO,PKO-15,87056749,ALICE CREEK
2346,PKO,PKO-15,87028319,MAYO CREEK
2651,PKO,PKO-11,NA,BUCK CHANNEL CREEK #6
2653,PKO,PKO-14,169007083,SALT LAGOON CREEK
2655,PKO,PKO-13,84058626,WATHLSTO CREEK
2683,PKO,PKO-12,154063002,COOPER INLET-ADA COVE CREEK
2687,PKO,PKO-12,154064017,COOPER INLET-FANNIE COVE LH CREEK
2689,PKO,PKO-12,149077382,BULLOCK CHANNEL #2 CREEK
2690,PKO,PKO-12,149084071,BULLOCK CHANNEL #3 NORTH CREEK
2691,PKO,PKO-12,149090368,BULLOCK CHANNEL #3 SOUTH CREEK
2692,PKO,PKO-13,154033096,JENNY BAY WEST CREEK
2693,PKO,PKO-13,154035242,JENNY BAY SOUTH CREEK
2708,PKO,PKO-12,154064017,COOPER INLET-FANNIE COVE RH CREEK
2747,PKO,PKO-12,93056718,RED BLUFF CREEK
2799,PKO,PKO-16,82026130,STEEP CANYON CREEK
2831,PKO,PKO-12,120038622,GOIN CREEK
3403,PKO,PKO-08,9015022,SALLOOMT RIVER
3550,PKO,PKO-14,93002378,KUBAS CREEK
3553,PKO,PKO-13,79011999,HAWKSBURY ISLAND CREEK
3555,PKO,PKO-13,154031533,JENNY BAY EAST CREEK
358,PKO,PKO-08,3020927,ATNARKO SPAWNING CHANNEL
372,PKO,PKO-08,162132931,NEKITE SPAWNING CHANNEL
429,PKO,PKO-12,120002876,LADEKIN CREEK
443,PKO,PKO-15,NA,SKEENA RIVER-WEST
444,PKO,PKO-15,123027279,EXSTEW SLOUGH
445,PKO,PKO-15,123025362,SHAMES SLOUGH
446,PKO,PKO-15,123057554,MCNEIL RIVER
447,PKO,PKO-15,123061979,ECSTALL RIVER
448,PKO,PKO-15,123076851,HAYWARD CREEK
449,PKO,PKO-15,123081694,MADELINE CREEK
450,PKO,PKO-15,123083174,BIG FALLS CREEK
451,PKO,PKO-15,123088179,LOCKERBY CREEK
452,PKO,PKO-15,123089676,MUDDY CREEK
453,PKO,PKO-15,123091651,SPARKLING CREEK
454,PKO,PKO-15,123093131,JOHNSTON CREEK
455,PKO,PKO-15,123093131,JOHNSTON LAKE
456,PKO,PKO-15,123053244,KHYEX RIVER
457,PKO,PKO-15,123063473,SCOTIA RIVER
458,PKO,PKO-15,123055903,KWINITSA CREEK
459,PKO,PKO-15,123042822,KASIKS RIVER
460,PKO,PKO-15,123043312,GITNADOIX RIVER
462,PKO,PKO-15,123043171,CLAY CREEK
463,PKO,PKO-15,123047918,DOG TAG CREEK
464,PKO,PKO-15,123060890,MAGAR CREEK
465,PKO,PKO-15,123079403,KADEEN CREEK
468,PKO,PKO-15,123031244,ANDESITE CREEK
469,PKO,PKO-15,123027279,EXSTEW RIVER
470,PKO,PKO-15,123025362,SHAMES RIVER
471,PKO,PKO-15,123025829,MIDDLE CREEK
473,PKO,PKO-15,87083765,ZYMAGOTITZ RIVER
474,PKO,PKO-15,87077813,ERLANDSEN CREEK
475,PKO,PKO-15,87076673,MOLYBDENUM CREEK
476,PKO,PKO-15,87083539,THORNHILL CREEK
477,PKO,PKO-15,87071424,KLEANZA CREEK
478,PKO,PKO-15,87070861,SINGLEHURST CREEK
479,PKO,PKO-15,87063615,LOWRIE CREEK
480,PKO,PKO-15,87061031,CHIMDEMASH CREEK
481,PKO,PKO-15,87059752,SHANNON CREEK
482,PKO,PKO-15,87026593,FIDDLER CREEK
484,PKO,PKO-15,87009158,WILSON CREEK
486,PKO,PKO-16,82069086,PRICE CREEK
488,PKO,PKO-16,82068481,KITWANGA RIVER
489,PKO,PKO-16,82058210,MOONLIT CREEK
490,PKO,PKO-16,82069196,SHANDILLA CREEK
491,PKO,PKO-16,82066660,COMEAU CREEK
492,PKO,PKO-16,82065711,BURDICK CREEK
493,PKO,PKO-16,82063679,CHICAGO CREEK
494,PKO,PKO-16,82060765,HAZELTON CREEK
495,PKO,PKO-16,82057977,GLEN VOWELL CREEK
496,PKO,PKO-16,82055197,SHEGUNIA RIVER
498,PKO,PKO-16,141016225,SLAMGEESH RIVER
499,PKO,PKO-16,141008899,DAMSHILGWIT CREEK
501254,PKO,PKO-16,4034816,FULTON RIVER
501255,PKO,PKO-16,4064682,PINKUT CREEK
504,PKO,PKO-15,123039608,EXCHAMSIKS RIVER
505,PKO,PKO-15,109000272,LAKELSE RIVER
506,PKO,PKO-15,109001183,WHITE CREEK
507,PKO,PKO-15,109002954,COLDWATER CREEK
508,PKO,PKO-15,109003276,HERMAN CREEK
510,PKO,PKO-15,109006022,CLEARWATER CREEK
511,PKO,PKO-15,109005007,SCHULBUCKHAND CREEK
513,PKO,PKO-15,109003440,HATCHERY CREEK
514,PKO,PKO-15,109003106,NORTH GRANITE CREEK
515,PKO,PKO-15,109002678,FURLONG CREEK
517,PKO,PKO-15,109001732,WILLIAMS CREEK
518,PKO,PKO-15,109001100,SOCKEYE CREEK
521,PKO,PKO-15,87081519,KITSUMKALUM RIVER-LOWER
522,PKO,PKO-15,87079310,SPRING CREEK
523,PKO,PKO-15,87074546,DEEP CREEK
524,PKO,PKO-15,87066731,LEAN-TO CREEK
526,PKO,PKO-15,87054867,STAR CREEK
531,PKO,PKO-15,87026828,CEDAR RIVER
533,PKO,PKO-15,245024871,ZYMOETZ RIVER-LOWER
537,PKO,PKO-16,82069113,KITSEGUECLA RIVER
538,PKO,PKO-16,82072677,DEEP CANYON CREEK
540,PKO,PKO-16,17011102,BULKLEY RIVER-LOWER
541,PKO,PKO-16,17011102,BULKLEY RIVER-UPPER
542,PKO,PKO-16,17011371,STATION CREEK
543,PKO,PKO-16,17012494,SUSKWA RIVER
545,PKO,PKO-16,17018820,PORPHYRY CREEK
546,PKO,PKO-16,17020439,SHARPE CREEK
547,PKO,PKO-16,17027660,CAUSQUA CREEK
549,PKO,PKO-16,17034528,TROUT CREEK
550,PKO,PKO-16,17035138,TOBOGGAN CREEK
554,PKO,PKO-16,17042212,KATHLYN CREEK
556,PKO,PKO-16,139004724,MORICE RIVER
559,PKO,PKO-16,139028275,THAUTIL RIVER
560,PKO,PKO-16,139028196,GOSNELL CREEK
561,PKO,PKO-16,139040116,NANIKA RIVER
563,PKO,PKO-16,17094080,BUCK CREEK
566,PKO,PKO-16,82055449,KISPIOX RIVER
567,PKO,PKO-16,82051187,DATE CREEK
568,PKO,PKO-16,82046609,HEVENOR CREEK
569,PKO,PKO-16,82040500,MCCULLY CREEK
570,PKO,PKO-16,82039762,MURDER CREEK
571,PKO,PKO-16,82033779,CULLON CREEK
572,PKO,PKO-16,82032246,IRONSIDE CREEK
573,PKO,PKO-16,82030840,TWIN LAKE CREEK
576,PKO,PKO-16,82026085,SKUNSNAT CREEK
577,PKO,PKO-16,82026159,CLIFFORD CREEK
579,PKO,PKO-16,82024946,SWEETIN RIVER
581,PKO,PKO-16,82024493,NANGEESE RIVER
592,PKO,PKO-16,NA,BABINE RIVER-SECTIONS 1 TO 3
593,PKO,PKO-16,NA,BABINE RIVER-SECTION 4
594,PKO,PKO-16,5084501,NILKITKWA RIVER
595,PKO,PKO-16,5085721,NICHYESKWA CREEK
596,PKO,PKO-16,5087031,BOUCHER CREEK
597,PKO,PKO-16,4007003,TSEZAKWA CREEK
598,PKO,PKO-16,4010953,FIVE MILE CREEK
599,PKO,PKO-16,4013366,NINE MILE CREEK
601,PKO,PKO-16,4016329,MORRISON CREEK
606,PKO,PKO-16,4036021,TACHEK CREEK
608,PKO,PKO-16,4041330,SOCKEYE CREEK
610,PKO,PKO-16,4049983,PIERRE CREEK
611,PKO,PKO-16,4051781,TWAIN CREEK
615,PKO,PKO-16,4060838,GULLWING CREEK
616,PKO,PKO-16,4063546,FOUR MILE CREEK
621,PKO,PKO-16,194048446,BEAR RIVER
625,PKO,PKO-16,194040038,ASITKA RIVER
629,PKO,PKO-17,NA,NASS RIVER
630,PKO,PKO-17,111070204,KSI GINGOLX
631,PKO,PKO-17,111077435,CHAMBERS CREEK
632,PKO,PKO-17,111076194,FLEWIN CREEK
633,PKO,PKO-17,111074895,WELDA CREEK
634,PKO,PKO-17,111074399,KSGYUKWSA'A
635,PKO,PKO-17,111069841,XNUKW
638,PKO,PKO-17,111068049,DISKANGIEQ CREEK
639,PKO,PKO-17,111067959,GINLULAK CREEK
641,PKO,PKO-17,111063876,KSI MAT'IN
642,PKO,PKO-17,111062742,KSEMAMAITH CREEK
643,PKO,PKO-17,111057520,ANSEDAGAN CREEK
644,PKO,PKO-17,111055036,WEGILADAP CREEK
645,PKO,PKO-17,111055359,KWINYARH CREEK
646,PKO,PKO-17,111052708,WILYAYAANOOTH CREEK
647,PKO,PKO-17,111053629,KSI TS'OOHL TS'AP
648,PKO,PKO-17,111053629,KSI TS'OOHL TS'AP
649,PKO,PKO-17,111049156,VETTER CREEK
650,PKO,PKO-17,111046954,KSGA'MAAL
651,PKO,PKO-17,111046191,KSI SII AKS
652,PKO,PKO-17,111046191,KSI SII AKS
653,PKO,PKO-17,111046174,GINGIT CREEK
654,PKO,PKO-17,111048760,GITZYON CREEK
655,PKO,PKO-17,111038899,KSI SGASGINIST
656,PKO,PKO-18,111018944,TCHITIN RIVER
661,PKO,PKO-17,111072066,KSI HLGINX
662,PKO,PKO-18,80047263,KINSKUCH RIVER
663,PKO,PKO-18,111012642,CRANBERRY RIVER
664,PKO,PKO-18,111015062,KITEEN RIVER
7990585,PKO,PKO-13,120000503,HOME BAY CREEKS
7990588,PKO,PKO-12,NA,RETURN CHANNEL CREEK
7990591,PKO,PKO-12,NA,RESCUE BAY CREEK
7990598,PKO,PKO-18,80019612,MEZIADIN RIVER
7990611,PKO,PKO-13,149070368,WORAN CREEK
7990614,PKO,PKO-13,83014333,KITLOPE RIVER
7990621,PKO,PKO-12,NA,CHOKE PASS CREEKS
913,PKO,PKO-12,162146876,TAKUSH RIVER
914,PKO,PKO-08,162150536,DOCEE RIVER
917,PKO,PKO-08,162139258,WALKUM CREEK
918,PKO,PKO-08,162132931,NEKITE RIVER
921,PKO,PKO-12,162135817,BOSWELL CREEK
924,PKO,PKO-12,162139847,DSULISH CREEK
926,PKO,PKO-12,162135116,HOGAN CREEK
927,PKO,PKO-12,162132133,ROBERT ARM CREEK
928,PKO,PKO-08,162131822,DRANEY CREEK
929,PKO,PKO-08,162131635,LOCKHART GORDON CREEK
930,PKO,PKO-08,162124605,ALLARD CREEK
931,PKO,PKO-12,162118726,JOHNSTON CREEK
932,PKO,PKO-12,162114439,NEWICHY CREEK
933,PKO,PKO-08,162101928,SANDELL RIVER
934,PKO,PKO-08,162081481,NICKNAQUEET RIVER
935,PKO,PKO-08,162080164,WANNOCK RIVER
937,PKO,PKO-08,162077543,AMBACK CREEK
938,PKO,PKO-08,162082680,DALLERY CREEK
939,PKO,PKO-08,162079248,ASHLULM CREEK
941,PKO,PKO-08,162088027,NEECHANZ RIVER
942,PKO,PKO-08,162085007,GENESEE CREEK
943,PKO,PKO-08,162068572,SHEEMAHANT RIVER
944,PKO,PKO-08,162044766,INZIANA RIVER
945,PKO,PKO-08,162037214,WASHWASH RIVER
946,PKO,PKO-08,162042018,TZEO RIVER
947,PKO,PKO-08,162071799,KILBELLA RIVER
948,PKO,PKO-08,162069950,CHUCKWALLA RIVER
949,PKO,PKO-08,158044396,CLYAK RIVER
950,PKO,PKO-08,158041445,YOUNG RIVER
951,PKO,PKO-08,158040674,NIEL CREEK
952,PKO,PKO-08,158051613,MILTON RIVER
953,PKO,PKO-12,158059155,MACNAIR CREEK
955,PKO,PKO-12,158076176,BEAVER CREEK
956,PKO,PKO-12,158058155,THIRD CREEK
957,PKO,PKO-12,158051884,KOEYE RIVER
958,PKO,PKO-12,158048901,COLD CREEK
959,PKO,PKO-12,158044798,NAMU RIVER
960,PKO,PKO-12,158036949,NOOTUM RIVER
961,PKO,PKO-13,158025415,QUATLENA RIVER
962,PKO,PKO-13,158020497,KWATNA RIVER
963,PKO,PKO-13,158000005,THORWALD CREEK
964,PKO,PKO-08,162015169,ASSEEK RIVER
965,PKO,PKO-08,162009903,TALEOMEY RIVER
966,PKO,PKO-08,162009366,NOEICK RIVER
967,PKO,PKO-08,9037401,CAMP CREEK
968,PKO,PKO-08,9016700,BELLA COOLA RIVER
969,PKO,PKO-08,9016729,SNOOTLI CREEK
970,PKO,PKO-08,3020927,ATNARKO RIVER
971,PKO,PKO-08,154019063,NECLEETSCONNAY RIVER
972,PKO,PKO-08,154019010,NIEUMIAMUS CREEK
973,PKO,PKO-08,154021603,NOOSESECK RIVER
974,PKO,PKO-08,154004202,NUSASH CREEK
975,PKO,PKO-08,100053590,DEAN RIVER
976,PKO,PKO-13,83083301,GRANTHAM CREEK
977,PKO,PKO-13,83071057,KIMSQUIT RIVER
978,PKO,PKO-13,149044492,SKOWQUILTZ RIVER
979,PKO,PKO-13,149049096,DEEP BAY CREEK
980,PKO,PKO-13,149059630,STEELHEAD CREEK
981,PKO,PKO-13,149069677,NASCALL CREEK
983,PKO,PKO-13,149041873,CASCADE RIVER
984,PKO,PKO-13,149079673,ELCHO CREEK
985,PKO,PKO-13,149090720,FRENCHMAN CREEK
986,PKO,PKO-13,149085485,MARTIN RIVER
987,PKO,PKO-12,149096818,GOAT BUSHU CREEK
988,PKO,PKO-12,149095873,WALKER LAKE CREEK
989,PKO,PKO-12,149089693,CLATSE CREEK
990,PKO,PKO-13,149070422,RAINBOW CREEK
991,PKO,PKO-13,149065760,ROSCOE CREEK
992,PKO,PKO-13,149059812,LEE CREEK
993,PKO,PKO-13,149059390,QUARTCHA CREEK
995,PKO,PKO-12,NA,BULLOCK CHANNEL CREEKS
996,PKO,PKO-12,149056620,ELLERSLIE LAGOON CREEK
997,PKO,PKO-13,149031920,PINE RIVER
998,PKO,PKO-12,149062892,CHEENIS LAKE CREEK
999,PKO,PKO-12,149064939,NEEKAS CREEK
