SpeciesId,StatArea.CU,CU_Name,BroodYear,Escape,TR2,TR3,TR4,TR5,TR6,TR7,Total,Total.ER,Age2,Age3,Age4,Age5,Age6,Age7
CM,CM-007,Bute Inlet,1948,NA,NA,NA,NA,NA,NA,NA,NA,NA,NA,NA,NA,NA,NA,NA
CM,CM-007,Bute Inlet,1949,NA,NA,NA,NA,NA,NA,NA,NA,NA,NA,NA,NA,NA,NA,NA
CM,CM-007,Bute Inlet,1950,NA,NA,NA,NA,NA,NA,NA,NA,NA,NA,NA,NA,NA,NA,NA
CM,CM-007,Bute Inlet,1951,NA,NA,NA,NA,NA,NA,NA,NA,NA,NA,NA,NA,NA,NA,NA
CM,CM-007,Bute Inlet,1952,NA,NA,NA,NA,NA,NA,NA,NA,NA,NA,NA,NA,NA,NA,NA
CM,CM-007,Bute Inlet,1953,25500,NA,NA,NA,NA,NA,NA,NA,NA,NA,NA,NA,NA,NA,NA
CM,CM-007,Bute Inlet,1954,18000,NA,NA,NA,NA,NA,NA,NA,NA,NA,NA,NA,NA,NA,NA
CM,CM-007,Bute Inlet,1955,7950,NA,NA,NA,NA,NA,NA,NA,NA,NA,NA,NA,NA,NA,NA
CM,CM-007,Bute Inlet,1956,4850,NA,NA,NA,NA,NA,NA,NA,NA,NA,NA,NA,NA,NA,NA
CM,CM-007,Bute Inlet,1957,89500,NA,NA,NA,NA,NA,NA,NA,NA,NA,NA,NA,NA,NA,NA
CM,CM-007,Bute Inlet,1958,20750,NA,NA,NA,NA,NA,NA,NA,NA,NA,NA,NA,NA,NA,NA
CM,CM-007,Bute Inlet,1959,16150,NA,NA,NA,NA,NA,NA,NA,NA,NA,NA,NA,NA,NA,NA
CM,CM-007,Bute Inlet,1960,5600,NA,NA,NA,NA,NA,NA,NA,NA,NA,NA,NA,NA,NA,NA
CM,CM-007,Bute Inlet,1961,8150,NA,NA,NA,NA,NA,NA,NA,NA,NA,NA,NA,NA,NA,NA
CM,CM-007,Bute Inlet,1962,8500,NA,NA,NA,NA,NA,NA,NA,NA,NA,NA,NA,NA,NA,NA
CM,CM-007,Bute Inlet,1963,8150,NA,NA,NA,NA,NA,NA,NA,NA,NA,NA,NA,NA,NA,NA
CM,CM-007,Bute Inlet,1964,23446.18425,NA,NA,NA,NA,NA,NA,NA,NA,NA,NA,NA,NA,NA,NA
CM,CM-007,Bute Inlet,1965,2662.012185,NA,NA,NA,NA,NA,NA,NA,NA,NA,NA,NA,NA,NA,NA
CM,CM-007,Bute Inlet,1966,12150,NA,NA,NA,NA,NA,NA,NA,NA,NA,NA,NA,NA,NA,NA
CM,CM-007,Bute Inlet,1967,11275,NA,NA,NA,NA,NA,NA,NA,NA,NA,NA,NA,NA,NA,NA
CM,CM-007,Bute Inlet,1968,19146.01072,NA,NA,NA,NA,NA,NA,NA,NA,NA,NA,NA,NA,NA,NA
CM,CM-007,Bute Inlet,1969,7998.941498,NA,NA,NA,NA,NA,NA,NA,NA,NA,NA,NA,NA,NA,NA
CM,CM-007,Bute Inlet,1970,11225,NA,NA,NA,NA,NA,NA,NA,NA,NA,NA,NA,NA,NA,NA
CM,CM-007,Bute Inlet,1971,5194.117856,NA,NA,NA,NA,NA,NA,NA,NA,NA,NA,NA,NA,NA,NA
CM,CM-007,Bute Inlet,1972,155823.5357,NA,NA,NA,NA,NA,NA,NA,NA,NA,NA,NA,NA,NA,NA
CM,CM-007,Bute Inlet,1973,44150.00177,NA,NA,NA,NA,NA,NA,NA,NA,NA,NA,NA,NA,NA,NA
CM,CM-007,Bute Inlet,1974,43718.43089,NA,NA,NA,NA,NA,NA,NA,NA,NA,NA,NA,NA,NA,NA
CM,CM-007,Bute Inlet,1975,7271.764998,NA,NA,NA,NA,NA,NA,NA,NA,NA,NA,NA,NA,NA,NA
CM,CM-007,Bute Inlet,1976,15582.35357,NA,NA,NA,NA,NA,NA,NA,NA,NA,NA,NA,NA,NA,NA
CM,CM-007,Bute Inlet,1977,88300.00355,NA,NA,NA,NA,NA,NA,NA,NA,NA,NA,NA,NA,NA,NA
CM,CM-007,Bute Inlet,1978,176600.0071,NA,NA,NA,NA,NA,NA,NA,NA,NA,NA,NA,NA,NA,NA
CM,CM-007,Bute Inlet,1979,36358.82499,NA,NA,NA,NA,NA,NA,NA,NA,NA,NA,NA,NA,NA,NA
CM,CM-007,Bute Inlet,1980,148483.9681,NA,NA,NA,NA,NA,NA,NA,NA,NA,NA,NA,NA,NA,NA
CM,CM-007,Bute Inlet,1981,131151.4759,NA,NA,NA,NA,NA,NA,NA,NA,NA,NA,NA,NA,NA,NA
CM,CM-007,Bute Inlet,1982,207764.7142,NA,NA,NA,NA,NA,NA,NA,NA,NA,NA,NA,NA,NA,NA
CM,CM-007,Bute Inlet,1983,85517.14145,NA,NA,NA,NA,NA,NA,NA,NA,NA,NA,NA,NA,NA,NA
CM,CM-007,Bute Inlet,1984,109076.475,NA,NA,NA,NA,NA,NA,NA,NA,NA,NA,NA,NA,NA,NA
CM,CM-007,Bute Inlet,1985,79470.00319,NA,NA,NA,NA,NA,NA,NA,NA,NA,NA,NA,NA,NA,NA
CM,CM-007,Bute Inlet,1986,274392.0253,NA,NA,NA,NA,NA,NA,NA,NA,NA,NA,NA,NA,NA,NA
CM,CM-007,Bute Inlet,1987,82586.47391,NA,NA,NA,NA,NA,NA,NA,NA,NA,NA,NA,NA,NA,NA
CM,CM-007,Bute Inlet,1988,112712.3575,NA,NA,NA,NA,NA,NA,NA,NA,NA,NA,NA,NA,NA,NA
CM,CM-007,Bute Inlet,1989,22854.11856,NA,NA,NA,NA,NA,NA,NA,NA,NA,NA,NA,NA,NA,NA
CM,CM-007,Bute Inlet,1990,12465.88285,NA,NA,NA,NA,NA,NA,NA,NA,NA,NA,NA,NA,NA,NA
CM,CM-007,Bute Inlet,1991,44934.15561,NA,NA,NA,NA,NA,NA,NA,NA,NA,NA,NA,NA,NA,NA
CM,CM-007,Bute Inlet,1992,197376.4785,NA,NA,NA,NA,NA,NA,NA,NA,NA,NA,NA,NA,NA,NA
CM,CM-007,Bute Inlet,1993,200492.9492,NA,NA,NA,NA,NA,NA,NA,NA,NA,NA,NA,NA,NA,NA
CM,CM-007,Bute Inlet,1994,106479.416,NA,NA,NA,NA,NA,NA,NA,NA,NA,NA,NA,NA,NA,NA
CM,CM-007,Bute Inlet,1995,59212.94355,NA,NA,NA,NA,NA,NA,NA,NA,NA,NA,NA,NA,NA,NA
CM,CM-007,Bute Inlet,1996,24572.42017,NA,NA,NA,NA,NA,NA,NA,NA,NA,NA,NA,NA,NA,NA
CM,CM-007,Bute Inlet,1997,27797.55032,NA,NA,NA,NA,NA,NA,NA,NA,NA,NA,NA,NA,NA,NA
CM,CM-007,Bute Inlet,1998,20686.2217,NA,NA,NA,NA,NA,NA,NA,NA,NA,NA,NA,NA,NA,NA
CM,CM-007,Bute Inlet,1999,10392.08603,NA,NA,NA,NA,NA,NA,NA,NA,NA,NA,NA,NA,NA,NA
CM,CM-007,Bute Inlet,2000,10343.11085,NA,NA,NA,NA,NA,NA,NA,NA,NA,NA,NA,NA,NA,NA
CM,CM-007,Bute Inlet,2001,51715.55425,NA,NA,NA,NA,NA,NA,NA,NA,NA,NA,NA,NA,NA,NA
CM,CM-007,Bute Inlet,2002,58772.14163,NA,NA,NA,NA,NA,NA,NA,NA,NA,NA,NA,NA,NA,NA
CM,CM-007,Bute Inlet,2003,34500.73913,NA,NA,NA,NA,NA,NA,NA,NA,NA,NA,NA,NA,NA,NA
CM,CM-007,Bute Inlet,2004,1247.583615,NA,NA,NA,NA,NA,NA,NA,NA,NA,NA,NA,NA,NA,NA
CM,CM-007,Bute Inlet,2005,NA,NA,NA,NA,NA,NA,NA,NA,NA,NA,NA,NA,NA,NA,NA
CM,CM-007,Bute Inlet,2006,NA,NA,NA,NA,NA,NA,NA,NA,NA,NA,NA,NA,NA,NA,NA
CM,CM-007,Bute Inlet,2007,507.4916398,NA,NA,NA,NA,NA,NA,NA,NA,NA,NA,NA,NA,NA,NA
CM,CM-007,Bute Inlet,2008,NA,NA,NA,NA,NA,NA,NA,NA,NA,NA,NA,NA,NA,NA,NA
CM,CM-007,Bute Inlet,2009,NA,NA,NA,NA,NA,NA,NA,NA,NA,NA,NA,NA,NA,NA,NA
CM,CM-007,Bute Inlet,2010,NA,NA,NA,NA,NA,NA,NA,NA,NA,NA,NA,NA,NA,NA,NA
CM,CM-007,Bute Inlet,2011,NA,NA,NA,NA,NA,NA,NA,NA,NA,NA,NA,NA,NA,NA,NA
CM,CM-007,Bute Inlet,2012,NA,NA,NA,NA,NA,NA,NA,NA,NA,NA,NA,NA,NA,NA,NA
CM,CM-007,Bute Inlet,2013,NA,NA,NA,NA,NA,NA,NA,NA,NA,NA,NA,NA,NA,NA,NA
CM,CM-007,Bute Inlet,2014,NA,NA,NA,NA,NA,NA,NA,NA,NA,NA,NA,NA,NA,NA,NA
CM,CM-007,Bute Inlet,2015,NA,NA,NA,NA,NA,NA,NA,NA,NA,NA,NA,NA,NA,NA,NA
CM,CM-007,Bute Inlet,2016,NA,NA,NA,NA,NA,NA,NA,NA,NA,NA,NA,NA,NA,NA,NA
CM,CM-007,Bute Inlet,2017,NA,NA,NA,NA,NA,NA,NA,NA,NA,NA,NA,NA,NA,NA,NA
CM,CM-004,Georgia Strait,1948,NA,NA,NA,NA,NA,NA,NA,NA,NA,NA,NA,NA,NA,NA,NA
CM,CM-004,Georgia Strait,1949,NA,NA,NA,NA,NA,NA,NA,NA,NA,NA,NA,NA,NA,NA,NA
CM,CM-004,Georgia Strait,1950,NA,NA,NA,NA,NA,NA,NA,NA,NA,NA,NA,NA,NA,NA,NA
CM,CM-004,Georgia Strait,1951,NA,NA,NA,NA,NA,NA,NA,NA,NA,NA,NA,NA,NA,NA,NA
CM,CM-004,Georgia Strait,1952,NA,NA,NA,NA,NA,NA,NA,NA,NA,NA,NA,NA,NA,NA,NA
CM,CM-004,Georgia Strait,1953,422449.9773,NA,NA,NA,NA,NA,NA,NA,NA,NA,NA,NA,NA,NA,NA
CM,CM-004,Georgia Strait,1954,536209.5866,NA,NA,NA,NA,NA,NA,NA,NA,NA,NA,NA,NA,NA,NA
CM,CM-004,Georgia Strait,1955,253706.6923,NA,NA,NA,NA,NA,NA,NA,NA,NA,NA,NA,NA,NA,NA
CM,CM-004,Georgia Strait,1956,240908.4805,NA,NA,NA,NA,NA,NA,NA,NA,NA,NA,NA,NA,NA,NA
CM,CM-004,Georgia Strait,1957,453033.9856,NA,NA,NA,NA,NA,NA,NA,NA,NA,NA,NA,NA,NA,NA
CM,CM-004,Georgia Strait,1958,562865.9442,NA,NA,NA,NA,NA,NA,NA,NA,NA,NA,NA,NA,NA,NA
CM,CM-004,Georgia Strait,1959,418963.8682,NA,NA,NA,NA,NA,NA,NA,NA,NA,NA,NA,NA,NA,NA
CM,CM-004,Georgia Strait,1960,287929.0543,NA,NA,NA,NA,NA,NA,NA,NA,NA,NA,NA,NA,NA,NA
CM,CM-004,Georgia Strait,1961,223481.2131,NA,NA,NA,NA,NA,NA,NA,NA,NA,NA,NA,NA,NA,NA
CM,CM-004,Georgia Strait,1962,295175.7461,NA,NA,NA,NA,NA,NA,NA,NA,NA,NA,NA,NA,NA,NA
CM,CM-004,Georgia Strait,1963,257243.0225,NA,NA,NA,NA,NA,NA,NA,NA,NA,NA,NA,NA,NA,NA
CM,CM-004,Georgia Strait,1964,261917.3166,NA,NA,NA,NA,NA,NA,NA,NA,NA,NA,NA,NA,NA,NA
CM,CM-004,Georgia Strait,1965,152389.943,NA,NA,NA,NA,NA,NA,NA,NA,NA,NA,NA,NA,NA,NA
CM,CM-004,Georgia Strait,1966,419795.2407,NA,NA,NA,NA,NA,NA,NA,NA,NA,NA,NA,NA,NA,NA
CM,CM-004,Georgia Strait,1967,288975.7755,NA,NA,NA,NA,NA,NA,NA,NA,NA,NA,NA,NA,NA,NA
CM,CM-004,Georgia Strait,1968,675325.5599,NA,NA,NA,NA,NA,NA,NA,NA,NA,NA,NA,NA,NA,NA
CM,CM-004,Georgia Strait,1969,486865.2826,NA,NA,NA,NA,NA,NA,NA,NA,NA,NA,NA,NA,NA,NA
CM,CM-004,Georgia Strait,1970,478066.8476,NA,NA,NA,NA,NA,NA,NA,NA,NA,NA,NA,NA,NA,NA
CM,CM-004,Georgia Strait,1971,294285.4612,NA,NA,NA,NA,NA,NA,NA,NA,NA,NA,NA,NA,NA,NA
CM,CM-004,Georgia Strait,1972,632853.851,NA,NA,NA,NA,NA,NA,NA,NA,NA,NA,NA,NA,NA,NA
CM,CM-004,Georgia Strait,1973,618264.9514,NA,NA,NA,NA,NA,NA,NA,NA,NA,NA,NA,NA,NA,NA
CM,CM-004,Georgia Strait,1974,519724.5254,NA,NA,NA,NA,NA,NA,NA,NA,NA,NA,NA,NA,NA,NA
CM,CM-004,Georgia Strait,1975,334229.4687,NA,NA,NA,NA,NA,NA,NA,NA,NA,NA,NA,NA,NA,NA
CM,CM-004,Georgia Strait,1976,295309.1028,NA,NA,NA,NA,NA,NA,NA,NA,NA,NA,NA,NA,NA,NA
CM,CM-004,Georgia Strait,1977,515572.1757,NA,NA,NA,NA,NA,NA,NA,NA,NA,NA,NA,NA,NA,NA
CM,CM-004,Georgia Strait,1978,669366.0864,NA,NA,NA,NA,NA,NA,NA,NA,NA,NA,NA,NA,NA,NA
CM,CM-004,Georgia Strait,1979,373056.2266,NA,NA,NA,NA,NA,NA,NA,NA,NA,NA,NA,NA,NA,NA
CM,CM-004,Georgia Strait,1980,585861.1183,NA,NA,NA,NA,NA,NA,NA,NA,NA,NA,NA,NA,NA,NA
CM,CM-004,Georgia Strait,1981,537083.7178,NA,NA,NA,NA,NA,NA,NA,NA,NA,NA,NA,NA,NA,NA
CM,CM-004,Georgia Strait,1982,600125.9734,NA,NA,NA,NA,NA,NA,NA,NA,NA,NA,NA,NA,NA,NA
CM,CM-004,Georgia Strait,1983,596075.4304,NA,NA,NA,NA,NA,NA,NA,NA,NA,NA,NA,NA,NA,NA
CM,CM-004,Georgia Strait,1984,689225.4977,NA,NA,NA,NA,NA,NA,NA,NA,NA,NA,NA,NA,NA,NA
CM,CM-004,Georgia Strait,1985,1082478.386,NA,NA,NA,NA,NA,NA,NA,NA,NA,NA,NA,NA,NA,NA
CM,CM-004,Georgia Strait,1986,793881.0956,NA,NA,NA,NA,NA,NA,NA,NA,NA,NA,NA,NA,NA,NA
CM,CM-004,Georgia Strait,1987,725398.4616,NA,NA,NA,NA,NA,NA,NA,NA,NA,NA,NA,NA,NA,NA
CM,CM-004,Georgia Strait,1988,692829.8708,NA,NA,NA,NA,NA,NA,NA,NA,NA,NA,NA,NA,NA,NA
CM,CM-004,Georgia Strait,1989,336423.6635,NA,NA,NA,NA,NA,NA,NA,NA,NA,NA,NA,NA,NA,NA
CM,CM-004,Georgia Strait,1990,715291.5779,NA,NA,NA,NA,NA,NA,NA,NA,NA,NA,NA,NA,NA,NA
CM,CM-004,Georgia Strait,1991,665022.0387,NA,NA,NA,NA,NA,NA,NA,NA,NA,NA,NA,NA,NA,NA
CM,CM-004,Georgia Strait,1992,822599.4273,NA,NA,NA,NA,NA,NA,NA,NA,NA,NA,NA,NA,NA,NA
CM,CM-004,Georgia Strait,1993,1101299.497,NA,NA,NA,NA,NA,NA,NA,NA,NA,NA,NA,NA,NA,NA
CM,CM-004,Georgia Strait,1994,874966.611,NA,NA,NA,NA,NA,NA,NA,NA,NA,NA,NA,NA,NA,NA
CM,CM-004,Georgia Strait,1995,406952.3719,NA,NA,NA,NA,NA,NA,NA,NA,NA,NA,NA,NA,NA,NA
CM,CM-004,Georgia Strait,1996,390113.7651,NA,NA,NA,NA,NA,NA,NA,NA,NA,NA,NA,NA,NA,NA
CM,CM-004,Georgia Strait,1997,565469.0157,NA,NA,NA,NA,NA,NA,NA,NA,NA,NA,NA,NA,NA,NA
CM,CM-004,Georgia Strait,1998,1217503.005,NA,NA,NA,NA,NA,NA,NA,NA,NA,NA,NA,NA,NA,NA
CM,CM-004,Georgia Strait,1999,528944.0383,NA,NA,NA,NA,NA,NA,NA,NA,NA,NA,NA,NA,NA,NA
CM,CM-004,Georgia Strait,2000,204611.9607,NA,NA,NA,NA,NA,NA,NA,NA,NA,NA,NA,NA,NA,NA
CM,CM-004,Georgia Strait,2001,895000.2224,NA,NA,NA,NA,NA,NA,NA,NA,NA,NA,NA,NA,NA,NA
CM,CM-004,Georgia Strait,2002,891491.6577,NA,NA,NA,NA,NA,NA,NA,NA,NA,NA,NA,NA,NA,NA
CM,CM-004,Georgia Strait,2003,767021.1425,NA,NA,NA,NA,NA,NA,NA,NA,NA,NA,NA,NA,NA,NA
CM,CM-004,Georgia Strait,2004,948559.5518,NA,NA,NA,NA,NA,NA,NA,NA,NA,NA,NA,NA,NA,NA
CM,CM-004,Georgia Strait,2005,600984.8279,NA,NA,NA,NA,NA,NA,NA,NA,NA,NA,NA,NA,NA,NA
CM,CM-004,Georgia Strait,2006,718849.4072,NA,NA,NA,NA,NA,NA,NA,NA,NA,NA,NA,NA,NA,NA
CM,CM-004,Georgia Strait,2007,630823.6897,NA,NA,NA,NA,NA,NA,NA,NA,NA,NA,NA,NA,NA,NA
CM,CM-004,Georgia Strait,2008,484391.0279,NA,NA,NA,NA,NA,NA,NA,NA,NA,NA,NA,NA,NA,NA
CM,CM-004,Georgia Strait,2009,516362.2638,NA,NA,NA,NA,NA,NA,NA,NA,NA,NA,NA,NA,NA,NA
CM,CM-004,Georgia Strait,2010,313907.1295,NA,NA,NA,NA,NA,NA,NA,NA,NA,NA,NA,NA,NA,NA
CM,CM-004,Georgia Strait,2011,826501.7675,NA,NA,NA,NA,NA,NA,NA,NA,NA,NA,NA,NA,NA,NA
CM,CM-004,Georgia Strait,2012,881641.0565,NA,NA,NA,NA,NA,NA,NA,NA,NA,NA,NA,NA,NA,NA
CM,CM-004,Georgia Strait,2013,714061.3127,NA,NA,NA,NA,NA,NA,NA,NA,NA,NA,NA,NA,NA,NA
CM,CM-004,Georgia Strait,2014,540672.9212,NA,NA,NA,NA,NA,NA,NA,NA,NA,NA,NA,NA,NA,NA
CM,CM-004,Georgia Strait,2015,486086.963,NA,NA,NA,NA,NA,NA,NA,NA,NA,NA,NA,NA,NA,NA
CM,CM-004,Georgia Strait,2016,1054587.446,NA,NA,NA,NA,NA,NA,NA,NA,NA,NA,NA,NA,NA,NA
CM,CM-004,Georgia Strait,2017,593230.372,NA,NA,NA,NA,NA,NA,NA,NA,NA,NA,NA,NA,NA,NA
CM,CM-003,Howe Sound-Burrard Inlet,1948,NA,NA,NA,NA,NA,NA,NA,NA,NA,NA,NA,NA,NA,NA,NA
CM,CM-003,Howe Sound-Burrard Inlet,1949,NA,NA,NA,NA,NA,NA,NA,NA,NA,NA,NA,NA,NA,NA,NA
CM,CM-003,Howe Sound-Burrard Inlet,1950,NA,NA,NA,NA,NA,NA,NA,NA,NA,NA,NA,NA,NA,NA,NA
CM,CM-003,Howe Sound-Burrard Inlet,1951,NA,NA,NA,NA,NA,NA,NA,NA,NA,NA,NA,NA,NA,NA,NA
CM,CM-003,Howe Sound-Burrard Inlet,1952,NA,NA,NA,NA,NA,NA,NA,NA,NA,NA,NA,NA,NA,NA,NA
CM,CM-003,Howe Sound-Burrard Inlet,1953,39768.68531,NA,NA,NA,NA,NA,NA,NA,NA,NA,NA,NA,NA,NA,NA
CM,CM-003,Howe Sound-Burrard Inlet,1954,96544.14173,NA,NA,NA,NA,NA,NA,NA,NA,NA,NA,NA,NA,NA,NA
CM,CM-003,Howe Sound-Burrard Inlet,1955,41479.19488,NA,NA,NA,NA,NA,NA,NA,NA,NA,NA,NA,NA,NA,NA
CM,CM-003,Howe Sound-Burrard Inlet,1956,20745.24151,NA,NA,NA,NA,NA,NA,NA,NA,NA,NA,NA,NA,NA,NA
CM,CM-003,Howe Sound-Burrard Inlet,1957,111707.9738,NA,NA,NA,NA,NA,NA,NA,NA,NA,NA,NA,NA,NA,NA
CM,CM-003,Howe Sound-Burrard Inlet,1958,123444.5858,NA,NA,NA,NA,NA,NA,NA,NA,NA,NA,NA,NA,NA,NA
CM,CM-003,Howe Sound-Burrard Inlet,1959,255699.9324,NA,NA,NA,NA,NA,NA,NA,NA,NA,NA,NA,NA,NA,NA
CM,CM-003,Howe Sound-Burrard Inlet,1960,84672.7072,NA,NA,NA,NA,NA,NA,NA,NA,NA,NA,NA,NA,NA,NA
CM,CM-003,Howe Sound-Burrard Inlet,1961,50066.21495,NA,NA,NA,NA,NA,NA,NA,NA,NA,NA,NA,NA,NA,NA
CM,CM-003,Howe Sound-Burrard Inlet,1962,79724.30223,NA,NA,NA,NA,NA,NA,NA,NA,NA,NA,NA,NA,NA,NA
CM,CM-003,Howe Sound-Burrard Inlet,1963,67757.57127,NA,NA,NA,NA,NA,NA,NA,NA,NA,NA,NA,NA,NA,NA
CM,CM-003,Howe Sound-Burrard Inlet,1964,60448.16262,NA,NA,NA,NA,NA,NA,NA,NA,NA,NA,NA,NA,NA,NA
CM,CM-003,Howe Sound-Burrard Inlet,1965,25586.81557,NA,NA,NA,NA,NA,NA,NA,NA,NA,NA,NA,NA,NA,NA
CM,CM-003,Howe Sound-Burrard Inlet,1966,42899.2878,NA,NA,NA,NA,NA,NA,NA,NA,NA,NA,NA,NA,NA,NA
CM,CM-003,Howe Sound-Burrard Inlet,1967,63744.26815,NA,NA,NA,NA,NA,NA,NA,NA,NA,NA,NA,NA,NA,NA
CM,CM-003,Howe Sound-Burrard Inlet,1968,177452.8404,NA,NA,NA,NA,NA,NA,NA,NA,NA,NA,NA,NA,NA,NA
CM,CM-003,Howe Sound-Burrard Inlet,1969,109932.773,NA,NA,NA,NA,NA,NA,NA,NA,NA,NA,NA,NA,NA,NA
CM,CM-003,Howe Sound-Burrard Inlet,1970,182019.6366,NA,NA,NA,NA,NA,NA,NA,NA,NA,NA,NA,NA,NA,NA
CM,CM-003,Howe Sound-Burrard Inlet,1971,60565.89489,NA,NA,NA,NA,NA,NA,NA,NA,NA,NA,NA,NA,NA,NA
CM,CM-003,Howe Sound-Burrard Inlet,1972,462243.8476,NA,NA,NA,NA,NA,NA,NA,NA,NA,NA,NA,NA,NA,NA
CM,CM-003,Howe Sound-Burrard Inlet,1973,360387.6063,NA,NA,NA,NA,NA,NA,NA,NA,NA,NA,NA,NA,NA,NA
CM,CM-003,Howe Sound-Burrard Inlet,1974,202647.7701,NA,NA,NA,NA,NA,NA,NA,NA,NA,NA,NA,NA,NA,NA
CM,CM-003,Howe Sound-Burrard Inlet,1975,98690.97534,NA,NA,NA,NA,NA,NA,NA,NA,NA,NA,NA,NA,NA,NA
CM,CM-003,Howe Sound-Burrard Inlet,1976,175931.053,NA,NA,NA,NA,NA,NA,NA,NA,NA,NA,NA,NA,NA,NA
CM,CM-003,Howe Sound-Burrard Inlet,1977,196835.4579,NA,NA,NA,NA,NA,NA,NA,NA,NA,NA,NA,NA,NA,NA
CM,CM-003,Howe Sound-Burrard Inlet,1978,184054.236,NA,NA,NA,NA,NA,NA,NA,NA,NA,NA,NA,NA,NA,NA
CM,CM-003,Howe Sound-Burrard Inlet,1979,53456.7587,NA,NA,NA,NA,NA,NA,NA,NA,NA,NA,NA,NA,NA,NA
CM,CM-003,Howe Sound-Burrard Inlet,1980,334212.1786,NA,NA,NA,NA,NA,NA,NA,NA,NA,NA,NA,NA,NA,NA
CM,CM-003,Howe Sound-Burrard Inlet,1981,201657.3311,NA,NA,NA,NA,NA,NA,NA,NA,NA,NA,NA,NA,NA,NA
CM,CM-003,Howe Sound-Burrard Inlet,1982,194571.7209,NA,NA,NA,NA,NA,NA,NA,NA,NA,NA,NA,NA,NA,NA
CM,CM-003,Howe Sound-Burrard Inlet,1983,147553.4561,NA,NA,NA,NA,NA,NA,NA,NA,NA,NA,NA,NA,NA,NA
CM,CM-003,Howe Sound-Burrard Inlet,1984,211110.9851,NA,NA,NA,NA,NA,NA,NA,NA,NA,NA,NA,NA,NA,NA
CM,CM-003,Howe Sound-Burrard Inlet,1985,444374.294,NA,NA,NA,NA,NA,NA,NA,NA,NA,NA,NA,NA,NA,NA
CM,CM-003,Howe Sound-Burrard Inlet,1986,284980.1937,NA,NA,NA,NA,NA,NA,NA,NA,NA,NA,NA,NA,NA,NA
CM,CM-003,Howe Sound-Burrard Inlet,1987,113870.3862,NA,NA,NA,NA,NA,NA,NA,NA,NA,NA,NA,NA,NA,NA
CM,CM-003,Howe Sound-Burrard Inlet,1988,135619.6473,NA,NA,NA,NA,NA,NA,NA,NA,NA,NA,NA,NA,NA,NA
CM,CM-003,Howe Sound-Burrard Inlet,1989,85113.28413,NA,NA,NA,NA,NA,NA,NA,NA,NA,NA,NA,NA,NA,NA
CM,CM-003,Howe Sound-Burrard Inlet,1990,130015.6002,NA,NA,NA,NA,NA,NA,NA,NA,NA,NA,NA,NA,NA,NA
CM,CM-003,Howe Sound-Burrard Inlet,1991,166277.6667,NA,NA,NA,NA,NA,NA,NA,NA,NA,NA,NA,NA,NA,NA
CM,CM-003,Howe Sound-Burrard Inlet,1992,211051.2936,NA,NA,NA,NA,NA,NA,NA,NA,NA,NA,NA,NA,NA,NA
CM,CM-003,Howe Sound-Burrard Inlet,1993,150805.6311,NA,NA,NA,NA,NA,NA,NA,NA,NA,NA,NA,NA,NA,NA
CM,CM-003,Howe Sound-Burrard Inlet,1994,302697.5208,NA,NA,NA,NA,NA,NA,NA,NA,NA,NA,NA,NA,NA,NA
CM,CM-003,Howe Sound-Burrard Inlet,1995,127452.8471,NA,NA,NA,NA,NA,NA,NA,NA,NA,NA,NA,NA,NA,NA
CM,CM-003,Howe Sound-Burrard Inlet,1996,197681.0739,NA,NA,NA,NA,NA,NA,NA,NA,NA,NA,NA,NA,NA,NA
CM,CM-003,Howe Sound-Burrard Inlet,1997,289293.045,NA,NA,NA,NA,NA,NA,NA,NA,NA,NA,NA,NA,NA,NA
CM,CM-003,Howe Sound-Burrard Inlet,1998,117743.6247,NA,NA,NA,NA,NA,NA,NA,NA,NA,NA,NA,NA,NA,NA
CM,CM-003,Howe Sound-Burrard Inlet,1999,73228.73345,NA,NA,NA,NA,NA,NA,NA,NA,NA,NA,NA,NA,NA,NA
CM,CM-003,Howe Sound-Burrard Inlet,2000,336369.1962,NA,NA,NA,NA,NA,NA,NA,NA,NA,NA,NA,NA,NA,NA
CM,CM-003,Howe Sound-Burrard Inlet,2001,576186.3359,NA,NA,NA,NA,NA,NA,NA,NA,NA,NA,NA,NA,NA,NA
CM,CM-003,Howe Sound-Burrard Inlet,2002,597992.2369,NA,NA,NA,NA,NA,NA,NA,NA,NA,NA,NA,NA,NA,NA
CM,CM-003,Howe Sound-Burrard Inlet,2003,682191.6069,NA,NA,NA,NA,NA,NA,NA,NA,NA,NA,NA,NA,NA,NA
CM,CM-003,Howe Sound-Burrard Inlet,2004,1286833.179,NA,NA,NA,NA,NA,NA,NA,NA,NA,NA,NA,NA,NA,NA
CM,CM-003,Howe Sound-Burrard Inlet,2005,320275.3437,NA,NA,NA,NA,NA,NA,NA,NA,NA,NA,NA,NA,NA,NA
CM,CM-003,Howe Sound-Burrard Inlet,2006,49872.83283,NA,NA,NA,NA,NA,NA,NA,NA,NA,NA,NA,NA,NA,NA
CM,CM-003,Howe Sound-Burrard Inlet,2007,632119.7747,NA,NA,NA,NA,NA,NA,NA,NA,NA,NA,NA,NA,NA,NA
CM,CM-003,Howe Sound-Burrard Inlet,2008,462482.7009,NA,NA,NA,NA,NA,NA,NA,NA,NA,NA,NA,NA,NA,NA
CM,CM-003,Howe Sound-Burrard Inlet,2009,717813.4464,NA,NA,NA,NA,NA,NA,NA,NA,NA,NA,NA,NA,NA,NA
CM,CM-003,Howe Sound-Burrard Inlet,2010,233071.0226,NA,NA,NA,NA,NA,NA,NA,NA,NA,NA,NA,NA,NA,NA
CM,CM-003,Howe Sound-Burrard Inlet,2011,235971.8083,NA,NA,NA,NA,NA,NA,NA,NA,NA,NA,NA,NA,NA,NA
CM,CM-003,Howe Sound-Burrard Inlet,2012,962871.5435,NA,NA,NA,NA,NA,NA,NA,NA,NA,NA,NA,NA,NA,NA
CM,CM-003,Howe Sound-Burrard Inlet,2013,1162166.477,NA,NA,NA,NA,NA,NA,NA,NA,NA,NA,NA,NA,NA,NA
CM,CM-003,Howe Sound-Burrard Inlet,2014,292833.8901,NA,NA,NA,NA,NA,NA,NA,NA,NA,NA,NA,NA,NA,NA
CM,CM-003,Howe Sound-Burrard Inlet,2015,452855.0098,NA,NA,NA,NA,NA,NA,NA,NA,NA,NA,NA,NA,NA,NA
CM,CM-003,Howe Sound-Burrard Inlet,2016,1407648.3,NA,NA,NA,NA,NA,NA,NA,NA,NA,NA,NA,NA,NA,NA
CM,CM-003,Howe Sound-Burrard Inlet,2017,NA,NA,NA,NA,NA,NA,NA,NA,NA,NA,NA,NA,NA,NA,NA
CM,CM-006,Loughborough,1948,NA,NA,NA,NA,NA,NA,NA,NA,NA,NA,NA,NA,NA,NA,NA
CM,CM-006,Loughborough,1949,NA,NA,NA,NA,NA,NA,NA,NA,NA,NA,NA,NA,NA,NA,NA
CM,CM-006,Loughborough,1950,NA,NA,NA,NA,NA,NA,NA,NA,NA,NA,NA,NA,NA,NA,NA
CM,CM-006,Loughborough,1951,NA,NA,NA,NA,NA,NA,NA,NA,NA,NA,NA,NA,NA,NA,NA
CM,CM-006,Loughborough,1952,NA,NA,NA,NA,NA,NA,NA,NA,NA,NA,NA,NA,NA,NA,NA
CM,CM-006,Loughborough,1953,26625.75893,NA,NA,NA,NA,NA,NA,NA,NA,NA,NA,NA,NA,NA,NA
CM,CM-006,Loughborough,1954,33397.88163,NA,NA,NA,NA,NA,NA,NA,NA,NA,NA,NA,NA,NA,NA
CM,CM-006,Loughborough,1955,10662.21719,NA,NA,NA,NA,NA,NA,NA,NA,NA,NA,NA,NA,NA,NA
CM,CM-006,Loughborough,1956,14989.63171,NA,NA,NA,NA,NA,NA,NA,NA,NA,NA,NA,NA,NA,NA
CM,CM-006,Loughborough,1957,56658.10679,NA,NA,NA,NA,NA,NA,NA,NA,NA,NA,NA,NA,NA,NA
CM,CM-006,Loughborough,1958,38406.94237,NA,NA,NA,NA,NA,NA,NA,NA,NA,NA,NA,NA,NA,NA
CM,CM-006,Loughborough,1959,23950.83276,NA,NA,NA,NA,NA,NA,NA,NA,NA,NA,NA,NA,NA,NA
CM,CM-006,Loughborough,1960,8599.177767,NA,NA,NA,NA,NA,NA,NA,NA,NA,NA,NA,NA,NA,NA
CM,CM-006,Loughborough,1961,24626.9827,NA,NA,NA,NA,NA,NA,NA,NA,NA,NA,NA,NA,NA,NA
CM,CM-006,Loughborough,1962,20689.7559,NA,NA,NA,NA,NA,NA,NA,NA,NA,NA,NA,NA,NA,NA
CM,CM-006,Loughborough,1963,64559.01067,NA,NA,NA,NA,NA,NA,NA,NA,NA,NA,NA,NA,NA,NA
CM,CM-006,Loughborough,1964,114487.5048,NA,NA,NA,NA,NA,NA,NA,NA,NA,NA,NA,NA,NA,NA
CM,CM-006,Loughborough,1965,5523.964935,NA,NA,NA,NA,NA,NA,NA,NA,NA,NA,NA,NA,NA,NA
CM,CM-006,Loughborough,1966,32370.59556,NA,NA,NA,NA,NA,NA,NA,NA,NA,NA,NA,NA,NA,NA
CM,CM-006,Loughborough,1967,68593.8563,NA,NA,NA,NA,NA,NA,NA,NA,NA,NA,NA,NA,NA,NA
CM,CM-006,Loughborough,1968,92861.37269,NA,NA,NA,NA,NA,NA,NA,NA,NA,NA,NA,NA,NA,NA
CM,CM-006,Loughborough,1969,24088.58915,NA,NA,NA,NA,NA,NA,NA,NA,NA,NA,NA,NA,NA,NA
CM,CM-006,Loughborough,1970,157669.2774,NA,NA,NA,NA,NA,NA,NA,NA,NA,NA,NA,NA,NA,NA
CM,CM-006,Loughborough,1971,20057.93072,NA,NA,NA,NA,NA,NA,NA,NA,NA,NA,NA,NA,NA,NA
CM,CM-006,Loughborough,1972,83683.01334,NA,NA,NA,NA,NA,NA,NA,NA,NA,NA,NA,NA,NA,NA
CM,CM-006,Loughborough,1973,131991.7753,NA,NA,NA,NA,NA,NA,NA,NA,NA,NA,NA,NA,NA,NA
CM,CM-006,Loughborough,1974,32484.64928,NA,NA,NA,NA,NA,NA,NA,NA,NA,NA,NA,NA,NA,NA
CM,CM-006,Loughborough,1975,21094.55619,NA,NA,NA,NA,NA,NA,NA,NA,NA,NA,NA,NA,NA,NA
CM,CM-006,Loughborough,1976,16613.92844,NA,NA,NA,NA,NA,NA,NA,NA,NA,NA,NA,NA,NA,NA
CM,CM-006,Loughborough,1977,34878.32868,NA,NA,NA,NA,NA,NA,NA,NA,NA,NA,NA,NA,NA,NA
CM,CM-006,Loughborough,1978,20780.85224,NA,NA,NA,NA,NA,NA,NA,NA,NA,NA,NA,NA,NA,NA
CM,CM-006,Loughborough,1979,13258.01553,NA,NA,NA,NA,NA,NA,NA,NA,NA,NA,NA,NA,NA,NA
CM,CM-006,Loughborough,1980,17343.08395,NA,NA,NA,NA,NA,NA,NA,NA,NA,NA,NA,NA,NA,NA
CM,CM-006,Loughborough,1981,22898.65834,NA,NA,NA,NA,NA,NA,NA,NA,NA,NA,NA,NA,NA,NA
CM,CM-006,Loughborough,1982,50901.66525,NA,NA,NA,NA,NA,NA,NA,NA,NA,NA,NA,NA,NA,NA
CM,CM-006,Loughborough,1983,17212.87188,NA,NA,NA,NA,NA,NA,NA,NA,NA,NA,NA,NA,NA,NA
CM,CM-006,Loughborough,1984,22855.96626,NA,NA,NA,NA,NA,NA,NA,NA,NA,NA,NA,NA,NA,NA
CM,CM-006,Loughborough,1985,50801.31613,NA,NA,NA,NA,NA,NA,NA,NA,NA,NA,NA,NA,NA,NA
CM,CM-006,Loughborough,1986,40579.81883,NA,NA,NA,NA,NA,NA,NA,NA,NA,NA,NA,NA,NA,NA
CM,CM-006,Loughborough,1987,19382.39361,NA,NA,NA,NA,NA,NA,NA,NA,NA,NA,NA,NA,NA,NA
CM,CM-006,Loughborough,1988,92258.64848,NA,NA,NA,NA,NA,NA,NA,NA,NA,NA,NA,NA,NA,NA
CM,CM-006,Loughborough,1989,12634.91344,NA,NA,NA,NA,NA,NA,NA,NA,NA,NA,NA,NA,NA,NA
CM,CM-006,Loughborough,1990,107557.6934,NA,NA,NA,NA,NA,NA,NA,NA,NA,NA,NA,NA,NA,NA
CM,CM-006,Loughborough,1991,15739.57127,NA,NA,NA,NA,NA,NA,NA,NA,NA,NA,NA,NA,NA,NA
CM,CM-006,Loughborough,1992,39133.28408,NA,NA,NA,NA,NA,NA,NA,NA,NA,NA,NA,NA,NA,NA
CM,CM-006,Loughborough,1993,23739.94968,NA,NA,NA,NA,NA,NA,NA,NA,NA,NA,NA,NA,NA,NA
CM,CM-006,Loughborough,1994,17767.10083,NA,NA,NA,NA,NA,NA,NA,NA,NA,NA,NA,NA,NA,NA
CM,CM-006,Loughborough,1995,28470.72273,NA,NA,NA,NA,NA,NA,NA,NA,NA,NA,NA,NA,NA,NA
CM,CM-006,Loughborough,1996,15466.01332,NA,NA,NA,NA,NA,NA,NA,NA,NA,NA,NA,NA,NA,NA
CM,CM-006,Loughborough,1997,8266.420826,NA,NA,NA,NA,NA,NA,NA,NA,NA,NA,NA,NA,NA,NA
CM,CM-006,Loughborough,1998,46313.0463,NA,NA,NA,NA,NA,NA,NA,NA,NA,NA,NA,NA,NA,NA
CM,CM-006,Loughborough,1999,7803.972999,NA,NA,NA,NA,NA,NA,NA,NA,NA,NA,NA,NA,NA,NA
CM,CM-006,Loughborough,2000,4843.896369,NA,NA,NA,NA,NA,NA,NA,NA,NA,NA,NA,NA,NA,NA
CM,CM-006,Loughborough,2001,49826.35159,NA,NA,NA,NA,NA,NA,NA,NA,NA,NA,NA,NA,NA,NA
CM,CM-006,Loughborough,2002,48633.87147,NA,NA,NA,NA,NA,NA,NA,NA,NA,NA,NA,NA,NA,NA
CM,CM-006,Loughborough,2003,14826.27738,NA,NA,NA,NA,NA,NA,NA,NA,NA,NA,NA,NA,NA,NA
CM,CM-006,Loughborough,2004,17935.91758,NA,NA,NA,NA,NA,NA,NA,NA,NA,NA,NA,NA,NA,NA
CM,CM-006,Loughborough,2005,18387.30675,NA,NA,NA,NA,NA,NA,NA,NA,NA,NA,NA,NA,NA,NA
CM,CM-006,Loughborough,2006,11539.48946,NA,NA,NA,NA,NA,NA,NA,NA,NA,NA,NA,NA,NA,NA
CM,CM-006,Loughborough,2007,26904.92183,NA,NA,NA,NA,NA,NA,NA,NA,NA,NA,NA,NA,NA,NA
CM,CM-006,Loughborough,2008,23124.55839,NA,NA,NA,NA,NA,NA,NA,NA,NA,NA,NA,NA,NA,NA
CM,CM-006,Loughborough,2009,40039.80246,NA,NA,NA,NA,NA,NA,NA,NA,NA,NA,NA,NA,NA,NA
CM,CM-006,Loughborough,2010,3774.555678,NA,NA,NA,NA,NA,NA,NA,NA,NA,NA,NA,NA,NA,NA
CM,CM-006,Loughborough,2011,70950.11642,NA,NA,NA,NA,NA,NA,NA,NA,NA,NA,NA,NA,NA,NA
CM,CM-006,Loughborough,2012,34350.58108,NA,NA,NA,NA,NA,NA,NA,NA,NA,NA,NA,NA,NA,NA
CM,CM-006,Loughborough,2013,18138.44492,NA,NA,NA,NA,NA,NA,NA,NA,NA,NA,NA,NA,NA,NA
CM,CM-006,Loughborough,2014,10483.15469,NA,NA,NA,NA,NA,NA,NA,NA,NA,NA,NA,NA,NA,NA
CM,CM-006,Loughborough,2015,16392.1459,NA,NA,NA,NA,NA,NA,NA,NA,NA,NA,NA,NA,NA,NA
CM,CM-006,Loughborough,2016,19028.38495,NA,NA,NA,NA,NA,NA,NA,NA,NA,NA,NA,NA,NA,NA
CM,CM-006,Loughborough,2017,9215.656011,NA,NA,NA,NA,NA,NA,NA,NA,NA,NA,NA,NA,NA,NA
CM,CM-005,Northeast Vancouver Island,1948,NA,NA,NA,NA,NA,NA,NA,NA,NA,NA,NA,NA,NA,NA,NA
CM,CM-005,Northeast Vancouver Island,1949,NA,NA,NA,NA,NA,NA,NA,NA,NA,NA,NA,NA,NA,NA,NA
CM,CM-005,Northeast Vancouver Island,1950,NA,NA,NA,NA,NA,NA,NA,NA,NA,NA,NA,NA,NA,NA,NA
CM,CM-005,Northeast Vancouver Island,1951,NA,NA,NA,NA,NA,NA,NA,NA,NA,NA,NA,NA,NA,NA,NA
CM,CM-005,Northeast Vancouver Island,1952,NA,NA,NA,NA,NA,NA,NA,NA,NA,NA,NA,NA,NA,NA,NA
CM,CM-005,Northeast Vancouver Island,1953,122216.0653,NA,NA,NA,NA,NA,NA,NA,NA,NA,NA,NA,NA,NA,NA
CM,CM-005,Northeast Vancouver Island,1954,95955.95623,NA,NA,NA,NA,NA,NA,NA,NA,NA,NA,NA,NA,NA,NA
CM,CM-005,Northeast Vancouver Island,1955,100944.2545,NA,NA,NA,NA,NA,NA,NA,NA,NA,NA,NA,NA,NA,NA
CM,CM-005,Northeast Vancouver Island,1956,56010.03385,NA,NA,NA,NA,NA,NA,NA,NA,NA,NA,NA,NA,NA,NA
CM,CM-005,Northeast Vancouver Island,1957,67840.6018,NA,NA,NA,NA,NA,NA,NA,NA,NA,NA,NA,NA,NA,NA
CM,CM-005,Northeast Vancouver Island,1958,82817.65367,NA,NA,NA,NA,NA,NA,NA,NA,NA,NA,NA,NA,NA,NA
CM,CM-005,Northeast Vancouver Island,1959,33251.14764,NA,NA,NA,NA,NA,NA,NA,NA,NA,NA,NA,NA,NA,NA
CM,CM-005,Northeast Vancouver Island,1960,56159.88803,NA,NA,NA,NA,NA,NA,NA,NA,NA,NA,NA,NA,NA,NA
CM,CM-005,Northeast Vancouver Island,1961,61174.03664,NA,NA,NA,NA,NA,NA,NA,NA,NA,NA,NA,NA,NA,NA
CM,CM-005,Northeast Vancouver Island,1962,28626.91216,NA,NA,NA,NA,NA,NA,NA,NA,NA,NA,NA,NA,NA,NA
CM,CM-005,Northeast Vancouver Island,1963,23563.81877,NA,NA,NA,NA,NA,NA,NA,NA,NA,NA,NA,NA,NA,NA
CM,CM-005,Northeast Vancouver Island,1964,34156.91387,NA,NA,NA,NA,NA,NA,NA,NA,NA,NA,NA,NA,NA,NA
CM,CM-005,Northeast Vancouver Island,1965,28048.42405,NA,NA,NA,NA,NA,NA,NA,NA,NA,NA,NA,NA,NA,NA
CM,CM-005,Northeast Vancouver Island,1966,46967.66982,NA,NA,NA,NA,NA,NA,NA,NA,NA,NA,NA,NA,NA,NA
CM,CM-005,Northeast Vancouver Island,1967,22700.00062,NA,NA,NA,NA,NA,NA,NA,NA,NA,NA,NA,NA,NA,NA
CM,CM-005,Northeast Vancouver Island,1968,82274.57812,NA,NA,NA,NA,NA,NA,NA,NA,NA,NA,NA,NA,NA,NA
CM,CM-005,Northeast Vancouver Island,1969,14903.09085,NA,NA,NA,NA,NA,NA,NA,NA,NA,NA,NA,NA,NA,NA
CM,CM-005,Northeast Vancouver Island,1970,26380.21387,NA,NA,NA,NA,NA,NA,NA,NA,NA,NA,NA,NA,NA,NA
CM,CM-005,Northeast Vancouver Island,1971,10177.89789,NA,NA,NA,NA,NA,NA,NA,NA,NA,NA,NA,NA,NA,NA
CM,CM-005,Northeast Vancouver Island,1972,29677.52832,NA,NA,NA,NA,NA,NA,NA,NA,NA,NA,NA,NA,NA,NA
CM,CM-005,Northeast Vancouver Island,1973,35871.50081,NA,NA,NA,NA,NA,NA,NA,NA,NA,NA,NA,NA,NA,NA
CM,CM-005,Northeast Vancouver Island,1974,9791.007398,NA,NA,NA,NA,NA,NA,NA,NA,NA,NA,NA,NA,NA,NA
CM,CM-005,Northeast Vancouver Island,1975,11129.85816,NA,NA,NA,NA,NA,NA,NA,NA,NA,NA,NA,NA,NA,NA
CM,CM-005,Northeast Vancouver Island,1976,8339.506448,NA,NA,NA,NA,NA,NA,NA,NA,NA,NA,NA,NA,NA,NA
CM,CM-005,Northeast Vancouver Island,1977,18435.67316,NA,NA,NA,NA,NA,NA,NA,NA,NA,NA,NA,NA,NA,NA
CM,CM-005,Northeast Vancouver Island,1978,20371.93222,NA,NA,NA,NA,NA,NA,NA,NA,NA,NA,NA,NA,NA,NA
CM,CM-005,Northeast Vancouver Island,1979,8444.248715,NA,NA,NA,NA,NA,NA,NA,NA,NA,NA,NA,NA,NA,NA
CM,CM-005,Northeast Vancouver Island,1980,18074.88663,NA,NA,NA,NA,NA,NA,NA,NA,NA,NA,NA,NA,NA,NA
CM,CM-005,Northeast Vancouver Island,1981,12922.13374,NA,NA,NA,NA,NA,NA,NA,NA,NA,NA,NA,NA,NA,NA
CM,CM-005,Northeast Vancouver Island,1982,69469.69988,NA,NA,NA,NA,NA,NA,NA,NA,NA,NA,NA,NA,NA,NA
CM,CM-005,Northeast Vancouver Island,1983,9775.347834,NA,NA,NA,NA,NA,NA,NA,NA,NA,NA,NA,NA,NA,NA
CM,CM-005,Northeast Vancouver Island,1984,47366.81645,NA,NA,NA,NA,NA,NA,NA,NA,NA,NA,NA,NA,NA,NA
CM,CM-005,Northeast Vancouver Island,1985,83351.82762,NA,NA,NA,NA,NA,NA,NA,NA,NA,NA,NA,NA,NA,NA
CM,CM-005,Northeast Vancouver Island,1986,104676.3506,NA,NA,NA,NA,NA,NA,NA,NA,NA,NA,NA,NA,NA,NA
CM,CM-005,Northeast Vancouver Island,1987,18610.79953,NA,NA,NA,NA,NA,NA,NA,NA,NA,NA,NA,NA,NA,NA
CM,CM-005,Northeast Vancouver Island,1988,119957.9273,NA,NA,NA,NA,NA,NA,NA,NA,NA,NA,NA,NA,NA,NA
CM,CM-005,Northeast Vancouver Island,1989,29978.25049,NA,NA,NA,NA,NA,NA,NA,NA,NA,NA,NA,NA,NA,NA
CM,CM-005,Northeast Vancouver Island,1990,96034.69029,NA,NA,NA,NA,NA,NA,NA,NA,NA,NA,NA,NA,NA,NA
CM,CM-005,Northeast Vancouver Island,1991,91188.07848,NA,NA,NA,NA,NA,NA,NA,NA,NA,NA,NA,NA,NA,NA
CM,CM-005,Northeast Vancouver Island,1992,147157.8682,NA,NA,NA,NA,NA,NA,NA,NA,NA,NA,NA,NA,NA,NA
CM,CM-005,Northeast Vancouver Island,1993,68062.42419,NA,NA,NA,NA,NA,NA,NA,NA,NA,NA,NA,NA,NA,NA
CM,CM-005,Northeast Vancouver Island,1994,98637.21093,NA,NA,NA,NA,NA,NA,NA,NA,NA,NA,NA,NA,NA,NA
CM,CM-005,Northeast Vancouver Island,1995,68707.32888,NA,NA,NA,NA,NA,NA,NA,NA,NA,NA,NA,NA,NA,NA
CM,CM-005,Northeast Vancouver Island,1996,4865.920276,NA,NA,NA,NA,NA,NA,NA,NA,NA,NA,NA,NA,NA,NA
CM,CM-005,Northeast Vancouver Island,1997,75699.6213,NA,NA,NA,NA,NA,NA,NA,NA,NA,NA,NA,NA,NA,NA
CM,CM-005,Northeast Vancouver Island,1998,168424.1364,NA,NA,NA,NA,NA,NA,NA,NA,NA,NA,NA,NA,NA,NA
CM,CM-005,Northeast Vancouver Island,1999,2719.962948,NA,NA,NA,NA,NA,NA,NA,NA,NA,NA,NA,NA,NA,NA
CM,CM-005,Northeast Vancouver Island,2000,3206.220502,NA,NA,NA,NA,NA,NA,NA,NA,NA,NA,NA,NA,NA,NA
CM,CM-005,Northeast Vancouver Island,2001,77773.54181,NA,NA,NA,NA,NA,NA,NA,NA,NA,NA,NA,NA,NA,NA
CM,CM-005,Northeast Vancouver Island,2002,203219.0514,NA,NA,NA,NA,NA,NA,NA,NA,NA,NA,NA,NA,NA,NA
CM,CM-005,Northeast Vancouver Island,2003,21118.01375,NA,NA,NA,NA,NA,NA,NA,NA,NA,NA,NA,NA,NA,NA
CM,CM-005,Northeast Vancouver Island,2004,1809.590027,NA,NA,NA,NA,NA,NA,NA,NA,NA,NA,NA,NA,NA,NA
CM,CM-005,Northeast Vancouver Island,2005,53322.26244,NA,NA,NA,NA,NA,NA,NA,NA,NA,NA,NA,NA,NA,NA
CM,CM-005,Northeast Vancouver Island,2006,52661.09841,NA,NA,NA,NA,NA,NA,NA,NA,NA,NA,NA,NA,NA,NA
CM,CM-005,Northeast Vancouver Island,2007,13712.96038,NA,NA,NA,NA,NA,NA,NA,NA,NA,NA,NA,NA,NA,NA
CM,CM-005,Northeast Vancouver Island,2008,8748.732229,NA,NA,NA,NA,NA,NA,NA,NA,NA,NA,NA,NA,NA,NA
CM,CM-005,Northeast Vancouver Island,2009,3203.992712,NA,NA,NA,NA,NA,NA,NA,NA,NA,NA,NA,NA,NA,NA
CM,CM-005,Northeast Vancouver Island,2010,21484.16793,NA,NA,NA,NA,NA,NA,NA,NA,NA,NA,NA,NA,NA,NA
CM,CM-005,Northeast Vancouver Island,2011,73809.37704,NA,NA,NA,NA,NA,NA,NA,NA,NA,NA,NA,NA,NA,NA
CM,CM-005,Northeast Vancouver Island,2012,17910.2142,NA,NA,NA,NA,NA,NA,NA,NA,NA,NA,NA,NA,NA,NA
CM,CM-005,Northeast Vancouver Island,2013,13253.27712,NA,NA,NA,NA,NA,NA,NA,NA,NA,NA,NA,NA,NA,NA
CM,CM-005,Northeast Vancouver Island,2014,5693.629831,NA,NA,NA,NA,NA,NA,NA,NA,NA,NA,NA,NA,NA,NA
CM,CM-005,Northeast Vancouver Island,2015,735.7326824,NA,NA,NA,NA,NA,NA,NA,NA,NA,NA,NA,NA,NA,NA
CM,CM-005,Northeast Vancouver Island,2016,1728.458631,NA,NA,NA,NA,NA,NA,NA,NA,NA,NA,NA,NA,NA,NA
CM,CM-005,Northeast Vancouver Island,2017,17567.90103,NA,NA,NA,NA,NA,NA,NA,NA,NA,NA,NA,NA,NA,NA
CM,CM-011,Northwest Vancouver Island,1948,NA,NA,NA,NA,NA,NA,NA,NA,NA,NA,NA,NA,NA,NA,NA
CM,CM-011,Northwest Vancouver Island,1949,NA,NA,NA,NA,NA,NA,NA,NA,NA,NA,NA,NA,NA,NA,NA
CM,CM-011,Northwest Vancouver Island,1950,NA,NA,NA,NA,NA,NA,NA,NA,NA,NA,NA,NA,NA,NA,NA
CM,CM-011,Northwest Vancouver Island,1951,NA,NA,NA,NA,NA,NA,NA,NA,NA,NA,NA,NA,NA,NA,NA
CM,CM-011,Northwest Vancouver Island,1952,NA,NA,NA,NA,NA,NA,NA,NA,NA,NA,NA,NA,NA,NA,NA
CM,CM-011,Northwest Vancouver Island,1953,109919.0354,NA,NA,NA,NA,NA,NA,0,0.279758018,NA,NA,NA,NA,NA,NA
CM,CM-011,Northwest Vancouver Island,1954,108590.5402,NA,NA,NA,629.3389997,NA,NA,629.3389997,0.395639902,NA,NA,NA,NA,NA,NA
CM,CM-011,Northwest Vancouver Island,1955,23617.78425,NA,NA,17582.96103,483.8275301,NA,NA,18066.78856,0.40758241,NA,NA,NA,NA,NA,NA
CM,CM-011,Northwest Vancouver Island,1956,72183.43655,NA,20305.81548,25860.58148,311.1263829,NA,NA,46477.52334,0.402887193,NA,NA,NA,NA,NA,NA
CM,CM-011,Northwest Vancouver Island,1957,75116.30061,NA,46229.7205,17137.17752,115.2557551,NA,NA,63482.15378,0.241320763,NA,NA,NA,NA,NA,NA
CM,CM-011,Northwest Vancouver Island,1958,54595.81869,NA,7736.115466,5778.685099,165.2087764,NA,NA,13680.00934,0.032517692,NA,NA,NA,NA,NA,NA
CM,CM-011,Northwest Vancouver Island,1959,23178.95916,NA,5997.2736,5992.572888,0,NA,NA,11989.84649,0.398432853,NA,0.527,0.456333333,0.016333333,NA,NA
CM,CM-011,Northwest Vancouver Island,1960,14306.12952,NA,8861.198005,31380.01904,NA,NA,NA,40241.21705,0.802875631,NA,0.637,0.356333333,0.006666667,NA,NA
CM,CM-011,Northwest Vancouver Island,1961,25226.46348,NA,15247.05234,NA,NA,NA,NA,15247.05234,0,NA,0.306666667,0.679333333,0.012333333,NA,NA
CM,CM-011,Northwest Vancouver Island,1962,11893.00915,NA,NA,NA,NA,NA,NA,0,0.002516143,NA,0.503,0.484666666,0.009666667,NA,NA
CM,CM-011,Northwest Vancouver Island,1963,14951.97967,NA,NA,NA,NA,NA,NA,0,0.004461022,NA,0.59,0.399,0.011,NA,NA
CM,CM-011,Northwest Vancouver Island,1964,46550.07138,NA,NA,NA,0,NA,NA,0,0.001651401,NA,0.327,0.673,0,NA,NA
CM,CM-011,Northwest Vancouver Island,1965,19913.90178,NA,NA,16139.01715,624.4946747,NA,NA,16763.51182,0.015133605,NA,NA,NA,NA,NA,NA
CM,CM-011,Northwest Vancouver Island,1966,40112.03404,NA,9539.609977,32916.07348,1018.280823,NA,NA,43473.96428,0.026785692,NA,NA,NA,NA,NA,NA
CM,CM-011,Northwest Vancouver Island,1967,15167.15426,NA,18500.65474,10513.95647,1632.944662,NA,NA,30647.55587,0.029311711,NA,NA,NA,NA,NA,NA
CM,CM-011,Northwest Vancouver Island,1968,43324.52322,NA,13303.88035,79812.9665,20310.19523,NA,NA,113427.0421,0.053316408,NA,NA,NA,NA,NA,NA
CM,CM-011,Northwest Vancouver Island,1969,25140.62713,NA,8030.508681,54754.06056,25579.5453,NA,NA,88364.11454,0.020951276,NA,0.3715,0.6285,0,NA,NA
CM,CM-011,Northwest Vancouver Island,1970,48702.22289,NA,8374.477759,47832.48963,2400.292841,NA,NA,58607.26023,0.064160675,NA,0.3555,0.6325,0.012,NA,NA
CM,CM-011,Northwest Vancouver Island,1971,23032.11764,NA,27394.05492,29329.47467,1676.386146,NA,NA,58399.91574,0.072636151,NA,0.535666667,0.423333333,0.041,NA,NA
CM,CM-011,Northwest Vancouver Island,1972,84914.41984,NA,16094.39383,36315.7234,447.5623849,NA,NA,52857.67961,0.0509855,NA,0.08975,0.892,0.01825,NA,NA
CM,CM-011,Northwest Vancouver Island,1973,71601.55574,NA,6813.120164,14321.99632,407.1951423,NA,NA,21542.31163,0.142152745,NA,0.100333333,0.656,0.243333333,NA,NA
CM,CM-011,Northwest Vancouver Island,1974,95787.08985,NA,19658.31706,38194.90435,345.1749511,NA,NA,58198.39636,0.049788659,NA,0.27175,0.4745,0.25375,NA,NA
CM,CM-011,Northwest Vancouver Island,1975,21676.59842,NA,2117.41474,4638.288405,422.4413616,NA,NA,7178.144507,0.546653132,NA,0.3366,0.6134,0.0502,NA,NA
CM,CM-011,Northwest Vancouver Island,1976,27613.15897,NA,16589.97109,37914.11221,682.0090471,NA,NA,55186.09235,0.383953304,NA,0.152,0.8102,0.0374,NA,NA
CM,CM-011,Northwest Vancouver Island,1977,25591.87576,NA,67273.78684,38149.88107,5968.586206,NA,NA,111392.2541,0.256652489,NA,0.571,0.416,0.013,NA,NA
CM,CM-011,Northwest Vancouver Island,1978,40246.51423,NA,3793.675324,88423.49935,8425.960213,NA,NA,100643.1349,0.011616052,NA,0.052,0.938,0.01,NA,NA
CM,CM-011,Northwest Vancouver Island,1979,21215.43444,NA,16137.28863,19779.4212,1493.054235,NA,NA,37409.76407,0.016594483,NA,0.769,0.215,0.016,NA,NA
CM,CM-011,Northwest Vancouver Island,1980,105602.3404,NA,12069.6719,13014.89166,279.7898256,NA,NA,25364.35339,7.58E-05,NA,0.637,0.359,0.004,NA,NA
CM,CM-011,Northwest Vancouver Island,1981,38904.56544,NA,33776.99735,54366.62599,16059.34982,NA,NA,104202.9732,0.08729503,NA,0.089,0.895,0.016,NA,NA
CM,CM-011,Northwest Vancouver Island,1982,110529.3742,NA,15995.08905,53691.64645,7470.00014,NA,NA,77156.73564,0,NA,0.146,0.8,0.054,NA,NA
CM,CM-011,Northwest Vancouver Island,1983,40295.2009,NA,5903.594397,16010.66461,1175.532838,NA,NA,23089.79185,0,NA,0.29953125,0.49086295,0.2091058,NA,NA
CM,CM-011,Northwest Vancouver Island,1984,48342.95479,NA,12812.91146,55641.88769,4644.984582,NA,NA,73099.78373,0,NA,0.698695342,0.269220028,0.030884629,NA,NA
CM,CM-011,Northwest Vancouver Island,1985,70672.55124,NA,1959.221397,16084.87443,2455.229288,NA,NA,20499.32512,0.002061607,NA,0.225860156,0.767689045,0.003950798,NA,NA
CM,CM-011,Northwest Vancouver Island,1986,75654.59067,NA,2572.153031,15645.73351,3977.088295,NA,NA,22194.97484,0,NA,0.078033525,0.709694494,0.212271981,NA,NA
CM,CM-011,Northwest Vancouver Island,1987,36311.73208,NA,1132.253719,17099.05585,3108.091359,NA,NA,21339.40093,0,NA,0.352858724,0.440922636,0.20571864,NA,NA
CM,CM-011,Northwest Vancouver Island,1988,58776.64192,NA,7937.00785,66773.42014,4351.956035,NA,NA,79062.38403,0,NA,0.033333333,0.946666667,0.02,NA,NA
CM,CM-011,Northwest Vancouver Island,1989,23302.01204,NA,11393.37631,20018.62128,9130.806482,NA,NA,40542.80407,0,NA,0.110383302,0.69027835,0.199338348,NA,NA
CM,CM-011,Northwest Vancouver Island,1990,19233.21651,NA,3791.395538,28883.98344,5889.637561,NA,NA,38565.01654,0,NA,0.058869702,0.813474621,0.127655678,NA,NA
CM,CM-011,Northwest Vancouver Island,1991,29013.15199,NA,11124.37061,6125.301618,996.0630869,NA,NA,18245.73531,0,NA,0.273565859,0.589355333,0.137078808,NA,NA
CM,CM-011,Northwest Vancouver Island,1992,81274.8878,NA,1963.376176,6980.509866,556.1833391,NA,NA,9500.069381,0,NA,0.14018323,0.821575052,0.038241718,NA,NA
CM,CM-011,Northwest Vancouver Island,1993,28161.97285,NA,15025.29627,56496.59264,14684.65932,NA,NA,86206.54823,0,NA,0.134628194,0.710838739,0.154533067,NA,NA
CM,CM-011,Northwest Vancouver Island,1994,49139.16053,NA,7408.2402,113465.9633,14050.31176,NA,NA,134924.5153,0,NA,0.226385036,0.587799692,0.185815272,NA,NA
CM,CM-011,Northwest Vancouver Island,1995,13978.31536,NA,12700.34318,40615.09085,12623.21339,NA,NA,65938.64742,0,NA,0.140458712,0.438200274,0.421341014,NA,NA
CM,CM-011,Northwest Vancouver Island,1996,23001.86922,NA,13382.6797,55392.98145,1039.580088,NA,NA,69815.24124,0,NA,0.653220663,0.303475765,0.043303571,NA,NA
CM,CM-011,Northwest Vancouver Island,1997,64461.01618,NA,34384.78075,15748.00346,2512.776985,NA,NA,52645.5612,0,NA,0.114925898,0.876445889,0.008628212,NA,NA
CM,CM-011,Northwest Vancouver Island,1998,140850.9658,NA,7693.613226,30525.68983,1983.490926,NA,NA,40202.79398,0,NA,0.090168662,0.80557462,0.104256717,NA,NA
CM,CM-011,Northwest Vancouver Island,1999,68048.08231,NA,18402.31227,22613.53896,17162.60955,NA,NA,58178.46078,0,NA,0.196665053,0.596858713,0.206476234,NA,NA
CM,CM-011,Northwest Vancouver Island,2000,102400.9756,NA,10223.23673,60204.26292,2836.502025,NA,NA,73264.00168,0,NA,0.335785675,0.540941931,0.123272394,NA,NA
CM,CM-011,Northwest Vancouver Island,2001,24481.19677,NA,43202.0203,34654.06181,971.3222641,NA,NA,78827.40437,0,NA,0.314266222,0.643269347,0.042464431,NA,NA
CM,CM-011,Northwest Vancouver Island,2002,51440.77908,NA,2355.775354,15274.04488,2384.486238,NA,NA,20014.30647,0,NA,0.357737822,0.593414221,0.048847957,NA,NA
CM,CM-011,Northwest Vancouver Island,2003,34820.26661,NA,5549.616186,36872.28207,27655.58203,NA,NA,70077.48029,0,NA,0.293600185,0.649436123,0.056963692,NA,NA
CM,CM-011,Northwest Vancouver Island,2004,120568.8928,NA,4090.08789,77531.54499,1314.205799,NA,NA,82935.83868,0,NA,0.358318131,0.499334957,0.142346912,NA,NA
CM,CM-011,Northwest Vancouver Island,2005,39846.33919,NA,54671.72863,22481.31333,11394.62299,NA,NA,88547.66495,0,NA,0.0591215,0.869692487,0.071186013,NA,NA
CM,CM-011,Northwest Vancouver Island,2006,21794.98333,NA,4082.428337,22686.53178,1849.145282,NA,NA,28618.1054,0,NA,0.254628145,0.700805532,0.044566323,NA,NA
CM,CM-011,Northwest Vancouver Island,2007,43346.8562,NA,17194.71689,88123.91397,12387.72058,NA,NA,117706.3514,0,NA,0.094357198,0.850633363,0.055009439,NA,NA
CM,CM-011,Northwest Vancouver Island,2008,159858.8556,NA,24608.14104,15900.64854,5656.395605,NA,NA,46165.18519,0,NA,0.342,0.485,0.173,NA,NA
CM,CM-011,Northwest Vancouver Island,2009,27919.82721,NA,11660.66879,72388.9333,5190.366024,NA,NA,89239.96811,0,NA,0.146219685,0.805209615,0.0470707,NA,NA
CM,CM-011,Northwest Vancouver Island,2010,51301.52242,NA,20279.91914,96960.29054,3406.601865,NA,NA,120646.8115,0,NA,0.33516972,0.442219465,0.222110816,NA,NA
CM,CM-011,Northwest Vancouver Island,2011,114581.2003,NA,31224.28557,33617.59123,NA,NA,NA,64841.8768,0,NA,0.214765956,0.769095748,0.016138296,NA,NA
CM,CM-011,Northwest Vancouver Island,2012,39949.0379,NA,20695.1666,NA,NA,NA,NA,20695.1666,0,NA,0.291888601,0.398023316,0.310088083,NA,NA
CM,CM-011,Northwest Vancouver Island,2013,98325.24804,NA,NA,NA,NA,NA,NA,NA,0,NA,0.206253425,0.736219178,0.057527397,NA,NA
CM,CM-011,Northwest Vancouver Island,2014,133374.9421,NA,NA,NA,NA,NA,NA,NA,0,NA,0.234109084,0.726975315,0.038915601,NA,NA
CM,CM-011,Northwest Vancouver Island,2015,57861.60281,NA,NA,NA,NA,NA,NA,NA,0,NA,0.357666667,0.581,0.058875,NA,NA
CM,CM-011,Northwest Vancouver Island,2016,NA,NA,NA,NA,NA,NA,NA,NA,NA,NA,NA,NA,NA,NA,NA
CM,CM-011,Northwest Vancouver Island,2017,NA,NA,NA,NA,NA,NA,NA,NA,NA,NA,NA,NA,NA,NA,NA
CM,CM-008,Southern Coastal Streams,1948,NA,NA,NA,NA,NA,NA,NA,NA,NA,NA,NA,NA,NA,NA,NA
CM,CM-008,Southern Coastal Streams,1949,NA,NA,NA,NA,NA,NA,NA,NA,NA,NA,NA,NA,NA,NA,NA
CM,CM-008,Southern Coastal Streams,1950,NA,NA,NA,NA,NA,NA,NA,NA,NA,NA,NA,NA,NA,NA,NA
CM,CM-008,Southern Coastal Streams,1951,NA,NA,NA,NA,NA,NA,NA,NA,NA,NA,NA,NA,NA,NA,NA
CM,CM-008,Southern Coastal Streams,1952,NA,NA,NA,NA,NA,NA,NA,NA,NA,NA,NA,NA,NA,NA,NA
CM,CM-008,Southern Coastal Streams,1953,28320.98613,NA,NA,NA,NA,NA,NA,NA,NA,NA,NA,NA,NA,NA,NA
CM,CM-008,Southern Coastal Streams,1954,49633.6396,NA,NA,NA,NA,NA,NA,NA,NA,NA,NA,NA,NA,NA,NA
CM,CM-008,Southern Coastal Streams,1955,23594.33341,NA,NA,NA,NA,NA,NA,NA,NA,NA,NA,NA,NA,NA,NA
CM,CM-008,Southern Coastal Streams,1956,28487.87592,NA,NA,NA,NA,NA,NA,NA,NA,NA,NA,NA,NA,NA,NA
CM,CM-008,Southern Coastal Streams,1957,31054.16579,NA,NA,NA,NA,NA,NA,NA,NA,NA,NA,NA,NA,NA,NA
CM,CM-008,Southern Coastal Streams,1958,50026.76243,NA,NA,NA,NA,NA,NA,NA,NA,NA,NA,NA,NA,NA,NA
CM,CM-008,Southern Coastal Streams,1959,8732.794527,NA,NA,NA,NA,NA,NA,NA,NA,NA,NA,NA,NA,NA,NA
CM,CM-008,Southern Coastal Streams,1960,9675.809788,NA,NA,NA,NA,NA,NA,NA,NA,NA,NA,NA,NA,NA,NA
CM,CM-008,Southern Coastal Streams,1961,14954.86984,NA,NA,NA,NA,NA,NA,NA,NA,NA,NA,NA,NA,NA,NA
CM,CM-008,Southern Coastal Streams,1962,9816.033719,NA,NA,NA,NA,NA,NA,NA,NA,NA,NA,NA,NA,NA,NA
CM,CM-008,Southern Coastal Streams,1963,15210.42388,NA,NA,NA,NA,NA,NA,NA,NA,NA,NA,NA,NA,NA,NA
CM,CM-008,Southern Coastal Streams,1964,7325.398298,NA,NA,NA,NA,NA,NA,NA,NA,NA,NA,NA,NA,NA,NA
CM,CM-008,Southern Coastal Streams,1965,2063.021637,NA,NA,NA,NA,NA,NA,NA,NA,NA,NA,NA,NA,NA,NA
CM,CM-008,Southern Coastal Streams,1966,16041.6078,NA,NA,NA,NA,NA,NA,NA,NA,NA,NA,NA,NA,NA,NA
CM,CM-008,Southern Coastal Streams,1967,18271.96184,NA,NA,NA,NA,NA,NA,NA,NA,NA,NA,NA,NA,NA,NA
CM,CM-008,Southern Coastal Streams,1968,10758.78097,NA,NA,NA,NA,NA,NA,NA,NA,NA,NA,NA,NA,NA,NA
CM,CM-008,Southern Coastal Streams,1969,16202.03885,NA,NA,NA,NA,NA,NA,NA,NA,NA,NA,NA,NA,NA,NA
CM,CM-008,Southern Coastal Streams,1970,19750.80195,NA,NA,NA,NA,NA,NA,NA,NA,NA,NA,NA,NA,NA,NA
CM,CM-008,Southern Coastal Streams,1971,10229.16108,NA,NA,NA,NA,NA,NA,NA,NA,NA,NA,NA,NA,NA,NA
CM,CM-008,Southern Coastal Streams,1972,18649.68778,NA,NA,NA,NA,NA,NA,NA,NA,NA,NA,NA,NA,NA,NA
CM,CM-008,Southern Coastal Streams,1973,47320.66655,NA,NA,NA,NA,NA,NA,NA,NA,NA,NA,NA,NA,NA,NA
CM,CM-008,Southern Coastal Streams,1974,26074.08553,NA,NA,NA,NA,NA,NA,NA,NA,NA,NA,NA,NA,NA,NA
CM,CM-008,Southern Coastal Streams,1975,14312.64463,NA,NA,NA,NA,NA,NA,NA,NA,NA,NA,NA,NA,NA,NA
CM,CM-008,Southern Coastal Streams,1976,19987.09921,NA,NA,NA,NA,NA,NA,NA,NA,NA,NA,NA,NA,NA,NA
CM,CM-008,Southern Coastal Streams,1977,48429.24752,NA,NA,NA,NA,NA,NA,NA,NA,NA,NA,NA,NA,NA,NA
CM,CM-008,Southern Coastal Streams,1978,41420.24312,NA,NA,NA,NA,NA,NA,NA,NA,NA,NA,NA,NA,NA,NA
CM,CM-008,Southern Coastal Streams,1979,5505.184137,NA,NA,NA,NA,NA,NA,NA,NA,NA,NA,NA,NA,NA,NA
CM,CM-008,Southern Coastal Streams,1980,6626.418842,NA,NA,NA,NA,NA,NA,NA,NA,NA,NA,NA,NA,NA,NA
CM,CM-008,Southern Coastal Streams,1981,15480.78018,NA,NA,NA,NA,NA,NA,NA,NA,NA,NA,NA,NA,NA,NA
CM,CM-008,Southern Coastal Streams,1982,18798.74877,NA,NA,NA,NA,NA,NA,NA,NA,NA,NA,NA,NA,NA,NA
CM,CM-008,Southern Coastal Streams,1983,10170.86516,NA,NA,NA,NA,NA,NA,NA,NA,NA,NA,NA,NA,NA,NA
CM,CM-008,Southern Coastal Streams,1984,14996.66263,NA,NA,NA,NA,NA,NA,NA,NA,NA,NA,NA,NA,NA,NA
CM,CM-008,Southern Coastal Streams,1985,12881.66495,NA,NA,NA,NA,NA,NA,NA,NA,NA,NA,NA,NA,NA,NA
CM,CM-008,Southern Coastal Streams,1986,3085.607342,NA,NA,NA,NA,NA,NA,NA,NA,NA,NA,NA,NA,NA,NA
CM,CM-008,Southern Coastal Streams,1987,4109.728229,NA,NA,NA,NA,NA,NA,NA,NA,NA,NA,NA,NA,NA,NA
CM,CM-008,Southern Coastal Streams,1988,16883.43664,NA,NA,NA,NA,NA,NA,NA,NA,NA,NA,NA,NA,NA,NA
CM,CM-008,Southern Coastal Streams,1989,3265.721504,NA,NA,NA,NA,NA,NA,NA,NA,NA,NA,NA,NA,NA,NA
CM,CM-008,Southern Coastal Streams,1990,1330.095726,NA,NA,NA,NA,NA,NA,NA,NA,NA,NA,NA,NA,NA,NA
CM,CM-008,Southern Coastal Streams,1991,3760.631837,NA,NA,NA,NA,NA,NA,NA,NA,NA,NA,NA,NA,NA,NA
CM,CM-008,Southern Coastal Streams,1992,1206.069052,NA,NA,NA,NA,NA,NA,NA,NA,NA,NA,NA,NA,NA,NA
CM,CM-008,Southern Coastal Streams,1993,3858.998597,NA,NA,NA,NA,NA,NA,NA,NA,NA,NA,NA,NA,NA,NA
CM,CM-008,Southern Coastal Streams,1994,7051.819597,NA,NA,NA,NA,NA,NA,NA,NA,NA,NA,NA,NA,NA,NA
CM,CM-008,Southern Coastal Streams,1995,2620.654435,NA,NA,NA,NA,NA,NA,NA,NA,NA,NA,NA,NA,NA,NA
CM,CM-008,Southern Coastal Streams,1996,6821.074921,NA,NA,NA,NA,NA,NA,NA,NA,NA,NA,NA,NA,NA,NA
CM,CM-008,Southern Coastal Streams,1997,278.9276232,NA,NA,NA,NA,NA,NA,NA,NA,NA,NA,NA,NA,NA,NA
CM,CM-008,Southern Coastal Streams,1998,6011.174474,NA,NA,NA,NA,NA,NA,NA,NA,NA,NA,NA,NA,NA,NA
CM,CM-008,Southern Coastal Streams,1999,236.7908123,NA,NA,NA,NA,NA,NA,NA,NA,NA,NA,NA,NA,NA,NA
CM,CM-008,Southern Coastal Streams,2000,1424.228087,NA,NA,NA,NA,NA,NA,NA,NA,NA,NA,NA,NA,NA,NA
CM,CM-008,Southern Coastal Streams,2001,1703.3087,NA,NA,NA,NA,NA,NA,NA,NA,NA,NA,NA,NA,NA,NA
CM,CM-008,Southern Coastal Streams,2002,1870.70321,NA,NA,NA,NA,NA,NA,NA,NA,NA,NA,NA,NA,NA,NA
CM,CM-008,Southern Coastal Streams,2003,626.7046578,NA,NA,NA,NA,NA,NA,NA,NA,NA,NA,NA,NA,NA,NA
CM,CM-008,Southern Coastal Streams,2004,2707.916749,NA,NA,NA,NA,NA,NA,NA,NA,NA,NA,NA,NA,NA,NA
CM,CM-008,Southern Coastal Streams,2005,1337.686758,NA,NA,NA,NA,NA,NA,NA,NA,NA,NA,NA,NA,NA,NA
CM,CM-008,Southern Coastal Streams,2006,5380.472106,NA,NA,NA,NA,NA,NA,NA,NA,NA,NA,NA,NA,NA,NA
CM,CM-008,Southern Coastal Streams,2007,149.2166216,NA,NA,NA,NA,NA,NA,NA,NA,NA,NA,NA,NA,NA,NA
CM,CM-008,Southern Coastal Streams,2008,364.2136621,NA,NA,NA,NA,NA,NA,NA,NA,NA,NA,NA,NA,NA,NA
CM,CM-008,Southern Coastal Streams,2009,908.2733556,NA,NA,NA,NA,NA,NA,NA,NA,NA,NA,NA,NA,NA,NA
CM,CM-008,Southern Coastal Streams,2010,590.0807411,NA,NA,NA,NA,NA,NA,NA,NA,NA,NA,NA,NA,NA,NA
CM,CM-008,Southern Coastal Streams,2011,4612.379293,NA,NA,NA,NA,NA,NA,NA,NA,NA,NA,NA,NA,NA,NA
CM,CM-008,Southern Coastal Streams,2012,1237.693934,NA,NA,NA,NA,NA,NA,NA,NA,NA,NA,NA,NA,NA,NA
CM,CM-008,Southern Coastal Streams,2013,4810.67651,NA,NA,NA,NA,NA,NA,NA,NA,NA,NA,NA,NA,NA,NA
CM,CM-008,Southern Coastal Streams,2014,1658.906563,NA,NA,NA,NA,NA,NA,NA,NA,NA,NA,NA,NA,NA,NA
CM,CM-008,Southern Coastal Streams,2015,4553.412496,NA,NA,NA,NA,NA,NA,NA,NA,NA,NA,NA,NA,NA,NA
CM,CM-008,Southern Coastal Streams,2016,4860.708429,NA,NA,NA,NA,NA,NA,NA,NA,NA,NA,NA,NA,NA,NA
CM,CM-008,Southern Coastal Streams,2017,1111.694872,NA,NA,NA,NA,NA,NA,NA,NA,NA,NA,NA,NA,NA,NA
CM,CM-010,Southwest & West  Vancouver Island,1948,NA,NA,NA,NA,NA,NA,NA,NA,NA,NA,NA,NA,NA,NA,NA
CM,CM-010,Southwest & West  Vancouver Island,1949,NA,NA,NA,NA,NA,NA,NA,NA,NA,NA,NA,NA,NA,NA,NA
CM,CM-010,Southwest & West  Vancouver Island,1950,NA,NA,NA,NA,NA,NA,NA,NA,NA,NA,NA,NA,NA,NA,NA
CM,CM-010,Southwest & West  Vancouver Island,1951,NA,NA,NA,NA,NA,NA,NA,NA,NA,NA,NA,NA,NA,NA,NA
CM,CM-010,Southwest & West  Vancouver Island,1952,NA,NA,NA,NA,NA,NA,NA,NA,NA,NA,NA,NA,NA,NA,NA
CM,CM-010,Southwest & West  Vancouver Island,1953,540336.6977,NA,NA,NA,NA,NA,NA,0,0.516212132,NA,NA,NA,NA,NA,NA
CM,CM-010,Southwest & West  Vancouver Island,1954,621271.843,NA,NA,NA,9459.254821,NA,NA,9459.254821,0.546282272,NA,NA,NA,NA,NA,NA
CM,CM-010,Southwest & West  Vancouver Island,1955,160209.9474,NA,NA,260071.8927,3798.854816,NA,NA,263870.7475,0.5680594,NA,NA,NA,NA,NA,NA
CM,CM-010,Southwest & West  Vancouver Island,1956,259685.3479,NA,292521.8518,245748.9939,4148.484407,NA,NA,542419.3301,0.620750273,NA,NA,NA,NA,NA,NA
CM,CM-010,Southwest & West  Vancouver Island,1957,323134.4024,NA,547107.8831,239080.3597,3348.224665,NA,NA,789536.4675,0.461237251,NA,NA,NA,NA,NA,NA
CM,CM-010,Southwest & West  Vancouver Island,1958,494137.8413,NA,104751.9521,171766.6228,2273.158225,NA,NA,278791.7331,0.382030592,NA,NA,NA,NA,NA,NA
CM,CM-010,Southwest & West  Vancouver Island,1959,291000.4456,NA,174808.6942,91139.20841,NA,NA,NA,265947.9026,0.482423158,NA,0.520282833,0.462566951,0.016824343,NA,NA
CM,CM-010,Southwest & West  Vancouver Island,1960,504435.1661,NA,149392.4873,NA,NA,NA,NA,311084.4781,0.366809092,NA,0.686755723,0.308475775,0.004768502,NA,NA
CM,CM-010,Southwest & West  Vancouver Island,1961,183683.9257,NA,NA,NA,NA,NA,NA,78563.56758,0.472968825,NA,0.300557298,0.685976209,0.01190295,NA,NA
CM,CM-010,Southwest & West  Vancouver Island,1962,234842.9814,NA,NA,NA,NA,NA,NA,0,0.330815674,NA,0.498116816,0.489448443,0.009540755,NA,NA
CM,CM-010,Southwest & West  Vancouver Island,1963,174573.3099,NA,NA,NA,NA,NA,NA,0,0.281013921,NA,0.61527801,0.375359911,0.009362079,NA,NA
CM,CM-010,Southwest & West  Vancouver Island,1964,280643.0047,NA,NA,NA,0,NA,NA,140082.3145,0.110462461,NA,NA,NA,NA,NA,NA
CM,CM-010,Southwest & West  Vancouver Island,1965,172961.458,NA,NA,232661.6255,5873.9227,NA,NA,321336.7891,1.45E-05,NA,NA,NA,NA,NA,NA
CM,CM-010,Southwest & West  Vancouver Island,1966,316598.3382,NA,106966.2693,334072.4455,15258.79851,NA,NA,456297.5133,2.53E-05,NA,NA,NA,NA,NA,NA
CM,CM-010,Southwest & West  Vancouver Island,1967,288159.9377,NA,185476.3676,190475.0237,17103.7424,NA,NA,393055.1337,0,NA,NA,NA,NA,NA,NA
CM,CM-010,Southwest & West  Vancouver Island,1968,434988.7032,NA,131119.1268,620347.5509,118944.2581,NA,NA,870410.9358,9.93E-05,NA,NA,NA,NA,NA,NA
CM,CM-010,Southwest & West  Vancouver Island,1969,337734.0692,NA,75042.60214,509803.6941,102055.5244,NA,NA,686901.8207,0.005576178,NA,0.314951366,0.685048634,0,NA,NA
CM,CM-010,Southwest & West  Vancouver Island,1970,432291.5804,NA,97275.33231,309130.2653,18744.42517,NA,NA,425150.0228,0.177249953,NA,0.353004076,0.635816501,0.011179422,NA,NA
CM,CM-010,Southwest & West  Vancouver Island,1971,251431.689,NA,134667.9458,233902.656,13931.11193,NA,NA,382501.7137,0.253586202,NA,0.389247377,0.565454523,0.0452981,NA,NA
CM,CM-010,Southwest & West  Vancouver Island,1972,561543.0348,NA,66040.33353,338345.2517,10938.65862,NA,NA,415324.2438,0.211862672,NA,0.105323853,0.870670689,0.024005458,NA,NA
CM,CM-010,Southwest & West  Vancouver Island,1973,500189.8627,NA,44610.60142,151352.356,10636.70615,NA,NA,206599.6636,0.311394451,NA,0.133917815,0.701840798,0.163749172,NA,NA
CM,CM-010,Southwest & West  Vancouver Island,1974,376053.191,NA,120301.0915,585020.5782,16536.10255,NA,NA,721857.7722,0.311073339,NA,0.246710679,0.566324356,0.186964965,NA,NA
CM,CM-010,Southwest & West  Vancouver Island,1975,246452.8527,NA,80063.85445,60499.63467,5096.479136,NA,NA,145659.9683,0.226378223,NA,0.207302288,0.734226389,0.058839228,NA,NA
CM,CM-010,Southwest & West  Vancouver Island,1976,305247.977,NA,57583.17233,221059.9771,5028.529059,NA,NA,283671.6784,0.231371236,NA,0.112331593,0.851969258,0.035079195,NA,NA
CM,CM-010,Southwest & West  Vancouver Island,1977,278863.8531,NA,611628.874,355865.1334,26990.46891,NA,NA,994484.4763,0.013193054,NA,0.425705775,0.53558593,0.038708295,NA,NA
CM,CM-010,Southwest & West  Vancouver Island,1978,475061.8938,NA,25916.26515,739249.5246,75077.84273,NA,NA,840243.6325,0.296955702,NA,0.118486532,0.865772202,0.015741266,NA,NA
CM,CM-010,Southwest & West  Vancouver Island,1979,131336.9096,NA,89098.42297,141563.7003,13430.39408,NA,NA,244092.5174,0.024379933,NA,0.427749508,0.449414089,0.122836402,NA,NA
CM,CM-010,Southwest & West  Vancouver Island,1980,437207.7673,NA,83406.94145,115258.3253,2943.44859,NA,NA,201608.7153,0.47831428,NA,0.72980874,0.263773524,0.006081229,NA,NA
CM,CM-010,Southwest & West  Vancouver Island,1981,276367.7001,NA,233465.3258,447256.1936,40635.54509,NA,NA,721357.0645,0.285520664,NA,0.067,0.92,0.013,NA,NA
CM,CM-010,Southwest & West  Vancouver Island,1982,459407.1747,NA,170627.8394,318451.9464,41651.92943,NA,NA,530731.7152,0.462979864,NA,0.104150849,0.864139488,0.031550281,NA,NA
CM,CM-010,Southwest & West  Vancouver Island,1983,296538.3255,NA,30924.39988,83161.64037,4364.221163,NA,NA,118450.2614,0.15496086,NA,0.237683038,0.403411152,0.213947777,NA,NA
CM,CM-010,Southwest & West  Vancouver Island,1984,269728.9265,NA,51307.43794,206573.1351,24047.45144,NA,NA,281928.0245,0.25565668,NA,0.644270372,0.318066607,0.037062484,NA,NA
CM,CM-010,Southwest & West  Vancouver Island,1985,469613.223,NA,7273.701939,75027.9976,3347.770312,NA,NA,85649.46985,0.246065951,NA,0.273932103,0.718041265,0.004725519,NA,NA
CM,CM-010,Southwest & West  Vancouver Island,1986,322295.5253,NA,14328.7521,90403.23166,34990.41235,NA,NA,139722.3961,0.173626414,NA,0.079290915,0.816518556,0.104190529,NA,NA
CM,CM-010,Southwest & West  Vancouver Island,1987,167645.2602,NA,8858.197391,162293.5796,27023.80496,NA,NA,198175.5819,0.04819165,NA,0.291298709,0.472151397,0.236479422,NA,NA
CM,CM-010,Southwest & West  Vancouver Island,1988,217818.0582,NA,117650.9729,509512.1582,43522.6412,NA,NA,670685.7724,0.001801009,NA,0.033333333,0.946666667,0.02,NA,NA
CM,CM-010,Southwest & West  Vancouver Island,1989,113395.2012,NA,121653.2085,324777.9766,56093.39337,NA,NA,502524.5785,7.94E-05,NA,0.126351158,0.661598043,0.212050799,NA,NA
CM,CM-010,Southwest & West  Vancouver Island,1990,102606.1994,NA,77559.88756,254017.1809,51361.79348,NA,NA,382938.862,2.92E-05,NA,0.086329466,0.881044119,0.032626415,NA,NA
CM,CM-010,Southwest & West  Vancouver Island,1991,314704.9648,NA,91164.02239,47662.77059,7011.858464,NA,NA,145838.6514,0.00073031,NA,0.37357228,0.515324107,0.111103613,NA,NA
CM,CM-010,Southwest & West  Vancouver Island,1992,584416.8568,NA,11003.80538,48274.92754,2465.6959,NA,NA,61744.42882,0.112083757,NA,0.184830158,0.774112034,0.041057808,NA,NA
CM,CM-010,Southwest & West  Vancouver Island,1993,401934.6176,NA,148448.0281,273783.7527,75152.85007,NA,NA,497384.6308,0.098519351,NA,0.173955501,0.728429571,0.097614928,NA,NA
CM,CM-010,Southwest & West  Vancouver Island,1994,365176.5838,NA,40185.41974,804307.769,81311.44247,NA,NA,925804.6312,0.089958381,NA,0.227186129,0.633025821,0.13978805,NA,NA
CM,CM-010,Southwest & West  Vancouver Island,1995,102940.4234,NA,68276.31388,227951.3605,17586.16371,NA,NA,313813.8381,0.064419259,NA,0.100008802,0.433186194,0.466805004,NA,NA
CM,CM-010,Southwest & West  Vancouver Island,1996,203734.8141,NA,82214.423,60971.79497,8545.277991,NA,NA,151731.496,0,NA,0.728633586,0.23694982,0.034416594,NA,NA
CM,CM-010,Southwest & West  Vancouver Island,1997,303848.0649,NA,50272.02196,138880.3481,20684.66007,NA,NA,209837.0302,0.039776917,NA,0.126994285,0.865213604,0.007792112,NA,NA
CM,CM-010,Southwest & West  Vancouver Island,1998,910909.1709,NA,67157.81714,284358.6658,19081.90132,NA,NA,370598.3843,0.038858633,NA,0.072041419,0.848661418,0.079297163,NA,NA
CM,CM-010,Southwest & West  Vancouver Island,1999,385422.4071,NA,173815.2837,218339.0999,78895.67198,NA,NA,471050.0555,0.015466593,NA,0.210010743,0.582285112,0.207704145,NA,NA
CM,CM-010,Southwest & West  Vancouver Island,2000,118259.7844,NA,118482.3165,315544.1689,33413.41074,NA,NA,467439.8962,0.082047643,NA,0.390219898,0.473273338,0.136506764,NA,NA
CM,CM-010,Southwest & West  Vancouver Island,2001,204394.3688,NA,161628.1763,335963.2673,14519.57844,NA,NA,512111.022,0.047483041,NA,0.312968308,0.647209058,0.039822634,NA,NA
CM,CM-010,Southwest & West  Vancouver Island,2002,453193.9199,NA,16881.67854,276305.4736,18390.71225,NA,NA,311577.8644,0.053595548,NA,0.362978299,0.593825944,0.043195757,NA,NA
CM,CM-010,Southwest & West  Vancouver Island,2003,346186.7406,NA,96772.19629,273725.2095,21231.45836,NA,NA,391728.8641,0.02730117,NA,0.332905906,0.613478686,0.053615407,NA,NA
CM,CM-010,Southwest & West  Vancouver Island,2004,478356.4249,NA,28975.94306,59521.71854,7659.917789,NA,NA,96157.57939,0.139751955,NA,0.290662601,0.567456065,0.141881334,NA,NA
CM,CM-010,Southwest & West  Vancouver Island,2005,319575.8386,NA,41972.01596,131033.5079,41430.83339,NA,NA,214436.3573,0.172637088,NA,0.043705666,0.869788994,0.086505341,NA,NA
CM,CM-010,Southwest & West  Vancouver Island,2006,307152.7557,NA,23794.64489,82488.26655,7932.795663,NA,NA,114215.7071,0.207546604,NA,0.249672042,0.71286748,0.037460479,NA,NA
CM,CM-010,Southwest & West  Vancouver Island,2007,296257.3982,NA,62519.8204,344961.2472,61535.37534,NA,NA,469016.443,0.077343805,NA,0.09024191,0.852482543,0.057275547,NA,NA
CM,CM-010,Southwest & West  Vancouver Island,2008,109014.3066,NA,115793.2074,98721.98263,9835.216972,NA,NA,224350.407,0.111720226,NA,0.342,0.485,0.173,NA,NA
CM,CM-010,Southwest & West  Vancouver Island,2009,162823.0288,NA,76933.71188,133446.5522,5179.754574,NA,NA,215560.0187,0,NA,0.14613808,0.80476029,0.047044437,NA,NA
CM,CM-010,Southwest & West  Vancouver Island,2010,171145.649,NA,32481.98389,92785.379,13826.02223,NA,NA,139093.3851,0.082631531,NA,0.335116389,0.442150503,0.222075994,NA,NA
CM,CM-010,Southwest & West  Vancouver Island,2011,445095.1173,NA,32163.94546,113437.0528,NA,NA,NA,145600.9983,0.050336622,NA,0.247058582,0.736015855,0.016925563,NA,NA
CM,CM-010,Southwest & West  Vancouver Island,2012,227737.0699,NA,78492.26534,NA,NA,NA,NA,78492.26534,0.039858162,NA,0.324353324,0.416212898,0.259433778,NA,NA
CM,CM-010,Southwest & West  Vancouver Island,2013,173338.7531,NA,NA,NA,NA,NA,NA,NA,0.013796929,NA,0.184804792,0.759238181,0.055957026,NA,NA
CM,CM-010,Southwest & West  Vancouver Island,2014,130129.079,NA,NA,NA,NA,NA,NA,NA,0,NA,0.247169547,0.71302571,0.039804743,NA,NA
CM,CM-010,Southwest & West  Vancouver Island,2015,205616.2281,NA,NA,NA,NA,NA,NA,NA,0.004243473,NA,0.380121677,0.549351998,0.066956543,NA,NA
CM,CM-010,Southwest & West  Vancouver Island,2016,NA,NA,NA,NA,NA,NA,NA,NA,NA,NA,NA,NA,NA,NA,NA
CM,CM-010,Southwest & West  Vancouver Island,2017,NA,NA,NA,NA,NA,NA,NA,NA,NA,NA,NA,NA,NA,NA,NA
CM,CM-009,Upper Knight,1948,NA,NA,NA,NA,NA,NA,NA,NA,NA,NA,NA,NA,NA,NA,NA
CM,CM-009,Upper Knight,1949,NA,NA,NA,NA,NA,NA,NA,NA,NA,NA,NA,NA,NA,NA,NA
CM,CM-009,Upper Knight,1950,NA,NA,NA,NA,NA,NA,NA,NA,NA,NA,NA,NA,NA,NA,NA
CM,CM-009,Upper Knight,1951,NA,NA,NA,NA,NA,NA,NA,NA,NA,NA,NA,NA,NA,NA,NA
CM,CM-009,Upper Knight,1952,NA,NA,NA,NA,NA,NA,NA,NA,NA,NA,NA,NA,NA,NA,NA
CM,CM-009,Upper Knight,1953,17250,NA,NA,NA,NA,NA,NA,NA,NA,NA,NA,NA,NA,NA,NA
CM,CM-009,Upper Knight,1954,6500,NA,NA,NA,NA,NA,NA,NA,NA,NA,NA,NA,NA,NA,NA
CM,CM-009,Upper Knight,1955,4650,NA,NA,NA,NA,NA,NA,NA,NA,NA,NA,NA,NA,NA,NA
CM,CM-009,Upper Knight,1956,18000,NA,NA,NA,NA,NA,NA,NA,NA,NA,NA,NA,NA,NA,NA
CM,CM-009,Upper Knight,1957,38900,NA,NA,NA,NA,NA,NA,NA,NA,NA,NA,NA,NA,NA,NA
CM,CM-009,Upper Knight,1958,40000,NA,NA,NA,NA,NA,NA,NA,NA,NA,NA,NA,NA,NA,NA
CM,CM-009,Upper Knight,1959,20000,NA,NA,NA,NA,NA,NA,NA,NA,NA,NA,NA,NA,NA,NA
CM,CM-009,Upper Knight,1960,19250,NA,NA,NA,NA,NA,NA,NA,NA,NA,NA,NA,NA,NA,NA
CM,CM-009,Upper Knight,1961,42000,NA,NA,NA,NA,NA,NA,NA,NA,NA,NA,NA,NA,NA,NA
CM,CM-009,Upper Knight,1962,16500,NA,NA,NA,NA,NA,NA,NA,NA,NA,NA,NA,NA,NA,NA
CM,CM-009,Upper Knight,1963,9750,NA,NA,NA,NA,NA,NA,NA,NA,NA,NA,NA,NA,NA,NA
CM,CM-009,Upper Knight,1964,16500,NA,NA,NA,NA,NA,NA,NA,NA,NA,NA,NA,NA,NA,NA
CM,CM-009,Upper Knight,1965,2275,NA,NA,NA,NA,NA,NA,NA,NA,NA,NA,NA,NA,NA,NA
CM,CM-009,Upper Knight,1966,4342.340354,NA,NA,NA,NA,NA,NA,NA,NA,NA,NA,NA,NA,NA,NA
CM,CM-009,Upper Knight,1967,998.2400481,NA,NA,NA,NA,NA,NA,NA,NA,NA,NA,NA,NA,NA,NA
CM,CM-009,Upper Knight,1968,1350,NA,NA,NA,NA,NA,NA,NA,NA,NA,NA,NA,NA,NA,NA
CM,CM-009,Upper Knight,1969,128.8051675,NA,NA,NA,NA,NA,NA,NA,NA,NA,NA,NA,NA,NA,NA
CM,CM-009,Upper Knight,1970,11119.35494,NA,NA,NA,NA,NA,NA,NA,NA,NA,NA,NA,NA,NA,NA
CM,CM-009,Upper Knight,1971,1111.935494,NA,NA,NA,NA,NA,NA,NA,NA,NA,NA,NA,NA,NA,NA
CM,CM-009,Upper Knight,1972,39804.78658,NA,NA,NA,NA,NA,NA,NA,NA,NA,NA,NA,NA,NA,NA
CM,CM-009,Upper Knight,1973,34237.68356,NA,NA,NA,NA,NA,NA,NA,NA,NA,NA,NA,NA,NA,NA
CM,CM-009,Upper Knight,1974,9185.71998,NA,NA,NA,NA,NA,NA,NA,NA,NA,NA,NA,NA,NA,NA
CM,CM-009,Upper Knight,1975,7775,NA,NA,NA,NA,NA,NA,NA,NA,NA,NA,NA,NA,NA,NA
CM,CM-009,Upper Knight,1976,20600,NA,NA,NA,NA,NA,NA,NA,NA,NA,NA,NA,NA,NA,NA
CM,CM-009,Upper Knight,1977,1180,NA,NA,NA,NA,NA,NA,NA,NA,NA,NA,NA,NA,NA,NA
CM,CM-009,Upper Knight,1978,8895.483951,NA,NA,NA,NA,NA,NA,NA,NA,NA,NA,NA,NA,NA,NA
CM,CM-009,Upper Knight,1979,NA,NA,NA,NA,NA,NA,NA,NA,NA,NA,NA,NA,NA,NA,NA
CM,CM-009,Upper Knight,1980,NA,NA,NA,NA,NA,NA,NA,NA,NA,NA,NA,NA,NA,NA,NA
CM,CM-009,Upper Knight,1981,444.7741975,NA,NA,NA,NA,NA,NA,NA,NA,NA,NA,NA,NA,NA,NA
CM,CM-009,Upper Knight,1982,NA,NA,NA,NA,NA,NA,NA,NA,NA,NA,NA,NA,NA,NA,NA
CM,CM-009,Upper Knight,1983,1037.806461,NA,NA,NA,NA,NA,NA,NA,NA,NA,NA,NA,NA,NA,NA
CM,CM-009,Upper Knight,1984,NA,NA,NA,NA,NA,NA,NA,NA,NA,NA,NA,NA,NA,NA,NA
CM,CM-009,Upper Knight,1985,15.4566201,NA,NA,NA,NA,NA,NA,NA,NA,NA,NA,NA,NA,NA,NA
CM,CM-009,Upper Knight,1986,5890.044145,NA,NA,NA,NA,NA,NA,NA,NA,NA,NA,NA,NA,NA,NA
CM,CM-009,Upper Knight,1987,3435.859085,NA,NA,NA,NA,NA,NA,NA,NA,NA,NA,NA,NA,NA,NA
CM,CM-009,Upper Knight,1988,2945.022073,NA,NA,NA,NA,NA,NA,NA,NA,NA,NA,NA,NA,NA,NA
CM,CM-009,Upper Knight,1989,NA,NA,NA,NA,NA,NA,NA,NA,NA,NA,NA,NA,NA,NA,NA
CM,CM-009,Upper Knight,1990,2699.603567,NA,NA,NA,NA,NA,NA,NA,NA,NA,NA,NA,NA,NA,NA
CM,CM-009,Upper Knight,1991,NA,NA,NA,NA,NA,NA,NA,NA,NA,NA,NA,NA,NA,NA,NA
CM,CM-009,Upper Knight,1992,148.2580658,NA,NA,NA,NA,NA,NA,NA,NA,NA,NA,NA,NA,NA,NA
CM,CM-009,Upper Knight,1993,1114.900655,NA,NA,NA,NA,NA,NA,NA,NA,NA,NA,NA,NA,NA,NA
CM,CM-009,Upper Knight,1994,148.2580658,NA,NA,NA,NA,NA,NA,NA,NA,NA,NA,NA,NA,NA,NA
CM,CM-009,Upper Knight,1995,237.2129054,NA,NA,NA,NA,NA,NA,NA,NA,NA,NA,NA,NA,NA,NA
CM,CM-009,Upper Knight,1996,NA,NA,NA,NA,NA,NA,NA,NA,NA,NA,NA,NA,NA,NA,NA
CM,CM-009,Upper Knight,1997,2223.870988,NA,NA,NA,NA,NA,NA,NA,NA,NA,NA,NA,NA,NA,NA
CM,CM-009,Upper Knight,1998,14148.26722,NA,NA,NA,NA,NA,NA,NA,NA,NA,NA,NA,NA,NA,NA
CM,CM-009,Upper Knight,1999,131.9496786,NA,NA,NA,NA,NA,NA,NA,NA,NA,NA,NA,NA,NA,NA
CM,CM-009,Upper Knight,2000,3716.829711,NA,NA,NA,NA,NA,NA,NA,NA,NA,NA,NA,NA,NA,NA
CM,CM-009,Upper Knight,2001,515.9380691,NA,NA,NA,NA,NA,NA,NA,NA,NA,NA,NA,NA,NA,NA
CM,CM-009,Upper Knight,2002,3706.451646,NA,NA,NA,NA,NA,NA,NA,NA,NA,NA,NA,NA,NA,NA
CM,CM-009,Upper Knight,2003,7578.952326,NA,NA,NA,NA,NA,NA,NA,NA,NA,NA,NA,NA,NA,NA
CM,CM-009,Upper Knight,2004,NA,NA,NA,NA,NA,NA,NA,NA,NA,NA,NA,NA,NA,NA,NA
CM,CM-009,Upper Knight,2005,NA,NA,NA,NA,NA,NA,NA,NA,NA,NA,NA,NA,NA,NA,NA
CM,CM-009,Upper Knight,2006,NA,NA,NA,NA,NA,NA,NA,NA,NA,NA,NA,NA,NA,NA,NA
CM,CM-009,Upper Knight,2007,NA,NA,NA,NA,NA,NA,NA,NA,NA,NA,NA,NA,NA,NA,NA
CM,CM-009,Upper Knight,2008,NA,NA,NA,NA,NA,NA,NA,NA,NA,NA,NA,NA,NA,NA,NA
CM,CM-009,Upper Knight,2009,NA,NA,NA,NA,NA,NA,NA,NA,NA,NA,NA,NA,NA,NA,NA
CM,CM-009,Upper Knight,2010,NA,NA,NA,NA,NA,NA,NA,NA,NA,NA,NA,NA,NA,NA,NA
CM,CM-009,Upper Knight,2011,NA,NA,NA,NA,NA,NA,NA,NA,NA,NA,NA,NA,NA,NA,NA
CM,CM-009,Upper Knight,2012,NA,NA,NA,NA,NA,NA,NA,NA,NA,NA,NA,NA,NA,NA,NA
CM,CM-009,Upper Knight,2013,NA,NA,NA,NA,NA,NA,NA,NA,NA,NA,NA,NA,NA,NA,NA
CM,CM-009,Upper Knight,2014,NA,NA,NA,NA,NA,NA,NA,NA,NA,NA,NA,NA,NA,NA,NA
CM,CM-009,Upper Knight,2015,NA,NA,NA,NA,NA,NA,NA,NA,NA,NA,NA,NA,NA,NA,NA
CM,CM-009,Upper Knight,2016,NA,NA,NA,NA,NA,NA,NA,NA,NA,NA,NA,NA,NA,NA,NA
CM,CM-009,Upper Knight,2017,NA,NA,NA,NA,NA,NA,NA,NA,NA,NA,NA,NA,NA,NA,NA
PKE,PKE-001,Georgia Strait,1948,NA,NA,NA,NA,NA,NA,NA,NA,NA,NA,NA,NA,NA,NA,NA
PKE,PKE-001,Georgia Strait,1949,NA,NA,NA,NA,NA,NA,NA,NA,NA,NA,NA,NA,NA,NA,NA
PKE,PKE-001,Georgia Strait,1950,NA,NA,NA,NA,NA,NA,NA,NA,NA,NA,NA,NA,NA,NA,NA
PKE,PKE-001,Georgia Strait,1951,NA,NA,NA,NA,NA,NA,NA,NA,NA,NA,NA,NA,NA,NA,NA
PKE,PKE-001,Georgia Strait,1952,NA,NA,NA,NA,NA,NA,NA,NA,NA,NA,NA,NA,NA,NA,NA
PKE,PKE-001,Georgia Strait,1953,NA,NA,NA,NA,NA,NA,NA,NA,NA,NA,NA,NA,NA,NA,NA
PKE,PKE-001,Georgia Strait,1954,535824,NA,NA,NA,NA,NA,NA,423234,0.31,NA,NA,NA,NA,NA,NA
PKE,PKE-001,Georgia Strait,1955,NA,NA,NA,NA,NA,NA,NA,NA,NA,NA,NA,NA,NA,NA,NA
PKE,PKE-001,Georgia Strait,1956,165736,NA,NA,NA,NA,NA,NA,651463,0.61,NA,NA,NA,NA,NA,NA
PKE,PKE-001,Georgia Strait,1957,NA,NA,NA,NA,NA,NA,NA,NA,NA,NA,NA,NA,NA,NA,NA
PKE,PKE-001,Georgia Strait,1958,211510,NA,NA,NA,NA,NA,NA,56270,0.68,NA,NA,NA,NA,NA,NA
PKE,PKE-001,Georgia Strait,1959,NA,NA,NA,NA,NA,NA,NA,NA,NA,NA,NA,NA,NA,NA,NA
PKE,PKE-001,Georgia Strait,1960,20125,NA,NA,NA,NA,NA,NA,58849,0.64,NA,NA,NA,NA,NA,NA
PKE,PKE-001,Georgia Strait,1961,NA,NA,NA,NA,NA,NA,NA,NA,NA,NA,NA,NA,NA,NA,NA
PKE,PKE-001,Georgia Strait,1962,26558,NA,NA,NA,NA,NA,NA,78202,0.55,NA,NA,NA,NA,NA,NA
PKE,PKE-001,Georgia Strait,1963,NA,NA,NA,NA,NA,NA,NA,NA,NA,NA,NA,NA,NA,NA,NA
PKE,PKE-001,Georgia Strait,1964,29425,NA,NA,NA,NA,NA,NA,127831,0.62,NA,NA,NA,NA,NA,NA
PKE,PKE-001,Georgia Strait,1965,NA,NA,NA,NA,NA,NA,NA,NA,NA,NA,NA,NA,NA,NA,NA
PKE,PKE-001,Georgia Strait,1966,31704,NA,NA,NA,NA,NA,NA,128853,0.75,NA,NA,NA,NA,NA,NA
PKE,PKE-001,Georgia Strait,1967,NA,NA,NA,NA,NA,NA,NA,NA,NA,NA,NA,NA,NA,NA,NA
PKE,PKE-001,Georgia Strait,1968,32773,NA,NA,NA,NA,NA,NA,81650,0.75,NA,NA,NA,NA,NA,NA
PKE,PKE-001,Georgia Strait,1969,NA,NA,NA,NA,NA,NA,NA,NA,NA,NA,NA,NA,NA,NA,NA
PKE,PKE-001,Georgia Strait,1970,22935,NA,NA,NA,NA,NA,NA,61269,0.72,NA,NA,NA,NA,NA,NA
PKE,PKE-001,Georgia Strait,1971,NA,NA,NA,NA,NA,NA,NA,NA,NA,NA,NA,NA,NA,NA,NA
PKE,PKE-001,Georgia Strait,1972,25426,NA,NA,NA,NA,NA,NA,78962,0.59,NA,NA,NA,NA,NA,NA
PKE,PKE-001,Georgia Strait,1973,NA,NA,NA,NA,NA,NA,NA,NA,NA,NA,NA,NA,NA,NA,NA
PKE,PKE-001,Georgia Strait,1974,27788,NA,NA,NA,NA,NA,NA,185533,0.65,NA,NA,NA,NA,NA,NA
PKE,PKE-001,Georgia Strait,1975,NA,NA,NA,NA,NA,NA,NA,NA,NA,NA,NA,NA,NA,NA,NA
PKE,PKE-001,Georgia Strait,1976,54144,NA,NA,NA,NA,NA,NA,57075,0.71,NA,NA,NA,NA,NA,NA
PKE,PKE-001,Georgia Strait,1977,NA,NA,NA,NA,NA,NA,NA,NA,NA,NA,NA,NA,NA,NA,NA
PKE,PKE-001,Georgia Strait,1978,23413,NA,NA,NA,NA,NA,NA,83642,0.59,NA,NA,NA,NA,NA,NA
PKE,PKE-001,Georgia Strait,1979,NA,NA,NA,NA,NA,NA,NA,NA,NA,NA,NA,NA,NA,NA,NA
PKE,PKE-001,Georgia Strait,1980,42742,NA,NA,NA,NA,NA,NA,9159,0.49,NA,NA,NA,NA,NA,NA
PKE,PKE-001,Georgia Strait,1981,NA,NA,NA,NA,NA,NA,NA,NA,NA,NA,NA,NA,NA,NA,NA
PKE,PKE-001,Georgia Strait,1982,5589,NA,NA,NA,NA,NA,NA,13475,0.39,NA,NA,NA,NA,NA,NA
PKE,PKE-001,Georgia Strait,1983,NA,NA,NA,NA,NA,NA,NA,NA,NA,NA,NA,NA,NA,NA,NA
PKE,PKE-001,Georgia Strait,1984,5122,NA,NA,NA,NA,NA,NA,459634,0.62,NA,NA,NA,NA,NA,NA
PKE,PKE-001,Georgia Strait,1985,NA,NA,NA,NA,NA,NA,NA,NA,NA,NA,NA,NA,NA,NA,NA
PKE,PKE-001,Georgia Strait,1986,314428,NA,NA,NA,NA,NA,NA,356105,0.32,NA,NA,NA,NA,NA,NA
PKE,PKE-001,Georgia Strait,1987,NA,NA,NA,NA,NA,NA,NA,NA,NA,NA,NA,NA,NA,NA,NA
PKE,PKE-001,Georgia Strait,1988,245203,NA,NA,NA,NA,NA,NA,941388,0.31,NA,NA,NA,NA,NA,NA
PKE,PKE-001,Georgia Strait,1989,NA,NA,NA,NA,NA,NA,NA,NA,NA,NA,NA,NA,NA,NA,NA
PKE,PKE-001,Georgia Strait,1990,718802,NA,NA,NA,NA,NA,NA,562370,0.24,NA,NA,NA,NA,NA,NA
PKE,PKE-001,Georgia Strait,1991,NA,NA,NA,NA,NA,NA,NA,NA,NA,NA,NA,NA,NA,NA,NA
PKE,PKE-001,Georgia Strait,1992,352877,NA,NA,NA,NA,NA,NA,160138,0.37,NA,NA,NA,NA,NA,NA
PKE,PKE-001,Georgia Strait,1993,NA,NA,NA,NA,NA,NA,NA,NA,NA,NA,NA,NA,NA,NA,NA
PKE,PKE-001,Georgia Strait,1994,126450,NA,NA,NA,NA,NA,NA,296799,0.21,NA,NA,NA,NA,NA,NA
PKE,PKE-001,Georgia Strait,1995,NA,NA,NA,NA,NA,NA,NA,NA,NA,NA,NA,NA,NA,NA,NA
PKE,PKE-001,Georgia Strait,1996,279054,NA,NA,NA,NA,NA,NA,114150,0.06,NA,NA,NA,NA,NA,NA
PKE,PKE-001,Georgia Strait,1997,NA,NA,NA,NA,NA,NA,NA,NA,NA,NA,NA,NA,NA,NA,NA
PKE,PKE-001,Georgia Strait,1998,104355,NA,NA,NA,NA,NA,NA,265064,0.09,NA,NA,NA,NA,NA,NA
PKE,PKE-001,Georgia Strait,1999,NA,NA,NA,NA,NA,NA,NA,NA,NA,NA,NA,NA,NA,NA,NA
PKE,PKE-001,Georgia Strait,2000,208094,NA,NA,NA,NA,NA,NA,249343,0.21,NA,NA,NA,NA,NA,NA
PKE,PKE-001,Georgia Strait,2001,NA,NA,NA,NA,NA,NA,NA,NA,NA,NA,NA,NA,NA,NA,NA
PKE,PKE-001,Georgia Strait,2002,204935,NA,NA,NA,NA,NA,NA,64373,0.18,NA,NA,NA,NA,NA,NA
PKE,PKE-001,Georgia Strait,2003,NA,NA,NA,NA,NA,NA,NA,NA,NA,NA,NA,NA,NA,NA,NA
PKE,PKE-001,Georgia Strait,2004,57802,NA,NA,NA,NA,NA,NA,58781,0.1,NA,NA,NA,NA,NA,NA
PKE,PKE-001,Georgia Strait,2005,NA,NA,NA,NA,NA,NA,NA,NA,NA,NA,NA,NA,NA,NA,NA
PKE,PKE-001,Georgia Strait,2006,51286,NA,NA,NA,NA,NA,NA,144105,0.13,NA,NA,NA,NA,NA,NA
PKE,PKE-001,Georgia Strait,2007,NA,NA,NA,NA,NA,NA,NA,NA,NA,NA,NA,NA,NA,NA,NA
PKE,PKE-001,Georgia Strait,2008,139224,NA,NA,NA,NA,NA,NA,762411,0.03,NA,NA,NA,NA,NA,NA
PKE,PKE-001,Georgia Strait,2009,NA,NA,NA,NA,NA,NA,NA,NA,NA,NA,NA,NA,NA,NA,NA
PKE,PKE-001,Georgia Strait,2010,659305,NA,NA,NA,NA,NA,NA,558434,0.14,NA,NA,NA,NA,NA,NA
PKE,PKE-001,Georgia Strait,2011,NA,NA,NA,NA,NA,NA,NA,NA,NA,NA,NA,NA,NA,NA,NA
PKE,PKE-001,Georgia Strait,2012,551467,NA,NA,NA,NA,NA,NA,2330604,0.01,NA,NA,NA,NA,NA,NA
PKE,PKE-001,Georgia Strait,2013,NA,NA,NA,NA,NA,NA,NA,NA,NA,NA,NA,NA,NA,NA,NA
PKE,PKE-001,Georgia Strait,2014,2089904,NA,NA,NA,NA,NA,NA,100054,0.1,NA,NA,NA,NA,NA,NA
PKE,PKE-001,Georgia Strait,2015,NA,NA,NA,NA,NA,NA,NA,NA,NA,NA,NA,NA,NA,NA,NA
PKE,PKE-001,Georgia Strait,2016,98656,NA,NA,NA,NA,NA,NA,NA,0.01,NA,NA,NA,NA,NA,NA
PKE,PKE-001,Georgia Strait,2017,NA,NA,NA,NA,NA,NA,NA,NA,NA,NA,NA,NA,NA,NA,NA
PKE,PKE-003,Northwest Vancouver Island,1948,NA,NA,NA,NA,NA,NA,NA,NA,NA,NA,NA,NA,NA,NA,NA
PKE,PKE-003,Northwest Vancouver Island,1949,NA,NA,NA,NA,NA,NA,NA,NA,NA,NA,NA,NA,NA,NA,NA
PKE,PKE-003,Northwest Vancouver Island,1950,NA,NA,NA,NA,NA,NA,NA,NA,NA,NA,NA,NA,NA,NA,NA
PKE,PKE-003,Northwest Vancouver Island,1951,NA,NA,NA,NA,NA,NA,NA,NA,NA,NA,NA,NA,NA,NA,NA
PKE,PKE-003,Northwest Vancouver Island,1952,NA,NA,NA,NA,NA,NA,NA,NA,NA,NA,NA,NA,NA,NA,NA
PKE,PKE-003,Northwest Vancouver Island,1953,NA,NA,NA,NA,NA,NA,NA,NA,NA,NA,NA,NA,NA,NA,NA
PKE,PKE-003,Northwest Vancouver Island,1954,NA,NA,NA,NA,NA,NA,NA,NA,NA,NA,NA,NA,NA,NA,NA
PKE,PKE-003,Northwest Vancouver Island,1955,NA,NA,NA,NA,NA,NA,NA,NA,NA,NA,NA,NA,NA,NA,NA
PKE,PKE-003,Northwest Vancouver Island,1956,NA,NA,NA,NA,NA,NA,NA,NA,NA,NA,NA,NA,NA,NA,NA
PKE,PKE-003,Northwest Vancouver Island,1957,NA,NA,NA,NA,NA,NA,NA,NA,NA,NA,NA,NA,NA,NA,NA
PKE,PKE-003,Northwest Vancouver Island,1958,NA,NA,NA,NA,NA,NA,NA,NA,NA,NA,NA,NA,NA,NA,NA
PKE,PKE-003,Northwest Vancouver Island,1959,NA,NA,NA,NA,NA,NA,NA,NA,NA,NA,NA,NA,NA,NA,NA
PKE,PKE-003,Northwest Vancouver Island,1960,NA,NA,NA,NA,NA,NA,NA,NA,NA,NA,NA,NA,NA,NA,NA
PKE,PKE-003,Northwest Vancouver Island,1961,NA,NA,NA,NA,NA,NA,NA,NA,NA,NA,NA,NA,NA,NA,NA
PKE,PKE-003,Northwest Vancouver Island,1962,NA,NA,NA,NA,NA,NA,NA,NA,NA,NA,NA,NA,NA,NA,NA
PKE,PKE-003,Northwest Vancouver Island,1963,NA,NA,NA,NA,NA,NA,NA,NA,NA,NA,NA,NA,NA,NA,NA
PKE,PKE-003,Northwest Vancouver Island,1964,NA,NA,NA,NA,NA,NA,NA,NA,NA,NA,NA,NA,NA,NA,NA
PKE,PKE-003,Northwest Vancouver Island,1965,NA,NA,NA,NA,NA,NA,NA,NA,NA,NA,NA,NA,NA,NA,NA
PKE,PKE-003,Northwest Vancouver Island,1966,NA,NA,NA,NA,NA,NA,NA,NA,NA,NA,NA,NA,NA,NA,NA
PKE,PKE-003,Northwest Vancouver Island,1967,NA,NA,NA,NA,NA,NA,NA,NA,NA,NA,NA,NA,NA,NA,NA
PKE,PKE-003,Northwest Vancouver Island,1968,NA,NA,NA,NA,NA,NA,NA,NA,NA,NA,NA,NA,NA,NA,NA
PKE,PKE-003,Northwest Vancouver Island,1969,NA,NA,NA,NA,NA,NA,NA,NA,NA,NA,NA,NA,NA,NA,NA
PKE,PKE-003,Northwest Vancouver Island,1970,NA,NA,NA,NA,NA,NA,NA,NA,NA,NA,NA,NA,NA,NA,NA
PKE,PKE-003,Northwest Vancouver Island,1971,NA,NA,NA,NA,NA,NA,NA,NA,NA,NA,NA,NA,NA,NA,NA
PKE,PKE-003,Northwest Vancouver Island,1972,NA,NA,NA,NA,NA,NA,NA,NA,NA,NA,NA,NA,NA,NA,NA
PKE,PKE-003,Northwest Vancouver Island,1973,NA,NA,NA,NA,NA,NA,NA,NA,NA,NA,NA,NA,NA,NA,NA
PKE,PKE-003,Northwest Vancouver Island,1974,NA,NA,NA,NA,NA,NA,NA,NA,NA,NA,NA,NA,NA,NA,NA
PKE,PKE-003,Northwest Vancouver Island,1975,NA,NA,NA,NA,NA,NA,NA,NA,NA,NA,NA,NA,NA,NA,NA
PKE,PKE-003,Northwest Vancouver Island,1976,NA,NA,NA,NA,NA,NA,NA,NA,NA,NA,NA,NA,NA,NA,NA
PKE,PKE-003,Northwest Vancouver Island,1977,NA,NA,NA,NA,NA,NA,NA,NA,NA,NA,NA,NA,NA,NA,NA
PKE,PKE-003,Northwest Vancouver Island,1978,NA,NA,NA,NA,NA,NA,NA,NA,NA,NA,NA,NA,NA,NA,NA
PKE,PKE-003,Northwest Vancouver Island,1979,NA,NA,NA,NA,NA,NA,NA,NA,NA,NA,NA,NA,NA,NA,NA
PKE,PKE-003,Northwest Vancouver Island,1980,NA,NA,NA,NA,NA,NA,NA,NA,NA,NA,NA,NA,NA,NA,NA
PKE,PKE-003,Northwest Vancouver Island,1981,NA,NA,NA,NA,NA,NA,NA,NA,NA,NA,NA,NA,NA,NA,NA
PKE,PKE-003,Northwest Vancouver Island,1982,NA,NA,NA,NA,NA,NA,NA,NA,NA,NA,NA,NA,NA,NA,NA
PKE,PKE-003,Northwest Vancouver Island,1983,NA,NA,NA,NA,NA,NA,NA,NA,NA,NA,NA,NA,NA,NA,NA
PKE,PKE-003,Northwest Vancouver Island,1984,NA,NA,NA,NA,NA,NA,NA,NA,NA,NA,NA,NA,NA,NA,NA
PKE,PKE-003,Northwest Vancouver Island,1985,NA,NA,NA,NA,NA,NA,NA,NA,NA,NA,NA,NA,NA,NA,NA
PKE,PKE-003,Northwest Vancouver Island,1986,NA,NA,NA,NA,NA,NA,NA,NA,NA,NA,NA,NA,NA,NA,NA
PKE,PKE-003,Northwest Vancouver Island,1987,NA,NA,NA,NA,NA,NA,NA,NA,NA,NA,NA,NA,NA,NA,NA
PKE,PKE-003,Northwest Vancouver Island,1988,NA,NA,NA,NA,NA,NA,NA,NA,NA,NA,NA,NA,NA,NA,NA
PKE,PKE-003,Northwest Vancouver Island,1989,NA,NA,NA,NA,NA,NA,NA,NA,NA,NA,NA,NA,NA,NA,NA
PKE,PKE-003,Northwest Vancouver Island,1990,NA,NA,NA,NA,NA,NA,NA,NA,NA,NA,NA,NA,NA,NA,NA
PKE,PKE-003,Northwest Vancouver Island,1991,NA,NA,NA,NA,NA,NA,NA,NA,NA,NA,NA,NA,NA,NA,NA
PKE,PKE-003,Northwest Vancouver Island,1992,NA,NA,NA,NA,NA,NA,NA,NA,NA,NA,NA,NA,NA,NA,NA
PKE,PKE-003,Northwest Vancouver Island,1993,NA,NA,NA,NA,NA,NA,NA,NA,NA,NA,NA,NA,NA,NA,NA
PKE,PKE-003,Northwest Vancouver Island,1994,NA,NA,NA,NA,NA,NA,NA,NA,NA,NA,NA,NA,NA,NA,NA
PKE,PKE-003,Northwest Vancouver Island,1995,NA,NA,NA,NA,NA,NA,NA,NA,NA,NA,NA,NA,NA,NA,NA
PKE,PKE-003,Northwest Vancouver Island,1996,NA,NA,NA,NA,NA,NA,NA,NA,NA,NA,NA,NA,NA,NA,NA
PKE,PKE-003,Northwest Vancouver Island,1997,NA,NA,NA,NA,NA,NA,NA,NA,NA,NA,NA,NA,NA,NA,NA
PKE,PKE-003,Northwest Vancouver Island,1998,NA,NA,NA,NA,NA,NA,NA,NA,NA,NA,NA,NA,NA,NA,NA
PKE,PKE-003,Northwest Vancouver Island,1999,NA,NA,NA,NA,NA,NA,NA,NA,NA,NA,NA,NA,NA,NA,NA
PKE,PKE-003,Northwest Vancouver Island,2000,NA,NA,NA,NA,NA,NA,NA,NA,NA,NA,NA,NA,NA,NA,NA
PKE,PKE-003,Northwest Vancouver Island,2001,NA,NA,NA,NA,NA,NA,NA,NA,NA,NA,NA,NA,NA,NA,NA
PKE,PKE-003,Northwest Vancouver Island,2002,NA,NA,NA,NA,NA,NA,NA,NA,NA,NA,NA,NA,NA,NA,NA
PKE,PKE-003,Northwest Vancouver Island,2003,NA,NA,NA,NA,NA,NA,NA,NA,NA,NA,NA,NA,NA,NA,NA
PKE,PKE-003,Northwest Vancouver Island,2004,NA,NA,NA,NA,NA,NA,NA,NA,NA,NA,NA,NA,NA,NA,NA
PKE,PKE-003,Northwest Vancouver Island,2005,NA,NA,NA,NA,NA,NA,NA,NA,NA,NA,NA,NA,NA,NA,NA
PKE,PKE-003,Northwest Vancouver Island,2006,NA,NA,NA,NA,NA,NA,NA,NA,NA,NA,NA,NA,NA,NA,NA
PKE,PKE-003,Northwest Vancouver Island,2007,NA,NA,NA,NA,NA,NA,NA,NA,NA,NA,NA,NA,NA,NA,NA
PKE,PKE-003,Northwest Vancouver Island,2008,NA,NA,NA,NA,NA,NA,NA,NA,NA,NA,NA,NA,NA,NA,NA
PKE,PKE-003,Northwest Vancouver Island,2009,NA,NA,NA,NA,NA,NA,NA,NA,NA,NA,NA,NA,NA,NA,NA
PKE,PKE-003,Northwest Vancouver Island,2010,NA,NA,NA,NA,NA,NA,NA,NA,NA,NA,NA,NA,NA,NA,NA
PKE,PKE-003,Northwest Vancouver Island,2011,NA,NA,NA,NA,NA,NA,NA,NA,NA,NA,NA,NA,NA,NA,NA
PKE,PKE-003,Northwest Vancouver Island,2012,NA,NA,NA,NA,NA,NA,NA,NA,NA,NA,NA,NA,NA,NA,NA
PKE,PKE-003,Northwest Vancouver Island,2013,NA,NA,NA,NA,NA,NA,NA,NA,NA,NA,NA,NA,NA,NA,NA
PKE,PKE-003,Northwest Vancouver Island,2014,NA,NA,NA,NA,NA,NA,NA,NA,NA,NA,NA,NA,NA,NA,NA
PKE,PKE-003,Northwest Vancouver Island,2015,NA,NA,NA,NA,NA,NA,NA,NA,NA,NA,NA,NA,NA,NA,NA
PKE,PKE-003,Northwest Vancouver Island,2016,NA,NA,NA,NA,NA,NA,NA,NA,NA,NA,NA,NA,NA,NA,NA
PKE,PKE-003,Northwest Vancouver Island,2017,NA,NA,NA,NA,NA,NA,NA,NA,NA,NA,NA,NA,NA,NA,NA
PKE,PKE-004,Southern Fjords,1948,NA,NA,NA,NA,NA,NA,NA,NA,NA,NA,NA,NA,NA,NA,NA
PKE,PKE-004,Southern Fjords,1949,NA,NA,NA,NA,NA,NA,NA,NA,NA,NA,NA,NA,NA,NA,NA
PKE,PKE-004,Southern Fjords,1950,NA,NA,NA,NA,NA,NA,NA,NA,NA,NA,NA,NA,NA,NA,NA
PKE,PKE-004,Southern Fjords,1951,NA,NA,NA,NA,NA,NA,NA,NA,NA,NA,NA,NA,NA,NA,NA
PKE,PKE-004,Southern Fjords,1952,NA,NA,NA,NA,NA,NA,NA,NA,NA,NA,NA,NA,NA,NA,NA
PKE,PKE-004,Southern Fjords,1953,NA,NA,NA,NA,NA,NA,NA,NA,NA,NA,NA,NA,NA,NA,NA
PKE,PKE-004,Southern Fjords,1954,389830,NA,NA,NA,NA,NA,NA,1203707,0.28,NA,NA,NA,NA,NA,NA
PKE,PKE-004,Southern Fjords,1955,NA,NA,NA,NA,NA,NA,NA,NA,NA,NA,NA,NA,NA,NA,NA
PKE,PKE-004,Southern Fjords,1956,541159,NA,NA,NA,NA,NA,NA,1505384,0.55,NA,NA,NA,NA,NA,NA
PKE,PKE-004,Southern Fjords,1957,NA,NA,NA,NA,NA,NA,NA,NA,NA,NA,NA,NA,NA,NA,NA
PKE,PKE-004,Southern Fjords,1958,574196,NA,NA,NA,NA,NA,NA,529807,0.62,NA,NA,NA,NA,NA,NA
PKE,PKE-004,Southern Fjords,1959,NA,NA,NA,NA,NA,NA,NA,NA,NA,NA,NA,NA,NA,NA,NA
PKE,PKE-004,Southern Fjords,1960,218554,NA,NA,NA,NA,NA,NA,1421689,0.59,NA,NA,NA,NA,NA,NA
PKE,PKE-004,Southern Fjords,1961,NA,NA,NA,NA,NA,NA,NA,NA,NA,NA,NA,NA,NA,NA,NA
PKE,PKE-004,Southern Fjords,1962,697069,NA,NA,NA,NA,NA,NA,1435127,0.51,NA,NA,NA,NA,NA,NA
PKE,PKE-004,Southern Fjords,1963,NA,NA,NA,NA,NA,NA,NA,NA,NA,NA,NA,NA,NA,NA,NA
PKE,PKE-004,Southern Fjords,1964,622955,NA,NA,NA,NA,NA,NA,4682506,0.57,NA,NA,NA,NA,NA,NA
PKE,PKE-004,Southern Fjords,1965,NA,NA,NA,NA,NA,NA,NA,NA,NA,NA,NA,NA,NA,NA,NA
PKE,PKE-004,Southern Fjords,1966,1331478,NA,NA,NA,NA,NA,NA,5111165,0.72,NA,NA,NA,NA,NA,NA
PKE,PKE-004,Southern Fjords,1967,NA,NA,NA,NA,NA,NA,NA,NA,NA,NA,NA,NA,NA,NA,NA
PKE,PKE-004,Southern Fjords,1968,1489447,NA,NA,NA,NA,NA,NA,3529217,0.71,NA,NA,NA,NA,NA,NA
PKE,PKE-004,Southern Fjords,1969,NA,NA,NA,NA,NA,NA,NA,NA,NA,NA,NA,NA,NA,NA,NA
PKE,PKE-004,Southern Fjords,1970,1161461,NA,NA,NA,NA,NA,NA,1458530,0.67,NA,NA,NA,NA,NA,NA
PKE,PKE-004,Southern Fjords,1971,NA,NA,NA,NA,NA,NA,NA,NA,NA,NA,NA,NA,NA,NA,NA
PKE,PKE-004,Southern Fjords,1972,711634,NA,NA,NA,NA,NA,NA,2679026,0.51,NA,NA,NA,NA,NA,NA
PKE,PKE-004,Southern Fjords,1973,NA,NA,NA,NA,NA,NA,NA,NA,NA,NA,NA,NA,NA,NA,NA
PKE,PKE-004,Southern Fjords,1974,1139438,NA,NA,NA,NA,NA,NA,5460095,0.57,NA,NA,NA,NA,NA,NA
PKE,PKE-004,Southern Fjords,1975,NA,NA,NA,NA,NA,NA,NA,NA,NA,NA,NA,NA,NA,NA,NA
PKE,PKE-004,Southern Fjords,1976,1699990,NA,NA,NA,NA,NA,NA,2447073,0.69,NA,NA,NA,NA,NA,NA
PKE,PKE-004,Southern Fjords,1977,NA,NA,NA,NA,NA,NA,NA,NA,NA,NA,NA,NA,NA,NA,NA
PKE,PKE-004,Southern Fjords,1978,1130452,NA,NA,NA,NA,NA,NA,2606555,0.54,NA,NA,NA,NA,NA,NA
PKE,PKE-004,Southern Fjords,1979,NA,NA,NA,NA,NA,NA,NA,NA,NA,NA,NA,NA,NA,NA,NA
PKE,PKE-004,Southern Fjords,1980,1445426,NA,NA,NA,NA,NA,NA,770502,0.45,NA,NA,NA,NA,NA,NA
PKE,PKE-004,Southern Fjords,1981,NA,NA,NA,NA,NA,NA,NA,NA,NA,NA,NA,NA,NA,NA,NA
PKE,PKE-004,Southern Fjords,1982,579890,NA,NA,NA,NA,NA,NA,609908,0.25,NA,NA,NA,NA,NA,NA
PKE,PKE-004,Southern Fjords,1983,NA,NA,NA,NA,NA,NA,NA,NA,NA,NA,NA,NA,NA,NA,NA
PKE,PKE-004,Southern Fjords,1984,378787,NA,NA,NA,NA,NA,NA,1624020,0.38,NA,NA,NA,NA,NA,NA
PKE,PKE-004,Southern Fjords,1985,NA,NA,NA,NA,NA,NA,NA,NA,NA,NA,NA,NA,NA,NA,NA
PKE,PKE-004,Southern Fjords,1986,1196814,NA,NA,NA,NA,NA,NA,2361240,0.26,NA,NA,NA,NA,NA,NA
PKE,PKE-004,Southern Fjords,1987,NA,NA,NA,NA,NA,NA,NA,NA,NA,NA,NA,NA,NA,NA,NA
PKE,PKE-004,Southern Fjords,1988,1749737,NA,NA,NA,NA,NA,NA,3439260,0.26,NA,NA,NA,NA,NA,NA
PKE,PKE-004,Southern Fjords,1989,NA,NA,NA,NA,NA,NA,NA,NA,NA,NA,NA,NA,NA,NA,NA
PKE,PKE-004,Southern Fjords,1990,3059604,NA,NA,NA,NA,NA,NA,3046013,0.11,NA,NA,NA,NA,NA,NA
PKE,PKE-004,Southern Fjords,1991,NA,NA,NA,NA,NA,NA,NA,NA,NA,NA,NA,NA,NA,NA,NA
PKE,PKE-004,Southern Fjords,1992,2209392,NA,NA,NA,NA,NA,NA,1522311,0.27,NA,NA,NA,NA,NA,NA
PKE,PKE-004,Southern Fjords,1993,NA,NA,NA,NA,NA,NA,NA,NA,NA,NA,NA,NA,NA,NA,NA
PKE,PKE-004,Southern Fjords,1994,1315430,NA,NA,NA,NA,NA,NA,2384426,0.14,NA,NA,NA,NA,NA,NA
PKE,PKE-004,Southern Fjords,1995,NA,NA,NA,NA,NA,NA,NA,NA,NA,NA,NA,NA,NA,NA,NA
PKE,PKE-004,Southern Fjords,1996,2324225,NA,NA,NA,NA,NA,NA,2298946,0.03,NA,NA,NA,NA,NA,NA
PKE,PKE-004,Southern Fjords,1997,NA,NA,NA,NA,NA,NA,NA,NA,NA,NA,NA,NA,NA,NA,NA
PKE,PKE-004,Southern Fjords,1998,2189060,NA,NA,NA,NA,NA,NA,5905014,0.05,NA,NA,NA,NA,NA,NA
PKE,PKE-004,Southern Fjords,1999,NA,NA,NA,NA,NA,NA,NA,NA,NA,NA,NA,NA,NA,NA,NA
PKE,PKE-004,Southern Fjords,2000,5365526,NA,NA,NA,NA,NA,NA,884689,0.09,NA,NA,NA,NA,NA,NA
PKE,PKE-004,Southern Fjords,2001,NA,NA,NA,NA,NA,NA,NA,NA,NA,NA,NA,NA,NA,NA,NA
PKE,PKE-004,Southern Fjords,2002,779346,NA,NA,NA,NA,NA,NA,1654072,0.12,NA,NA,NA,NA,NA,NA
PKE,PKE-004,Southern Fjords,2003,NA,NA,NA,NA,NA,NA,NA,NA,NA,NA,NA,NA,NA,NA,NA
PKE,PKE-004,Southern Fjords,2004,1546844,NA,NA,NA,NA,NA,NA,649242,0.06,NA,NA,NA,NA,NA,NA
PKE,PKE-004,Southern Fjords,2005,NA,NA,NA,NA,NA,NA,NA,NA,NA,NA,NA,NA,NA,NA,NA
PKE,PKE-004,Southern Fjords,2006,596321,NA,NA,NA,NA,NA,NA,492649,0.08,NA,NA,NA,NA,NA,NA
PKE,PKE-004,Southern Fjords,2007,NA,NA,NA,NA,NA,NA,NA,NA,NA,NA,NA,NA,NA,NA,NA
PKE,PKE-004,Southern Fjords,2008,480239,NA,NA,NA,NA,NA,NA,907790,0.03,NA,NA,NA,NA,NA,NA
PKE,PKE-004,Southern Fjords,2009,NA,NA,NA,NA,NA,NA,NA,NA,NA,NA,NA,NA,NA,NA,NA
PKE,PKE-004,Southern Fjords,2010,803846,NA,NA,NA,NA,NA,NA,2426437,0.11,NA,NA,NA,NA,NA,NA
PKE,PKE-004,Southern Fjords,2011,NA,NA,NA,NA,NA,NA,NA,NA,NA,NA,NA,NA,NA,NA,NA
PKE,PKE-004,Southern Fjords,2012,2409508,NA,NA,NA,NA,NA,NA,3920552,0.01,NA,NA,NA,NA,NA,NA
PKE,PKE-004,Southern Fjords,2013,NA,NA,NA,NA,NA,NA,NA,NA,NA,NA,NA,NA,NA,NA,NA
PKE,PKE-004,Southern Fjords,2014,3579638,NA,NA,NA,NA,NA,NA,708194,0.09,NA,NA,NA,NA,NA,NA
PKE,PKE-004,Southern Fjords,2015,NA,NA,NA,NA,NA,NA,NA,NA,NA,NA,NA,NA,NA,NA,NA
PKE,PKE-004,Southern Fjords,2016,704628,NA,NA,NA,NA,NA,NA,NA,0.01,NA,NA,NA,NA,NA,NA
PKE,PKE-004,Southern Fjords,2017,NA,NA,NA,NA,NA,NA,NA,NA,NA,NA,NA,NA,NA,NA,NA
PKE,PKE-002,West Vancouver Island,1948,NA,NA,NA,NA,NA,NA,NA,NA,NA,NA,NA,NA,NA,NA,NA
PKE,PKE-002,West Vancouver Island,1949,NA,NA,NA,NA,NA,NA,NA,NA,NA,NA,NA,NA,NA,NA,NA
PKE,PKE-002,West Vancouver Island,1950,NA,NA,NA,NA,NA,NA,NA,NA,NA,NA,NA,NA,NA,NA,NA
PKE,PKE-002,West Vancouver Island,1951,NA,NA,NA,NA,NA,NA,NA,NA,NA,NA,NA,NA,NA,NA,NA
PKE,PKE-002,West Vancouver Island,1952,NA,NA,NA,NA,NA,NA,NA,NA,NA,NA,NA,NA,NA,NA,NA
PKE,PKE-002,West Vancouver Island,1953,NA,NA,NA,NA,NA,NA,NA,NA,NA,NA,NA,NA,NA,NA,NA
PKE,PKE-002,West Vancouver Island,1954,NA,NA,NA,NA,NA,NA,NA,NA,NA,NA,NA,NA,NA,NA,NA
PKE,PKE-002,West Vancouver Island,1955,NA,NA,NA,NA,NA,NA,NA,NA,NA,NA,NA,NA,NA,NA,NA
PKE,PKE-002,West Vancouver Island,1956,NA,NA,NA,NA,NA,NA,NA,NA,NA,NA,NA,NA,NA,NA,NA
PKE,PKE-002,West Vancouver Island,1957,NA,NA,NA,NA,NA,NA,NA,NA,NA,NA,NA,NA,NA,NA,NA
PKE,PKE-002,West Vancouver Island,1958,NA,NA,NA,NA,NA,NA,NA,NA,NA,NA,NA,NA,NA,NA,NA
PKE,PKE-002,West Vancouver Island,1959,NA,NA,NA,NA,NA,NA,NA,NA,NA,NA,NA,NA,NA,NA,NA
PKE,PKE-002,West Vancouver Island,1960,NA,NA,NA,NA,NA,NA,NA,NA,NA,NA,NA,NA,NA,NA,NA
PKE,PKE-002,West Vancouver Island,1961,NA,NA,NA,NA,NA,NA,NA,NA,NA,NA,NA,NA,NA,NA,NA
PKE,PKE-002,West Vancouver Island,1962,NA,NA,NA,NA,NA,NA,NA,NA,NA,NA,NA,NA,NA,NA,NA
PKE,PKE-002,West Vancouver Island,1963,NA,NA,NA,NA,NA,NA,NA,NA,NA,NA,NA,NA,NA,NA,NA
PKE,PKE-002,West Vancouver Island,1964,NA,NA,NA,NA,NA,NA,NA,NA,NA,NA,NA,NA,NA,NA,NA
PKE,PKE-002,West Vancouver Island,1965,NA,NA,NA,NA,NA,NA,NA,NA,NA,NA,NA,NA,NA,NA,NA
PKE,PKE-002,West Vancouver Island,1966,NA,NA,NA,NA,NA,NA,NA,NA,NA,NA,NA,NA,NA,NA,NA
PKE,PKE-002,West Vancouver Island,1967,NA,NA,NA,NA,NA,NA,NA,NA,NA,NA,NA,NA,NA,NA,NA
PKE,PKE-002,West Vancouver Island,1968,NA,NA,NA,NA,NA,NA,NA,NA,NA,NA,NA,NA,NA,NA,NA
PKE,PKE-002,West Vancouver Island,1969,NA,NA,NA,NA,NA,NA,NA,NA,NA,NA,NA,NA,NA,NA,NA
PKE,PKE-002,West Vancouver Island,1970,NA,NA,NA,NA,NA,NA,NA,NA,NA,NA,NA,NA,NA,NA,NA
PKE,PKE-002,West Vancouver Island,1971,NA,NA,NA,NA,NA,NA,NA,NA,NA,NA,NA,NA,NA,NA,NA
PKE,PKE-002,West Vancouver Island,1972,NA,NA,NA,NA,NA,NA,NA,NA,NA,NA,NA,NA,NA,NA,NA
PKE,PKE-002,West Vancouver Island,1973,NA,NA,NA,NA,NA,NA,NA,NA,NA,NA,NA,NA,NA,NA,NA
PKE,PKE-002,West Vancouver Island,1974,NA,NA,NA,NA,NA,NA,NA,NA,NA,NA,NA,NA,NA,NA,NA
PKE,PKE-002,West Vancouver Island,1975,NA,NA,NA,NA,NA,NA,NA,NA,NA,NA,NA,NA,NA,NA,NA
PKE,PKE-002,West Vancouver Island,1976,NA,NA,NA,NA,NA,NA,NA,NA,NA,NA,NA,NA,NA,NA,NA
PKE,PKE-002,West Vancouver Island,1977,NA,NA,NA,NA,NA,NA,NA,NA,NA,NA,NA,NA,NA,NA,NA
PKE,PKE-002,West Vancouver Island,1978,NA,NA,NA,NA,NA,NA,NA,NA,NA,NA,NA,NA,NA,NA,NA
PKE,PKE-002,West Vancouver Island,1979,NA,NA,NA,NA,NA,NA,NA,NA,NA,NA,NA,NA,NA,NA,NA
PKE,PKE-002,West Vancouver Island,1980,NA,NA,NA,NA,NA,NA,NA,NA,NA,NA,NA,NA,NA,NA,NA
PKE,PKE-002,West Vancouver Island,1981,NA,NA,NA,NA,NA,NA,NA,NA,NA,NA,NA,NA,NA,NA,NA
PKE,PKE-002,West Vancouver Island,1982,NA,NA,NA,NA,NA,NA,NA,NA,NA,NA,NA,NA,NA,NA,NA
PKE,PKE-002,West Vancouver Island,1983,NA,NA,NA,NA,NA,NA,NA,NA,NA,NA,NA,NA,NA,NA,NA
PKE,PKE-002,West Vancouver Island,1984,NA,NA,NA,NA,NA,NA,NA,NA,NA,NA,NA,NA,NA,NA,NA
PKE,PKE-002,West Vancouver Island,1985,NA,NA,NA,NA,NA,NA,NA,NA,NA,NA,NA,NA,NA,NA,NA
PKE,PKE-002,West Vancouver Island,1986,NA,NA,NA,NA,NA,NA,NA,NA,NA,NA,NA,NA,NA,NA,NA
PKE,PKE-002,West Vancouver Island,1987,NA,NA,NA,NA,NA,NA,NA,NA,NA,NA,NA,NA,NA,NA,NA
PKE,PKE-002,West Vancouver Island,1988,NA,NA,NA,NA,NA,NA,NA,NA,NA,NA,NA,NA,NA,NA,NA
PKE,PKE-002,West Vancouver Island,1989,NA,NA,NA,NA,NA,NA,NA,NA,NA,NA,NA,NA,NA,NA,NA
PKE,PKE-002,West Vancouver Island,1990,NA,NA,NA,NA,NA,NA,NA,NA,NA,NA,NA,NA,NA,NA,NA
PKE,PKE-002,West Vancouver Island,1991,NA,NA,NA,NA,NA,NA,NA,NA,NA,NA,NA,NA,NA,NA,NA
PKE,PKE-002,West Vancouver Island,1992,NA,NA,NA,NA,NA,NA,NA,NA,NA,NA,NA,NA,NA,NA,NA
PKE,PKE-002,West Vancouver Island,1993,NA,NA,NA,NA,NA,NA,NA,NA,NA,NA,NA,NA,NA,NA,NA
PKE,PKE-002,West Vancouver Island,1994,NA,NA,NA,NA,NA,NA,NA,NA,NA,NA,NA,NA,NA,NA,NA
PKE,PKE-002,West Vancouver Island,1995,NA,NA,NA,NA,NA,NA,NA,NA,NA,NA,NA,NA,NA,NA,NA
PKE,PKE-002,West Vancouver Island,1996,NA,NA,NA,NA,NA,NA,NA,NA,NA,NA,NA,NA,NA,NA,NA
PKE,PKE-002,West Vancouver Island,1997,NA,NA,NA,NA,NA,NA,NA,NA,NA,NA,NA,NA,NA,NA,NA
PKE,PKE-002,West Vancouver Island,1998,NA,NA,NA,NA,NA,NA,NA,NA,NA,NA,NA,NA,NA,NA,NA
PKE,PKE-002,West Vancouver Island,1999,NA,NA,NA,NA,NA,NA,NA,NA,NA,NA,NA,NA,NA,NA,NA
PKE,PKE-002,West Vancouver Island,2000,NA,NA,NA,NA,NA,NA,NA,NA,NA,NA,NA,NA,NA,NA,NA
PKE,PKE-002,West Vancouver Island,2001,NA,NA,NA,NA,NA,NA,NA,NA,NA,NA,NA,NA,NA,NA,NA
PKE,PKE-002,West Vancouver Island,2002,NA,NA,NA,NA,NA,NA,NA,NA,NA,NA,NA,NA,NA,NA,NA
PKE,PKE-002,West Vancouver Island,2003,NA,NA,NA,NA,NA,NA,NA,NA,NA,NA,NA,NA,NA,NA,NA
PKE,PKE-002,West Vancouver Island,2004,NA,NA,NA,NA,NA,NA,NA,NA,NA,NA,NA,NA,NA,NA,NA
PKE,PKE-002,West Vancouver Island,2005,NA,NA,NA,NA,NA,NA,NA,NA,NA,NA,NA,NA,NA,NA,NA
PKE,PKE-002,West Vancouver Island,2006,NA,NA,NA,NA,NA,NA,NA,NA,NA,NA,NA,NA,NA,NA,NA
PKE,PKE-002,West Vancouver Island,2007,NA,NA,NA,NA,NA,NA,NA,NA,NA,NA,NA,NA,NA,NA,NA
PKE,PKE-002,West Vancouver Island,2008,NA,NA,NA,NA,NA,NA,NA,NA,NA,NA,NA,NA,NA,NA,NA
PKE,PKE-002,West Vancouver Island,2009,NA,NA,NA,NA,NA,NA,NA,NA,NA,NA,NA,NA,NA,NA,NA
PKE,PKE-002,West Vancouver Island,2010,NA,NA,NA,NA,NA,NA,NA,NA,NA,NA,NA,NA,NA,NA,NA
PKE,PKE-002,West Vancouver Island,2011,NA,NA,NA,NA,NA,NA,NA,NA,NA,NA,NA,NA,NA,NA,NA
PKE,PKE-002,West Vancouver Island,2012,NA,NA,NA,NA,NA,NA,NA,NA,NA,NA,NA,NA,NA,NA,NA
PKE,PKE-002,West Vancouver Island,2013,NA,NA,NA,NA,NA,NA,NA,NA,NA,NA,NA,NA,NA,NA,NA
PKE,PKE-002,West Vancouver Island,2014,NA,NA,NA,NA,NA,NA,NA,NA,NA,NA,NA,NA,NA,NA,NA
PKE,PKE-002,West Vancouver Island,2015,NA,NA,NA,NA,NA,NA,NA,NA,NA,NA,NA,NA,NA,NA,NA
PKE,PKE-002,West Vancouver Island,2016,NA,NA,NA,NA,NA,NA,NA,NA,NA,NA,NA,NA,NA,NA,NA
PKE,PKE-002,West Vancouver Island,2017,NA,NA,NA,NA,NA,NA,NA,NA,NA,NA,NA,NA,NA,NA,NA
PKO,PKO-002,East Howe Sound-Burrard Inlet,1948,NA,NA,NA,NA,NA,NA,NA,NA,NA,NA,NA,NA,NA,NA,NA
PKO,PKO-002,East Howe Sound-Burrard Inlet,1949,NA,NA,NA,NA,NA,NA,NA,NA,NA,NA,NA,NA,NA,NA,NA
PKO,PKO-002,East Howe Sound-Burrard Inlet,1950,NA,NA,NA,NA,NA,NA,NA,NA,NA,NA,NA,NA,NA,NA,NA
PKO,PKO-002,East Howe Sound-Burrard Inlet,1951,NA,NA,NA,NA,NA,NA,NA,NA,NA,NA,NA,NA,NA,NA,NA
PKO,PKO-002,East Howe Sound-Burrard Inlet,1952,NA,NA,NA,NA,NA,NA,NA,NA,NA,NA,NA,NA,NA,NA,NA
PKO,PKO-002,East Howe Sound-Burrard Inlet,1953,132980,NA,NA,NA,NA,NA,NA,NA,NA,NA,NA,NA,NA,NA,NA
PKO,PKO-002,East Howe Sound-Burrard Inlet,1954,NA,NA,NA,NA,NA,NA,NA,NA,NA,NA,NA,NA,NA,NA,NA
PKO,PKO-002,East Howe Sound-Burrard Inlet,1955,100070,NA,NA,NA,NA,NA,NA,NA,NA,NA,NA,NA,NA,NA,NA
PKO,PKO-002,East Howe Sound-Burrard Inlet,1956,NA,NA,NA,NA,NA,NA,NA,NA,NA,NA,NA,NA,NA,NA,NA
PKO,PKO-002,East Howe Sound-Burrard Inlet,1957,175832,NA,NA,NA,NA,NA,NA,550689,NA,NA,NA,NA,NA,NA,NA
PKO,PKO-002,East Howe Sound-Burrard Inlet,1958,NA,NA,NA,NA,NA,NA,NA,NA,NA,NA,NA,NA,NA,NA,NA
PKO,PKO-002,East Howe Sound-Burrard Inlet,1959,230592,NA,NA,NA,NA,NA,NA,997055,0.58,NA,NA,NA,NA,NA,NA
PKO,PKO-002,East Howe Sound-Burrard Inlet,1960,NA,NA,NA,NA,NA,NA,NA,NA,NA,NA,NA,NA,NA,NA,NA
PKO,PKO-002,East Howe Sound-Burrard Inlet,1961,401563,NA,NA,NA,NA,NA,NA,1896873,0.6,NA,NA,NA,NA,NA,NA
PKO,PKO-002,East Howe Sound-Burrard Inlet,1962,NA,NA,NA,NA,NA,NA,NA,NA,NA,NA,NA,NA,NA,NA,NA
PKO,PKO-002,East Howe Sound-Burrard Inlet,1963,934714,NA,NA,NA,NA,NA,NA,130368,0.51,NA,NA,NA,NA,NA,NA
PKO,PKO-002,East Howe Sound-Burrard Inlet,1964,NA,NA,NA,NA,NA,NA,NA,NA,NA,NA,NA,NA,NA,NA,NA
PKO,PKO-002,East Howe Sound-Burrard Inlet,1965,80597,NA,NA,NA,NA,NA,NA,91745,0.38,NA,NA,NA,NA,NA,NA
PKO,PKO-002,East Howe Sound-Burrard Inlet,1966,NA,NA,NA,NA,NA,NA,NA,NA,NA,NA,NA,NA,NA,NA,NA
PKO,PKO-002,East Howe Sound-Burrard Inlet,1967,31125,NA,NA,NA,NA,NA,NA,32700,0.66,NA,NA,NA,NA,NA,NA
PKO,PKO-002,East Howe Sound-Burrard Inlet,1968,NA,NA,NA,NA,NA,NA,NA,NA,NA,NA,NA,NA,NA,NA,NA
PKO,PKO-002,East Howe Sound-Burrard Inlet,1969,21930,NA,NA,NA,NA,NA,NA,69907,0.33,NA,NA,NA,NA,NA,NA
PKO,PKO-002,East Howe Sound-Burrard Inlet,1970,NA,NA,NA,NA,NA,NA,NA,NA,NA,NA,NA,NA,NA,NA,NA
PKO,PKO-002,East Howe Sound-Burrard Inlet,1971,42576,NA,NA,NA,NA,NA,NA,188326,0.39,NA,NA,NA,NA,NA,NA
PKO,PKO-002,East Howe Sound-Burrard Inlet,1972,NA,NA,NA,NA,NA,NA,NA,NA,NA,NA,NA,NA,NA,NA,NA
PKO,PKO-002,East Howe Sound-Burrard Inlet,1973,104101,NA,NA,NA,NA,NA,NA,65899,0.45,NA,NA,NA,NA,NA,NA
PKO,PKO-002,East Howe Sound-Burrard Inlet,1974,NA,NA,NA,NA,NA,NA,NA,NA,NA,NA,NA,NA,NA,NA,NA
PKO,PKO-002,East Howe Sound-Burrard Inlet,1975,46376,NA,NA,NA,NA,NA,NA,62489,0.3,NA,NA,NA,NA,NA,NA
PKO,PKO-002,East Howe Sound-Burrard Inlet,1976,NA,NA,NA,NA,NA,NA,NA,NA,NA,NA,NA,NA,NA,NA,NA
PKO,PKO-002,East Howe Sound-Burrard Inlet,1977,25846,NA,NA,NA,NA,NA,NA,59570,0.59,NA,NA,NA,NA,NA,NA
PKO,PKO-002,East Howe Sound-Burrard Inlet,1978,NA,NA,NA,NA,NA,NA,NA,NA,NA,NA,NA,NA,NA,NA,NA
PKO,PKO-002,East Howe Sound-Burrard Inlet,1979,25791,NA,NA,NA,NA,NA,NA,86635,0.57,NA,NA,NA,NA,NA,NA
PKO,PKO-002,East Howe Sound-Burrard Inlet,1980,NA,NA,NA,NA,NA,NA,NA,NA,NA,NA,NA,NA,NA,NA,NA
PKO,PKO-002,East Howe Sound-Burrard Inlet,1981,50221,NA,NA,NA,NA,NA,NA,48778,0.42,NA,NA,NA,NA,NA,NA
PKO,PKO-002,East Howe Sound-Burrard Inlet,1982,NA,NA,NA,NA,NA,NA,NA,NA,NA,NA,NA,NA,NA,NA,NA
PKO,PKO-002,East Howe Sound-Burrard Inlet,1983,27882,NA,NA,NA,NA,NA,NA,22994,0.43,NA,NA,NA,NA,NA,NA
PKO,PKO-002,East Howe Sound-Burrard Inlet,1984,NA,NA,NA,NA,NA,NA,NA,NA,NA,NA,NA,NA,NA,NA,NA
PKO,PKO-002,East Howe Sound-Burrard Inlet,1985,11451,NA,NA,NA,NA,NA,NA,89736,0.5,NA,NA,NA,NA,NA,NA
PKO,PKO-002,East Howe Sound-Burrard Inlet,1986,NA,NA,NA,NA,NA,NA,NA,NA,NA,NA,NA,NA,NA,NA,NA
PKO,PKO-002,East Howe Sound-Burrard Inlet,1987,50270,NA,NA,NA,NA,NA,NA,355305,0.44,NA,NA,NA,NA,NA,NA
PKO,PKO-002,East Howe Sound-Burrard Inlet,1988,NA,NA,NA,NA,NA,NA,NA,NA,NA,NA,NA,NA,NA,NA,NA
PKO,PKO-002,East Howe Sound-Burrard Inlet,1989,68570,NA,NA,NA,NA,NA,NA,378746,0.81,NA,NA,NA,NA,NA,NA
PKO,PKO-002,East Howe Sound-Burrard Inlet,1990,NA,NA,NA,NA,NA,NA,NA,NA,NA,NA,NA,NA,NA,NA,NA
PKO,PKO-002,East Howe Sound-Burrard Inlet,1991,141677,NA,NA,NA,NA,NA,NA,466814,0.63,NA,NA,NA,NA,NA,NA
PKO,PKO-002,East Howe Sound-Burrard Inlet,1992,NA,NA,NA,NA,NA,NA,NA,NA,NA,NA,NA,NA,NA,NA,NA
PKO,PKO-002,East Howe Sound-Burrard Inlet,1993,207272,NA,NA,NA,NA,NA,NA,115468,0.56,NA,NA,NA,NA,NA,NA
PKO,PKO-002,East Howe Sound-Burrard Inlet,1994,NA,NA,NA,NA,NA,NA,NA,NA,NA,NA,NA,NA,NA,NA,NA
PKO,PKO-002,East Howe Sound-Burrard Inlet,1995,41004,NA,NA,NA,NA,NA,NA,3089,0.64,NA,NA,NA,NA,NA,NA
PKO,PKO-002,East Howe Sound-Burrard Inlet,1996,NA,NA,NA,NA,NA,NA,NA,NA,NA,NA,NA,NA,NA,NA,NA
PKO,PKO-002,East Howe Sound-Burrard Inlet,1997,1370,NA,NA,NA,NA,NA,NA,150610,0.56,NA,NA,NA,NA,NA,NA
PKO,PKO-002,East Howe Sound-Burrard Inlet,1998,NA,NA,NA,NA,NA,NA,NA,NA,NA,NA,NA,NA,NA,NA,NA
PKO,PKO-002,East Howe Sound-Burrard Inlet,1999,146652,NA,NA,NA,NA,NA,NA,232374,0.03,NA,NA,NA,NA,NA,NA
PKO,PKO-002,East Howe Sound-Burrard Inlet,2000,NA,NA,NA,NA,NA,NA,NA,NA,NA,NA,NA,NA,NA,NA,NA
PKO,PKO-002,East Howe Sound-Burrard Inlet,2001,198947,NA,NA,NA,NA,NA,NA,180452,0.14,NA,NA,NA,NA,NA,NA
PKO,PKO-002,East Howe Sound-Burrard Inlet,2002,NA,NA,NA,NA,NA,NA,NA,NA,NA,NA,NA,NA,NA,NA,NA
PKO,PKO-002,East Howe Sound-Burrard Inlet,2003,135010,NA,NA,NA,NA,NA,NA,199101,0.25,NA,NA,NA,NA,NA,NA
PKO,PKO-002,East Howe Sound-Burrard Inlet,2004,NA,NA,NA,NA,NA,NA,NA,NA,NA,NA,NA,NA,NA,NA,NA
PKO,PKO-002,East Howe Sound-Burrard Inlet,2005,182732,NA,NA,NA,NA,NA,NA,91761,0.08,NA,NA,NA,NA,NA,NA
PKO,PKO-002,East Howe Sound-Burrard Inlet,2006,NA,NA,NA,NA,NA,NA,NA,NA,NA,NA,NA,NA,NA,NA,NA
PKO,PKO-002,East Howe Sound-Burrard Inlet,2007,82989,NA,NA,NA,NA,NA,NA,79823,0.1,NA,NA,NA,NA,NA,NA
PKO,PKO-002,East Howe Sound-Burrard Inlet,2008,NA,NA,NA,NA,NA,NA,NA,NA,NA,NA,NA,NA,NA,NA,NA
PKO,PKO-002,East Howe Sound-Burrard Inlet,2009,66033,NA,NA,NA,NA,NA,NA,131316,0.17,NA,NA,NA,NA,NA,NA
PKO,PKO-002,East Howe Sound-Burrard Inlet,2010,NA,NA,NA,NA,NA,NA,NA,NA,NA,NA,NA,NA,NA,NA,NA
PKO,PKO-002,East Howe Sound-Burrard Inlet,2011,68779,NA,NA,NA,NA,NA,NA,87386,0.48,NA,NA,NA,NA,NA,NA
PKO,PKO-002,East Howe Sound-Burrard Inlet,2012,NA,NA,NA,NA,NA,NA,NA,NA,NA,NA,NA,NA,NA,NA,NA
PKO,PKO-002,East Howe Sound-Burrard Inlet,2013,68779,NA,NA,NA,NA,NA,NA,369487,0.21,NA,NA,NA,NA,NA,NA
PKO,PKO-002,East Howe Sound-Burrard Inlet,2014,NA,NA,NA,NA,NA,NA,NA,NA,NA,NA,NA,NA,NA,NA,NA
PKO,PKO-002,East Howe Sound-Burrard Inlet,2015,346526,NA,NA,NA,NA,NA,NA,NA,0.06,NA,NA,NA,NA,NA,NA
PKO,PKO-002,East Howe Sound-Burrard Inlet,2016,NA,NA,NA,NA,NA,NA,NA,NA,NA,NA,NA,NA,NA,NA,NA
PKO,PKO-002,East Howe Sound-Burrard Inlet,2017,NA,NA,NA,NA,NA,NA,NA,NA,NA,NA,NA,NA,NA,NA,NA
PKO,PKO-004,East Vancouver Island-Johnstone Strait,1948,NA,NA,NA,NA,NA,NA,NA,NA,NA,NA,NA,NA,NA,NA,NA
PKO,PKO-004,East Vancouver Island-Johnstone Strait,1949,NA,NA,NA,NA,NA,NA,NA,NA,NA,NA,NA,NA,NA,NA,NA
PKO,PKO-004,East Vancouver Island-Johnstone Strait,1950,NA,NA,NA,NA,NA,NA,NA,NA,NA,NA,NA,NA,NA,NA,NA
PKO,PKO-004,East Vancouver Island-Johnstone Strait,1951,NA,NA,NA,NA,NA,NA,NA,NA,NA,NA,NA,NA,NA,NA,NA
PKO,PKO-004,East Vancouver Island-Johnstone Strait,1952,NA,NA,NA,NA,NA,NA,NA,NA,NA,NA,NA,NA,NA,NA,NA
PKO,PKO-004,East Vancouver Island-Johnstone Strait,1953,25562,NA,NA,NA,NA,NA,NA,NA,NA,NA,NA,NA,NA,NA,NA
PKO,PKO-004,East Vancouver Island-Johnstone Strait,1954,NA,NA,NA,NA,NA,NA,NA,NA,NA,NA,NA,NA,NA,NA,NA
PKO,PKO-004,East Vancouver Island-Johnstone Strait,1955,21718,NA,NA,NA,NA,NA,NA,NA,NA,NA,NA,NA,NA,NA,NA
PKO,PKO-004,East Vancouver Island-Johnstone Strait,1956,NA,NA,NA,NA,NA,NA,NA,NA,NA,NA,NA,NA,NA,NA,NA
PKO,PKO-004,East Vancouver Island-Johnstone Strait,1957,229918,NA,NA,NA,NA,NA,NA,124322,NA,NA,NA,NA,NA,NA,NA
PKO,PKO-004,East Vancouver Island-Johnstone Strait,1958,NA,NA,NA,NA,NA,NA,NA,NA,NA,NA,NA,NA,NA,NA,NA
PKO,PKO-004,East Vancouver Island-Johnstone Strait,1959,52058,NA,NA,NA,NA,NA,NA,216453,0.58,NA,NA,NA,NA,NA,NA
PKO,PKO-004,East Vancouver Island-Johnstone Strait,1960,NA,NA,NA,NA,NA,NA,NA,NA,NA,NA,NA,NA,NA,NA,NA
PKO,PKO-004,East Vancouver Island-Johnstone Strait,1961,87176,NA,NA,NA,NA,NA,NA,421626,0.6,NA,NA,NA,NA,NA,NA
PKO,PKO-004,East Vancouver Island-Johnstone Strait,1962,NA,NA,NA,NA,NA,NA,NA,NA,NA,NA,NA,NA,NA,NA,NA
PKO,PKO-004,East Vancouver Island-Johnstone Strait,1963,207763,NA,NA,NA,NA,NA,NA,207503,0.51,NA,NA,NA,NA,NA,NA
PKO,PKO-004,East Vancouver Island-Johnstone Strait,1964,NA,NA,NA,NA,NA,NA,NA,NA,NA,NA,NA,NA,NA,NA,NA
PKO,PKO-004,East Vancouver Island-Johnstone Strait,1965,128283,NA,NA,NA,NA,NA,NA,32922,0.38,NA,NA,NA,NA,NA,NA
PKO,PKO-004,East Vancouver Island-Johnstone Strait,1966,NA,NA,NA,NA,NA,NA,NA,NA,NA,NA,NA,NA,NA,NA,NA
PKO,PKO-004,East Vancouver Island-Johnstone Strait,1967,11169,NA,NA,NA,NA,NA,NA,16040,0.66,NA,NA,NA,NA,NA,NA
PKO,PKO-004,East Vancouver Island-Johnstone Strait,1968,NA,NA,NA,NA,NA,NA,NA,NA,NA,NA,NA,NA,NA,NA,NA
PKO,PKO-004,East Vancouver Island-Johnstone Strait,1969,10757,NA,NA,NA,NA,NA,NA,154257,0.33,NA,NA,NA,NA,NA,NA
PKO,PKO-004,East Vancouver Island-Johnstone Strait,1970,NA,NA,NA,NA,NA,NA,NA,NA,NA,NA,NA,NA,NA,NA,NA
PKO,PKO-004,East Vancouver Island-Johnstone Strait,1971,93948,NA,NA,NA,NA,NA,NA,163462,0.39,NA,NA,NA,NA,NA,NA
PKO,PKO-004,East Vancouver Island-Johnstone Strait,1972,NA,NA,NA,NA,NA,NA,NA,NA,NA,NA,NA,NA,NA,NA,NA
PKO,PKO-004,East Vancouver Island-Johnstone Strait,1973,90357,NA,NA,NA,NA,NA,NA,170533,0.45,NA,NA,NA,NA,NA,NA
PKO,PKO-004,East Vancouver Island-Johnstone Strait,1974,NA,NA,NA,NA,NA,NA,NA,NA,NA,NA,NA,NA,NA,NA,NA
PKO,PKO-004,East Vancouver Island-Johnstone Strait,1975,120013,NA,NA,NA,NA,NA,NA,18196,0.3,NA,NA,NA,NA,NA,NA
PKO,PKO-004,East Vancouver Island-Johnstone Strait,1976,NA,NA,NA,NA,NA,NA,NA,NA,NA,NA,NA,NA,NA,NA,NA
PKO,PKO-004,East Vancouver Island-Johnstone Strait,1977,7526,NA,NA,NA,NA,NA,NA,20345,0.59,NA,NA,NA,NA,NA,NA
PKO,PKO-004,East Vancouver Island-Johnstone Strait,1978,NA,NA,NA,NA,NA,NA,NA,NA,NA,NA,NA,NA,NA,NA,NA
PKO,PKO-004,East Vancouver Island-Johnstone Strait,1979,8809,NA,NA,NA,NA,NA,NA,36925,0.57,NA,NA,NA,NA,NA,NA
PKO,PKO-004,East Vancouver Island-Johnstone Strait,1980,NA,NA,NA,NA,NA,NA,NA,NA,NA,NA,NA,NA,NA,NA,NA
PKO,PKO-004,East Vancouver Island-Johnstone Strait,1981,21405,NA,NA,NA,NA,NA,NA,57639,0.42,NA,NA,NA,NA,NA,NA
PKO,PKO-004,East Vancouver Island-Johnstone Strait,1982,NA,NA,NA,NA,NA,NA,NA,NA,NA,NA,NA,NA,NA,NA,NA
PKO,PKO-004,East Vancouver Island-Johnstone Strait,1983,32947,NA,NA,NA,NA,NA,NA,55248,0.43,NA,NA,NA,NA,NA,NA
PKO,PKO-004,East Vancouver Island-Johnstone Strait,1984,NA,NA,NA,NA,NA,NA,NA,NA,NA,NA,NA,NA,NA,NA,NA
PKO,PKO-004,East Vancouver Island-Johnstone Strait,1985,27514,NA,NA,NA,NA,NA,NA,165169,0.5,NA,NA,NA,NA,NA,NA
PKO,PKO-004,East Vancouver Island-Johnstone Strait,1986,NA,NA,NA,NA,NA,NA,NA,NA,NA,NA,NA,NA,NA,NA,NA
PKO,PKO-004,East Vancouver Island-Johnstone Strait,1987,92527,NA,NA,NA,NA,NA,NA,326867,0.44,NA,NA,NA,NA,NA,NA
PKO,PKO-004,East Vancouver Island-Johnstone Strait,1988,NA,NA,NA,NA,NA,NA,NA,NA,NA,NA,NA,NA,NA,NA,NA
PKO,PKO-004,East Vancouver Island-Johnstone Strait,1989,95377,NA,NA,NA,NA,NA,NA,18881,0.71,NA,NA,NA,NA,NA,NA
PKO,PKO-004,East Vancouver Island-Johnstone Strait,1990,NA,NA,NA,NA,NA,NA,NA,NA,NA,NA,NA,NA,NA,NA,NA
PKO,PKO-004,East Vancouver Island-Johnstone Strait,1991,9260,NA,NA,NA,NA,NA,NA,424767,0.51,NA,NA,NA,NA,NA,NA
PKO,PKO-004,East Vancouver Island-Johnstone Strait,1992,NA,NA,NA,NA,NA,NA,NA,NA,NA,NA,NA,NA,NA,NA,NA
PKO,PKO-004,East Vancouver Island-Johnstone Strait,1993,223464,NA,NA,NA,NA,NA,NA,27411,0.47,NA,NA,NA,NA,NA,NA
PKO,PKO-004,East Vancouver Island-Johnstone Strait,1994,NA,NA,NA,NA,NA,NA,NA,NA,NA,NA,NA,NA,NA,NA,NA
PKO,PKO-004,East Vancouver Island-Johnstone Strait,1995,13864,NA,NA,NA,NA,NA,NA,5361,0.49,NA,NA,NA,NA,NA,NA
PKO,PKO-004,East Vancouver Island-Johnstone Strait,1996,NA,NA,NA,NA,NA,NA,NA,NA,NA,NA,NA,NA,NA,NA,NA
PKO,PKO-004,East Vancouver Island-Johnstone Strait,1997,3258,NA,NA,NA,NA,NA,NA,4754,0.39,NA,NA,NA,NA,NA,NA
PKO,PKO-004,East Vancouver Island-Johnstone Strait,1998,NA,NA,NA,NA,NA,NA,NA,NA,NA,NA,NA,NA,NA,NA,NA
PKO,PKO-004,East Vancouver Island-Johnstone Strait,1999,4682,NA,NA,NA,NA,NA,NA,79251,0.02,NA,NA,NA,NA,NA,NA
PKO,PKO-004,East Vancouver Island-Johnstone Strait,2000,NA,NA,NA,NA,NA,NA,NA,NA,NA,NA,NA,NA,NA,NA,NA
PKO,PKO-004,East Vancouver Island-Johnstone Strait,2001,72578,NA,NA,NA,NA,NA,NA,13792,0.08,NA,NA,NA,NA,NA,NA
PKO,PKO-004,East Vancouver Island-Johnstone Strait,2002,NA,NA,NA,NA,NA,NA,NA,NA,NA,NA,NA,NA,NA,NA,NA
PKO,PKO-004,East Vancouver Island-Johnstone Strait,2003,10838,NA,NA,NA,NA,NA,NA,88798,0.21,NA,NA,NA,NA,NA,NA
PKO,PKO-004,East Vancouver Island-Johnstone Strait,2004,NA,NA,NA,NA,NA,NA,NA,NA,NA,NA,NA,NA,NA,NA,NA
PKO,PKO-004,East Vancouver Island-Johnstone Strait,2005,83644,NA,NA,NA,NA,NA,NA,305148,0.06,NA,NA,NA,NA,NA,NA
PKO,PKO-004,East Vancouver Island-Johnstone Strait,2006,NA,NA,NA,NA,NA,NA,NA,NA,NA,NA,NA,NA,NA,NA,NA
PKO,PKO-004,East Vancouver Island-Johnstone Strait,2007,294377,NA,NA,NA,NA,NA,NA,690450,0.04,NA,NA,NA,NA,NA,NA
PKO,PKO-004,East Vancouver Island-Johnstone Strait,2008,NA,NA,NA,NA,NA,NA,NA,NA,NA,NA,NA,NA,NA,NA,NA
PKO,PKO-004,East Vancouver Island-Johnstone Strait,2009,635912,NA,NA,NA,NA,NA,NA,129595,0.08,NA,NA,NA,NA,NA,NA
PKO,PKO-004,East Vancouver Island-Johnstone Strait,2010,NA,NA,NA,NA,NA,NA,NA,NA,NA,NA,NA,NA,NA,NA,NA
PKO,PKO-004,East Vancouver Island-Johnstone Strait,2011,84327,NA,NA,NA,NA,NA,NA,324417,0.35,NA,NA,NA,NA,NA,NA
PKO,PKO-004,East Vancouver Island-Johnstone Strait,2012,NA,NA,NA,NA,NA,NA,NA,NA,NA,NA,NA,NA,NA,NA,NA
PKO,PKO-004,East Vancouver Island-Johnstone Strait,2013,293363,NA,NA,NA,NA,NA,NA,443739,0.1,NA,NA,NA,NA,NA,NA
PKO,PKO-004,East Vancouver Island-Johnstone Strait,2014,NA,NA,NA,NA,NA,NA,NA,NA,NA,NA,NA,NA,NA,NA,NA
PKO,PKO-004,East Vancouver Island-Johnstone Strait,2015,434092,NA,NA,NA,NA,NA,NA,NA,0.02,NA,NA,NA,NA,NA,NA
PKO,PKO-004,East Vancouver Island-Johnstone Strait,2016,NA,NA,NA,NA,NA,NA,NA,NA,NA,NA,NA,NA,NA,NA,NA
PKO,PKO-004,East Vancouver Island-Johnstone Strait,2017,NA,NA,NA,NA,NA,NA,NA,NA,NA,NA,NA,NA,NA,NA,NA
PKO,PKO-003,Georgia Strait,1948,NA,NA,NA,NA,NA,NA,NA,NA,NA,NA,NA,NA,NA,NA,NA
PKO,PKO-003,Georgia Strait,1949,NA,NA,NA,NA,NA,NA,NA,NA,NA,NA,NA,NA,NA,NA,NA
PKO,PKO-003,Georgia Strait,1950,NA,NA,NA,NA,NA,NA,NA,NA,NA,NA,NA,NA,NA,NA,NA
PKO,PKO-003,Georgia Strait,1951,NA,NA,NA,NA,NA,NA,NA,NA,NA,NA,NA,NA,NA,NA,NA
PKO,PKO-003,Georgia Strait,1952,NA,NA,NA,NA,NA,NA,NA,NA,NA,NA,NA,NA,NA,NA,NA
PKO,PKO-003,Georgia Strait,1953,930149,NA,NA,NA,NA,NA,NA,NA,NA,NA,NA,NA,NA,NA,NA
PKO,PKO-003,Georgia Strait,1954,NA,NA,NA,NA,NA,NA,NA,NA,NA,NA,NA,NA,NA,NA,NA
PKO,PKO-003,Georgia Strait,1955,485147,NA,NA,NA,NA,NA,NA,NA,NA,NA,NA,NA,NA,NA,NA
PKO,PKO-003,Georgia Strait,1956,NA,NA,NA,NA,NA,NA,NA,NA,NA,NA,NA,NA,NA,NA,NA
PKO,PKO-003,Georgia Strait,1957,475544,NA,NA,NA,NA,NA,NA,1014724,NA,NA,NA,NA,NA,NA,NA
PKO,PKO-003,Georgia Strait,1958,NA,NA,NA,NA,NA,NA,NA,NA,NA,NA,NA,NA,NA,NA,NA
PKO,PKO-003,Georgia Strait,1959,424900,NA,NA,NA,NA,NA,NA,992476,0.58,NA,NA,NA,NA,NA,NA
PKO,PKO-003,Georgia Strait,1960,NA,NA,NA,NA,NA,NA,NA,NA,NA,NA,NA,NA,NA,NA,NA
PKO,PKO-003,Georgia Strait,1961,399719,NA,NA,NA,NA,NA,NA,935059,0.6,NA,NA,NA,NA,NA,NA
PKO,PKO-003,Georgia Strait,1962,NA,NA,NA,NA,NA,NA,NA,NA,NA,NA,NA,NA,NA,NA,NA
PKO,PKO-003,Georgia Strait,1963,460765,NA,NA,NA,NA,NA,NA,207893,0.51,NA,NA,NA,NA,NA,NA
PKO,PKO-003,Georgia Strait,1964,NA,NA,NA,NA,NA,NA,NA,NA,NA,NA,NA,NA,NA,NA,NA
PKO,PKO-003,Georgia Strait,1965,128525,NA,NA,NA,NA,NA,NA,261593,0.38,NA,NA,NA,NA,NA,NA
PKO,PKO-003,Georgia Strait,1966,NA,NA,NA,NA,NA,NA,NA,NA,NA,NA,NA,NA,NA,NA,NA
PKO,PKO-003,Georgia Strait,1967,88746,NA,NA,NA,NA,NA,NA,103921,0.66,NA,NA,NA,NA,NA,NA
PKO,PKO-003,Georgia Strait,1968,NA,NA,NA,NA,NA,NA,NA,NA,NA,NA,NA,NA,NA,NA,NA
PKO,PKO-003,Georgia Strait,1969,69694,NA,NA,NA,NA,NA,NA,208524,0.33,NA,NA,NA,NA,NA,NA
PKO,PKO-003,Georgia Strait,1970,NA,NA,NA,NA,NA,NA,NA,NA,NA,NA,NA,NA,NA,NA,NA
PKO,PKO-003,Georgia Strait,1971,126999,NA,NA,NA,NA,NA,NA,262556,0.39,NA,NA,NA,NA,NA,NA
PKO,PKO-003,Georgia Strait,1972,NA,NA,NA,NA,NA,NA,NA,NA,NA,NA,NA,NA,NA,NA,NA
PKO,PKO-003,Georgia Strait,1973,145133,NA,NA,NA,NA,NA,NA,216037,0.45,NA,NA,NA,NA,NA,NA
PKO,PKO-003,Georgia Strait,1974,NA,NA,NA,NA,NA,NA,NA,NA,NA,NA,NA,NA,NA,NA,NA
PKO,PKO-003,Georgia Strait,1975,152036,NA,NA,NA,NA,NA,NA,215908,0.3,NA,NA,NA,NA,NA,NA
PKO,PKO-003,Georgia Strait,1976,NA,NA,NA,NA,NA,NA,NA,NA,NA,NA,NA,NA,NA,NA,NA
PKO,PKO-003,Georgia Strait,1977,89302,NA,NA,NA,NA,NA,NA,153615,0.59,NA,NA,NA,NA,NA,NA
PKO,PKO-003,Georgia Strait,1978,NA,NA,NA,NA,NA,NA,NA,NA,NA,NA,NA,NA,NA,NA,NA
PKO,PKO-003,Georgia Strait,1979,66509,NA,NA,NA,NA,NA,NA,201811,0.57,NA,NA,NA,NA,NA,NA
PKO,PKO-003,Georgia Strait,1980,NA,NA,NA,NA,NA,NA,NA,NA,NA,NA,NA,NA,NA,NA,NA
PKO,PKO-003,Georgia Strait,1981,116987,NA,NA,NA,NA,NA,NA,83946,0.42,NA,NA,NA,NA,NA,NA
PKO,PKO-003,Georgia Strait,1982,NA,NA,NA,NA,NA,NA,NA,NA,NA,NA,NA,NA,NA,NA,NA
PKO,PKO-003,Georgia Strait,1983,47984,NA,NA,NA,NA,NA,NA,133820,0.43,NA,NA,NA,NA,NA,NA
PKO,PKO-003,Georgia Strait,1984,NA,NA,NA,NA,NA,NA,NA,NA,NA,NA,NA,NA,NA,NA,NA
PKO,PKO-003,Georgia Strait,1985,66643,NA,NA,NA,NA,NA,NA,539613,0.5,NA,NA,NA,NA,NA,NA
PKO,PKO-003,Georgia Strait,1986,NA,NA,NA,NA,NA,NA,NA,NA,NA,NA,NA,NA,NA,NA,NA
PKO,PKO-003,Georgia Strait,1987,302288,NA,NA,NA,NA,NA,NA,574705,0.44,NA,NA,NA,NA,NA,NA
PKO,PKO-003,Georgia Strait,1988,NA,NA,NA,NA,NA,NA,NA,NA,NA,NA,NA,NA,NA,NA,NA
PKO,PKO-003,Georgia Strait,1989,110912,NA,NA,NA,NA,NA,NA,904804,0.81,NA,NA,NA,NA,NA,NA
PKO,PKO-003,Georgia Strait,1990,NA,NA,NA,NA,NA,NA,NA,NA,NA,NA,NA,NA,NA,NA,NA
PKO,PKO-003,Georgia Strait,1991,338459,NA,NA,NA,NA,NA,NA,337679,0.63,NA,NA,NA,NA,NA,NA
PKO,PKO-003,Georgia Strait,1992,NA,NA,NA,NA,NA,NA,NA,NA,NA,NA,NA,NA,NA,NA,NA
PKO,PKO-003,Georgia Strait,1993,149934,NA,NA,NA,NA,NA,NA,247099,0.56,NA,NA,NA,NA,NA,NA
PKO,PKO-003,Georgia Strait,1994,NA,NA,NA,NA,NA,NA,NA,NA,NA,NA,NA,NA,NA,NA,NA
PKO,PKO-003,Georgia Strait,1995,87748,NA,NA,NA,NA,NA,NA,334831,0.64,NA,NA,NA,NA,NA,NA
PKO,PKO-003,Georgia Strait,1996,NA,NA,NA,NA,NA,NA,NA,NA,NA,NA,NA,NA,NA,NA,NA
PKO,PKO-003,Georgia Strait,1997,148496,NA,NA,NA,NA,NA,NA,636161,0.56,NA,NA,NA,NA,NA,NA
PKO,PKO-003,Georgia Strait,1998,NA,NA,NA,NA,NA,NA,NA,NA,NA,NA,NA,NA,NA,NA,NA
PKO,PKO-003,Georgia Strait,1999,619443,NA,NA,NA,NA,NA,NA,934557,0.03,NA,NA,NA,NA,NA,NA
PKO,PKO-003,Georgia Strait,2000,NA,NA,NA,NA,NA,NA,NA,NA,NA,NA,NA,NA,NA,NA,NA
PKO,PKO-003,Georgia Strait,2001,800121,NA,NA,NA,NA,NA,NA,738560,0.14,NA,NA,NA,NA,NA,NA
PKO,PKO-003,Georgia Strait,2002,NA,NA,NA,NA,NA,NA,NA,NA,NA,NA,NA,NA,NA,NA,NA
PKO,PKO-003,Georgia Strait,2003,552573,NA,NA,NA,NA,NA,NA,640023,0.25,NA,NA,NA,NA,NA,NA
PKO,PKO-003,Georgia Strait,2004,NA,NA,NA,NA,NA,NA,NA,NA,NA,NA,NA,NA,NA,NA,NA
PKO,PKO-003,Georgia Strait,2005,587403,NA,NA,NA,NA,NA,NA,485691,0.08,NA,NA,NA,NA,NA,NA
PKO,PKO-003,Georgia Strait,2006,NA,NA,NA,NA,NA,NA,NA,NA,NA,NA,NA,NA,NA,NA,NA
PKO,PKO-003,Georgia Strait,2007,439262,NA,NA,NA,NA,NA,NA,2471891,0.1,NA,NA,NA,NA,NA,NA
PKO,PKO-003,Georgia Strait,2008,NA,NA,NA,NA,NA,NA,NA,NA,NA,NA,NA,NA,NA,NA,NA
PKO,PKO-003,Georgia Strait,2009,2044859,NA,NA,NA,NA,NA,NA,1398991,0.17,NA,NA,NA,NA,NA,NA
PKO,PKO-003,Georgia Strait,2010,NA,NA,NA,NA,NA,NA,NA,NA,NA,NA,NA,NA,NA,NA,NA
PKO,PKO-003,Georgia Strait,2011,732743,NA,NA,NA,NA,NA,NA,4429012,0.48,NA,NA,NA,NA,NA,NA
PKO,PKO-003,Georgia Strait,2012,NA,NA,NA,NA,NA,NA,NA,NA,NA,NA,NA,NA,NA,NA,NA
PKO,PKO-003,Georgia Strait,2013,3485946,NA,NA,NA,NA,NA,NA,3500319,0.21,NA,NA,NA,NA,NA,NA
PKO,PKO-003,Georgia Strait,2014,NA,NA,NA,NA,NA,NA,NA,NA,NA,NA,NA,NA,NA,NA,NA
PKO,PKO-003,Georgia Strait,2015,3282797,NA,NA,NA,NA,NA,NA,NA,0.06,NA,NA,NA,NA,NA,NA
PKO,PKO-003,Georgia Strait,2016,NA,NA,NA,NA,NA,NA,NA,NA,NA,NA,NA,NA,NA,NA,NA
PKO,PKO-003,Georgia Strait,2017,NA,NA,NA,NA,NA,NA,NA,NA,NA,NA,NA,NA,NA,NA,NA
PKO,PKO-005,Nahwitti,1948,NA,NA,NA,NA,NA,NA,NA,NA,NA,NA,NA,NA,NA,NA,NA
PKO,PKO-005,Nahwitti,1949,NA,NA,NA,NA,NA,NA,NA,NA,NA,NA,NA,NA,NA,NA,NA
PKO,PKO-005,Nahwitti,1950,NA,NA,NA,NA,NA,NA,NA,NA,NA,NA,NA,NA,NA,NA,NA
PKO,PKO-005,Nahwitti,1951,NA,NA,NA,NA,NA,NA,NA,NA,NA,NA,NA,NA,NA,NA,NA
PKO,PKO-005,Nahwitti,1952,NA,NA,NA,NA,NA,NA,NA,NA,NA,NA,NA,NA,NA,NA,NA
PKO,PKO-005,Nahwitti,1953,23115,NA,NA,NA,NA,NA,NA,NA,NA,NA,NA,NA,NA,NA,NA
PKO,PKO-005,Nahwitti,1954,NA,NA,NA,NA,NA,NA,NA,NA,NA,NA,NA,NA,NA,NA,NA
PKO,PKO-005,Nahwitti,1955,16687,NA,NA,NA,NA,NA,NA,NA,NA,NA,NA,NA,NA,NA,NA
PKO,PKO-005,Nahwitti,1956,NA,NA,NA,NA,NA,NA,NA,NA,NA,NA,NA,NA,NA,NA,NA
PKO,PKO-005,Nahwitti,1957,82150,NA,NA,NA,NA,NA,NA,126040,NA,NA,NA,NA,NA,NA,NA
PKO,PKO-005,Nahwitti,1958,NA,NA,NA,NA,NA,NA,NA,NA,NA,NA,NA,NA,NA,NA,NA
PKO,PKO-005,Nahwitti,1959,52777,NA,NA,NA,NA,NA,NA,59466,0.58,NA,NA,NA,NA,NA,NA
PKO,PKO-005,Nahwitti,1960,NA,NA,NA,NA,NA,NA,NA,NA,NA,NA,NA,NA,NA,NA,NA
PKO,PKO-005,Nahwitti,1961,23950,NA,NA,NA,NA,NA,NA,19958,0.6,NA,NA,NA,NA,NA,NA
PKO,PKO-005,Nahwitti,1962,NA,NA,NA,NA,NA,NA,NA,NA,NA,NA,NA,NA,NA,NA,NA
PKO,PKO-005,Nahwitti,1963,9835,NA,NA,NA,NA,NA,NA,50598,0.51,NA,NA,NA,NA,NA,NA
PKO,PKO-005,Nahwitti,1964,NA,NA,NA,NA,NA,NA,NA,NA,NA,NA,NA,NA,NA,NA,NA
PKO,PKO-005,Nahwitti,1965,31281,NA,NA,NA,NA,NA,NA,23931,0.38,NA,NA,NA,NA,NA,NA
PKO,PKO-005,Nahwitti,1966,NA,NA,NA,NA,NA,NA,NA,NA,NA,NA,NA,NA,NA,NA,NA
PKO,PKO-005,Nahwitti,1967,8119,NA,NA,NA,NA,NA,NA,4779,0.66,NA,NA,NA,NA,NA,NA
PKO,PKO-005,Nahwitti,1968,NA,NA,NA,NA,NA,NA,NA,NA,NA,NA,NA,NA,NA,NA,NA
PKO,PKO-005,Nahwitti,1969,3205,NA,NA,NA,NA,NA,NA,10349,0.33,NA,NA,NA,NA,NA,NA
PKO,PKO-005,Nahwitti,1970,NA,NA,NA,NA,NA,NA,NA,NA,NA,NA,NA,NA,NA,NA,NA
PKO,PKO-005,Nahwitti,1971,6303,NA,NA,NA,NA,NA,NA,33844,0.39,NA,NA,NA,NA,NA,NA
PKO,PKO-005,Nahwitti,1972,NA,NA,NA,NA,NA,NA,NA,NA,NA,NA,NA,NA,NA,NA,NA
PKO,PKO-005,Nahwitti,1973,18708,NA,NA,NA,NA,NA,NA,11430,0.45,NA,NA,NA,NA,NA,NA
PKO,PKO-005,Nahwitti,1974,NA,NA,NA,NA,NA,NA,NA,NA,NA,NA,NA,NA,NA,NA,NA
PKO,PKO-005,Nahwitti,1975,8044,NA,NA,NA,NA,NA,NA,7369,0.3,NA,NA,NA,NA,NA,NA
PKO,PKO-005,Nahwitti,1976,NA,NA,NA,NA,NA,NA,NA,NA,NA,NA,NA,NA,NA,NA,NA
PKO,PKO-005,Nahwitti,1977,3048,NA,NA,NA,NA,NA,NA,1023,0.59,NA,NA,NA,NA,NA,NA
PKO,PKO-005,Nahwitti,1978,NA,NA,NA,NA,NA,NA,NA,NA,NA,NA,NA,NA,NA,NA,NA
PKO,PKO-005,Nahwitti,1979,443,NA,NA,NA,NA,NA,NA,3270,0.57,NA,NA,NA,NA,NA,NA
PKO,PKO-005,Nahwitti,1980,NA,NA,NA,NA,NA,NA,NA,NA,NA,NA,NA,NA,NA,NA,NA
PKO,PKO-005,Nahwitti,1981,1896,NA,NA,NA,NA,NA,NA,29169,0.42,NA,NA,NA,NA,NA,NA
PKO,PKO-005,Nahwitti,1982,NA,NA,NA,NA,NA,NA,NA,NA,NA,NA,NA,NA,NA,NA,NA
PKO,PKO-005,Nahwitti,1983,16673,NA,NA,NA,NA,NA,NA,78851,0.43,NA,NA,NA,NA,NA,NA
PKO,PKO-005,Nahwitti,1984,NA,NA,NA,NA,NA,NA,NA,NA,NA,NA,NA,NA,NA,NA,NA
PKO,PKO-005,Nahwitti,1985,39268,NA,NA,NA,NA,NA,NA,7535,0.5,NA,NA,NA,NA,NA,NA
PKO,PKO-005,Nahwitti,1986,NA,NA,NA,NA,NA,NA,NA,NA,NA,NA,NA,NA,NA,NA,NA
PKO,PKO-005,Nahwitti,1987,4221,NA,NA,NA,NA,NA,NA,6532,0.44,NA,NA,NA,NA,NA,NA
PKO,PKO-005,Nahwitti,1988,NA,NA,NA,NA,NA,NA,NA,NA,NA,NA,NA,NA,NA,NA,NA
PKO,PKO-005,Nahwitti,1989,2431,NA,NA,NA,NA,NA,NA,20867,0.63,NA,NA,NA,NA,NA,NA
PKO,PKO-005,Nahwitti,1990,NA,NA,NA,NA,NA,NA,NA,NA,NA,NA,NA,NA,NA,NA,NA
PKO,PKO-005,Nahwitti,1991,11780,NA,NA,NA,NA,NA,NA,6762,0.44,NA,NA,NA,NA,NA,NA
PKO,PKO-005,Nahwitti,1992,NA,NA,NA,NA,NA,NA,NA,NA,NA,NA,NA,NA,NA,NA,NA
PKO,PKO-005,Nahwitti,1993,3858,NA,NA,NA,NA,NA,NA,4133,0.43,NA,NA,NA,NA,NA,NA
PKO,PKO-005,Nahwitti,1994,NA,NA,NA,NA,NA,NA,NA,NA,NA,NA,NA,NA,NA,NA,NA
PKO,PKO-005,Nahwitti,1995,2546,NA,NA,NA,NA,NA,NA,4060,0.38,NA,NA,NA,NA,NA,NA
PKO,PKO-005,Nahwitti,1996,NA,NA,NA,NA,NA,NA,NA,NA,NA,NA,NA,NA,NA,NA,NA
PKO,PKO-005,Nahwitti,1997,2925,NA,NA,NA,NA,NA,NA,2900,0.28,NA,NA,NA,NA,NA,NA
PKO,PKO-005,Nahwitti,1998,NA,NA,NA,NA,NA,NA,NA,NA,NA,NA,NA,NA,NA,NA,NA
PKO,PKO-005,Nahwitti,1999,2870,NA,NA,NA,NA,NA,NA,11231,0.01,NA,NA,NA,NA,NA,NA
PKO,PKO-005,Nahwitti,2000,NA,NA,NA,NA,NA,NA,NA,NA,NA,NA,NA,NA,NA,NA,NA
PKO,PKO-005,Nahwitti,2001,10597,NA,NA,NA,NA,NA,NA,25849,0.06,NA,NA,NA,NA,NA,NA
PKO,PKO-005,Nahwitti,2002,NA,NA,NA,NA,NA,NA,NA,NA,NA,NA,NA,NA,NA,NA,NA
PKO,PKO-005,Nahwitti,2003,20753,NA,NA,NA,NA,NA,NA,41255,0.2,NA,NA,NA,NA,NA,NA
PKO,PKO-005,Nahwitti,2004,NA,NA,NA,NA,NA,NA,NA,NA,NA,NA,NA,NA,NA,NA,NA
PKO,PKO-005,Nahwitti,2005,39297,NA,NA,NA,NA,NA,NA,26562,0.05,NA,NA,NA,NA,NA,NA
PKO,PKO-005,Nahwitti,2006,NA,NA,NA,NA,NA,NA,NA,NA,NA,NA,NA,NA,NA,NA,NA
PKO,PKO-005,Nahwitti,2007,26366,NA,NA,NA,NA,NA,NA,148449,0.01,NA,NA,NA,NA,NA,NA
PKO,PKO-005,Nahwitti,2008,NA,NA,NA,NA,NA,NA,NA,NA,NA,NA,NA,NA,NA,NA,NA
PKO,PKO-005,Nahwitti,2009,143588,NA,NA,NA,NA,NA,NA,34103,0.03,NA,NA,NA,NA,NA,NA
PKO,PKO-005,Nahwitti,2010,NA,NA,NA,NA,NA,NA,NA,NA,NA,NA,NA,NA,NA,NA,NA
PKO,PKO-005,Nahwitti,2011,24717,NA,NA,NA,NA,NA,NA,156751,0.28,NA,NA,NA,NA,NA,NA
PKO,PKO-005,Nahwitti,2012,NA,NA,NA,NA,NA,NA,NA,NA,NA,NA,NA,NA,NA,NA,NA
PKO,PKO-005,Nahwitti,2013,151247,NA,NA,NA,NA,NA,NA,13461,0.04,NA,NA,NA,NA,NA,NA
PKO,PKO-005,Nahwitti,2014,NA,NA,NA,NA,NA,NA,NA,NA,NA,NA,NA,NA,NA,NA,NA
PKO,PKO-005,Nahwitti,2015,13412,NA,NA,NA,NA,NA,NA,NA,0,NA,NA,NA,NA,NA,NA
PKO,PKO-005,Nahwitti,2016,NA,NA,NA,NA,NA,NA,NA,NA,NA,NA,NA,NA,NA,NA,NA
PKO,PKO-005,Nahwitti,2017,NA,NA,NA,NA,NA,NA,NA,NA,NA,NA,NA,NA,NA,NA,NA
PKO,PKO-007,Southern Fjords,1948,NA,NA,NA,NA,NA,NA,NA,NA,NA,NA,NA,NA,NA,NA,NA
PKO,PKO-007,Southern Fjords,1949,NA,NA,NA,NA,NA,NA,NA,NA,NA,NA,NA,NA,NA,NA,NA
PKO,PKO-007,Southern Fjords,1950,NA,NA,NA,NA,NA,NA,NA,NA,NA,NA,NA,NA,NA,NA,NA
PKO,PKO-007,Southern Fjords,1951,NA,NA,NA,NA,NA,NA,NA,NA,NA,NA,NA,NA,NA,NA,NA
PKO,PKO-007,Southern Fjords,1952,NA,NA,NA,NA,NA,NA,NA,NA,NA,NA,NA,NA,NA,NA,NA
PKO,PKO-007,Southern Fjords,1953,108212,NA,NA,NA,NA,NA,NA,NA,NA,NA,NA,NA,NA,NA,NA
PKO,PKO-007,Southern Fjords,1954,NA,NA,NA,NA,NA,NA,NA,NA,NA,NA,NA,NA,NA,NA,NA
PKO,PKO-007,Southern Fjords,1955,322279,NA,NA,NA,NA,NA,NA,NA,NA,NA,NA,NA,NA,NA,NA
PKO,PKO-007,Southern Fjords,1956,NA,NA,NA,NA,NA,NA,NA,NA,NA,NA,NA,NA,NA,NA,NA
PKO,PKO-007,Southern Fjords,1957,259350,NA,NA,NA,NA,NA,NA,642901,NA,NA,NA,NA,NA,NA,NA
PKO,PKO-007,Southern Fjords,1958,NA,NA,NA,NA,NA,NA,NA,NA,NA,NA,NA,NA,NA,NA,NA
PKO,PKO-007,Southern Fjords,1959,269205,NA,NA,NA,NA,NA,NA,656883,0.58,NA,NA,NA,NA,NA,NA
PKO,PKO-007,Southern Fjords,1960,NA,NA,NA,NA,NA,NA,NA,NA,NA,NA,NA,NA,NA,NA,NA
PKO,PKO-007,Southern Fjords,1961,264559,NA,NA,NA,NA,NA,NA,543864,0.6,NA,NA,NA,NA,NA,NA
PKO,PKO-007,Southern Fjords,1962,NA,NA,NA,NA,NA,NA,NA,NA,NA,NA,NA,NA,NA,NA,NA
PKO,PKO-007,Southern Fjords,1963,267998,NA,NA,NA,NA,NA,NA,445291,0.51,NA,NA,NA,NA,NA,NA
PKO,PKO-007,Southern Fjords,1964,NA,NA,NA,NA,NA,NA,NA,NA,NA,NA,NA,NA,NA,NA,NA
PKO,PKO-007,Southern Fjords,1965,275290,NA,NA,NA,NA,NA,NA,679300,0.38,NA,NA,NA,NA,NA,NA
PKO,PKO-007,Southern Fjords,1966,NA,NA,NA,NA,NA,NA,NA,NA,NA,NA,NA,NA,NA,NA,NA
PKO,PKO-007,Southern Fjords,1967,230455,NA,NA,NA,NA,NA,NA,172289,0.66,NA,NA,NA,NA,NA,NA
PKO,PKO-007,Southern Fjords,1968,NA,NA,NA,NA,NA,NA,NA,NA,NA,NA,NA,NA,NA,NA,NA
PKO,PKO-007,Southern Fjords,1969,115544,NA,NA,NA,NA,NA,NA,834620,0.33,NA,NA,NA,NA,NA,NA
PKO,PKO-007,Southern Fjords,1970,NA,NA,NA,NA,NA,NA,NA,NA,NA,NA,NA,NA,NA,NA,NA
PKO,PKO-007,Southern Fjords,1971,508315,NA,NA,NA,NA,NA,NA,1433570,0.39,NA,NA,NA,NA,NA,NA
PKO,PKO-007,Southern Fjords,1972,NA,NA,NA,NA,NA,NA,NA,NA,NA,NA,NA,NA,NA,NA,NA
PKO,PKO-007,Southern Fjords,1973,792435,NA,NA,NA,NA,NA,NA,1782598,0.45,NA,NA,NA,NA,NA,NA
PKO,PKO-007,Southern Fjords,1974,NA,NA,NA,NA,NA,NA,NA,NA,NA,NA,NA,NA,NA,NA,NA
PKO,PKO-007,Southern Fjords,1975,1254505,NA,NA,NA,NA,NA,NA,374069,0.3,NA,NA,NA,NA,NA,NA
PKO,PKO-007,Southern Fjords,1976,NA,NA,NA,NA,NA,NA,NA,NA,NA,NA,NA,NA,NA,NA,NA
PKO,PKO-007,Southern Fjords,1977,154719,NA,NA,NA,NA,NA,NA,448590,0.59,NA,NA,NA,NA,NA,NA
PKO,PKO-007,Southern Fjords,1978,NA,NA,NA,NA,NA,NA,NA,NA,NA,NA,NA,NA,NA,NA,NA
PKO,PKO-007,Southern Fjords,1979,194221,NA,NA,NA,NA,NA,NA,1402189,0.57,NA,NA,NA,NA,NA,NA
PKO,PKO-007,Southern Fjords,1980,NA,NA,NA,NA,NA,NA,NA,NA,NA,NA,NA,NA,NA,NA,NA
PKO,PKO-007,Southern Fjords,1981,812828,NA,NA,NA,NA,NA,NA,2394490,0.42,NA,NA,NA,NA,NA,NA
PKO,PKO-007,Southern Fjords,1982,NA,NA,NA,NA,NA,NA,NA,NA,NA,NA,NA,NA,NA,NA,NA
PKO,PKO-007,Southern Fjords,1983,1368711,NA,NA,NA,NA,NA,NA,1489263,0.43,NA,NA,NA,NA,NA,NA
PKO,PKO-007,Southern Fjords,1984,NA,NA,NA,NA,NA,NA,NA,NA,NA,NA,NA,NA,NA,NA,NA
PKO,PKO-007,Southern Fjords,1985,741659,NA,NA,NA,NA,NA,NA,180980,0.5,NA,NA,NA,NA,NA,NA
PKO,PKO-007,Southern Fjords,1986,NA,NA,NA,NA,NA,NA,NA,NA,NA,NA,NA,NA,NA,NA,NA
PKO,PKO-007,Southern Fjords,1987,101384,NA,NA,NA,NA,NA,NA,613505,0.44,NA,NA,NA,NA,NA,NA
PKO,PKO-007,Southern Fjords,1988,NA,NA,NA,NA,NA,NA,NA,NA,NA,NA,NA,NA,NA,NA,NA
PKO,PKO-007,Southern Fjords,1989,194867,NA,NA,NA,NA,NA,NA,232249,0.68,NA,NA,NA,NA,NA,NA
PKO,PKO-007,Southern Fjords,1990,NA,NA,NA,NA,NA,NA,NA,NA,NA,NA,NA,NA,NA,NA,NA
PKO,PKO-007,Southern Fjords,1991,119828,NA,NA,NA,NA,NA,NA,702901,0.48,NA,NA,NA,NA,NA,NA
PKO,PKO-007,Southern Fjords,1992,NA,NA,NA,NA,NA,NA,NA,NA,NA,NA,NA,NA,NA,NA,NA
PKO,PKO-007,Southern Fjords,1993,380976,NA,NA,NA,NA,NA,NA,473566,0.46,NA,NA,NA,NA,NA,NA
PKO,PKO-007,Southern Fjords,1994,NA,NA,NA,NA,NA,NA,NA,NA,NA,NA,NA,NA,NA,NA,NA
PKO,PKO-007,Southern Fjords,1995,256838,NA,NA,NA,NA,NA,NA,608880,0.46,NA,NA,NA,NA,NA,NA
PKO,PKO-007,Southern Fjords,1996,NA,NA,NA,NA,NA,NA,NA,NA,NA,NA,NA,NA,NA,NA,NA
PKO,PKO-007,Southern Fjords,1997,393219,NA,NA,NA,NA,NA,NA,678084,0.35,NA,NA,NA,NA,NA,NA
PKO,PKO-007,Southern Fjords,1998,NA,NA,NA,NA,NA,NA,NA,NA,NA,NA,NA,NA,NA,NA,NA
PKO,PKO-007,Southern Fjords,1999,669087,NA,NA,NA,NA,NA,NA,1691728,0.01,NA,NA,NA,NA,NA,NA
PKO,PKO-007,Southern Fjords,2000,NA,NA,NA,NA,NA,NA,NA,NA,NA,NA,NA,NA,NA,NA,NA
PKO,PKO-007,Southern Fjords,2001,1566619,NA,NA,NA,NA,NA,NA,254007,0.07,NA,NA,NA,NA,NA,NA
PKO,PKO-007,Southern Fjords,2002,NA,NA,NA,NA,NA,NA,NA,NA,NA,NA,NA,NA,NA,NA,NA
PKO,PKO-007,Southern Fjords,2003,201214,NA,NA,NA,NA,NA,NA,307624,0.21,NA,NA,NA,NA,NA,NA
PKO,PKO-007,Southern Fjords,2004,NA,NA,NA,NA,NA,NA,NA,NA,NA,NA,NA,NA,NA,NA,NA
PKO,PKO-007,Southern Fjords,2005,290986,NA,NA,NA,NA,NA,NA,346659,0.05,NA,NA,NA,NA,NA,NA
PKO,PKO-007,Southern Fjords,2006,NA,NA,NA,NA,NA,NA,NA,NA,NA,NA,NA,NA,NA,NA,NA
PKO,PKO-007,Southern Fjords,2007,338004,NA,NA,NA,NA,NA,NA,1058917,0.02,NA,NA,NA,NA,NA,NA
PKO,PKO-007,Southern Fjords,2008,NA,NA,NA,NA,NA,NA,NA,NA,NA,NA,NA,NA,NA,NA,NA
PKO,PKO-007,Southern Fjords,2009,993161,NA,NA,NA,NA,NA,NA,339060,0.06,NA,NA,NA,NA,NA,NA
PKO,PKO-007,Southern Fjords,2010,NA,NA,NA,NA,NA,NA,NA,NA,NA,NA,NA,NA,NA,NA,NA
PKO,PKO-007,Southern Fjords,2011,229460,NA,NA,NA,NA,NA,NA,672206,0.32,NA,NA,NA,NA,NA,NA
PKO,PKO-007,Southern Fjords,2012,NA,NA,NA,NA,NA,NA,NA,NA,NA,NA,NA,NA,NA,NA,NA
PKO,PKO-007,Southern Fjords,2013,622593,NA,NA,NA,NA,NA,NA,425026,0.07,NA,NA,NA,NA,NA,NA
PKO,PKO-007,Southern Fjords,2014,NA,NA,NA,NA,NA,NA,NA,NA,NA,NA,NA,NA,NA,NA,NA
PKO,PKO-007,Southern Fjords,2015,418652,NA,NA,NA,NA,NA,NA,NA,0.01,NA,NA,NA,NA,NA,NA
PKO,PKO-007,Southern Fjords,2016,NA,NA,NA,NA,NA,NA,NA,NA,NA,NA,NA,NA,NA,NA,NA
PKO,PKO-007,Southern Fjords,2017,NA,NA,NA,NA,NA,NA,NA,NA,NA,NA,NA,NA,NA,NA,NA
PKO,PKO-006,West Vancouver Island,1948,NA,NA,NA,NA,NA,NA,NA,NA,NA,NA,NA,NA,NA,NA,NA
PKO,PKO-006,West Vancouver Island,1949,NA,NA,NA,NA,NA,NA,NA,NA,NA,NA,NA,NA,NA,NA,NA
PKO,PKO-006,West Vancouver Island,1950,NA,NA,NA,NA,NA,NA,NA,NA,NA,NA,NA,NA,NA,NA,NA
PKO,PKO-006,West Vancouver Island,1951,NA,NA,NA,NA,NA,NA,NA,NA,NA,NA,NA,NA,NA,NA,NA
PKO,PKO-006,West Vancouver Island,1952,NA,NA,NA,NA,NA,NA,NA,NA,NA,NA,NA,NA,NA,NA,NA
PKO,PKO-006,West Vancouver Island,1953,NA,NA,NA,NA,NA,NA,NA,NA,NA,NA,NA,NA,NA,NA,NA
PKO,PKO-006,West Vancouver Island,1954,NA,NA,NA,NA,NA,NA,NA,NA,NA,NA,NA,NA,NA,NA,NA
PKO,PKO-006,West Vancouver Island,1955,NA,NA,NA,NA,NA,NA,NA,NA,NA,NA,NA,NA,NA,NA,NA
PKO,PKO-006,West Vancouver Island,1956,NA,NA,NA,NA,NA,NA,NA,NA,NA,NA,NA,NA,NA,NA,NA
PKO,PKO-006,West Vancouver Island,1957,NA,NA,NA,NA,NA,NA,NA,NA,NA,NA,NA,NA,NA,NA,NA
PKO,PKO-006,West Vancouver Island,1958,NA,NA,NA,NA,NA,NA,NA,NA,NA,NA,NA,NA,NA,NA,NA
PKO,PKO-006,West Vancouver Island,1959,NA,NA,NA,NA,NA,NA,NA,NA,NA,NA,NA,NA,NA,NA,NA
PKO,PKO-006,West Vancouver Island,1960,NA,NA,NA,NA,NA,NA,NA,NA,NA,NA,NA,NA,NA,NA,NA
PKO,PKO-006,West Vancouver Island,1961,NA,NA,NA,NA,NA,NA,NA,NA,NA,NA,NA,NA,NA,NA,NA
PKO,PKO-006,West Vancouver Island,1962,NA,NA,NA,NA,NA,NA,NA,NA,NA,NA,NA,NA,NA,NA,NA
PKO,PKO-006,West Vancouver Island,1963,NA,NA,NA,NA,NA,NA,NA,NA,NA,NA,NA,NA,NA,NA,NA
PKO,PKO-006,West Vancouver Island,1964,NA,NA,NA,NA,NA,NA,NA,NA,NA,NA,NA,NA,NA,NA,NA
PKO,PKO-006,West Vancouver Island,1965,NA,NA,NA,NA,NA,NA,NA,NA,NA,NA,NA,NA,NA,NA,NA
PKO,PKO-006,West Vancouver Island,1966,NA,NA,NA,NA,NA,NA,NA,NA,NA,NA,NA,NA,NA,NA,NA
PKO,PKO-006,West Vancouver Island,1967,NA,NA,NA,NA,NA,NA,NA,NA,NA,NA,NA,NA,NA,NA,NA
PKO,PKO-006,West Vancouver Island,1968,NA,NA,NA,NA,NA,NA,NA,NA,NA,NA,NA,NA,NA,NA,NA
PKO,PKO-006,West Vancouver Island,1969,NA,NA,NA,NA,NA,NA,NA,NA,NA,NA,NA,NA,NA,NA,NA
PKO,PKO-006,West Vancouver Island,1970,NA,NA,NA,NA,NA,NA,NA,NA,NA,NA,NA,NA,NA,NA,NA
PKO,PKO-006,West Vancouver Island,1971,NA,NA,NA,NA,NA,NA,NA,NA,NA,NA,NA,NA,NA,NA,NA
PKO,PKO-006,West Vancouver Island,1972,NA,NA,NA,NA,NA,NA,NA,NA,NA,NA,NA,NA,NA,NA,NA
PKO,PKO-006,West Vancouver Island,1973,NA,NA,NA,NA,NA,NA,NA,NA,NA,NA,NA,NA,NA,NA,NA
PKO,PKO-006,West Vancouver Island,1974,NA,NA,NA,NA,NA,NA,NA,NA,NA,NA,NA,NA,NA,NA,NA
PKO,PKO-006,West Vancouver Island,1975,NA,NA,NA,NA,NA,NA,NA,NA,NA,NA,NA,NA,NA,NA,NA
PKO,PKO-006,West Vancouver Island,1976,NA,NA,NA,NA,NA,NA,NA,NA,NA,NA,NA,NA,NA,NA,NA
PKO,PKO-006,West Vancouver Island,1977,NA,NA,NA,NA,NA,NA,NA,NA,NA,NA,NA,NA,NA,NA,NA
PKO,PKO-006,West Vancouver Island,1978,NA,NA,NA,NA,NA,NA,NA,NA,NA,NA,NA,NA,NA,NA,NA
PKO,PKO-006,West Vancouver Island,1979,NA,NA,NA,NA,NA,NA,NA,NA,NA,NA,NA,NA,NA,NA,NA
PKO,PKO-006,West Vancouver Island,1980,NA,NA,NA,NA,NA,NA,NA,NA,NA,NA,NA,NA,NA,NA,NA
PKO,PKO-006,West Vancouver Island,1981,NA,NA,NA,NA,NA,NA,NA,NA,NA,NA,NA,NA,NA,NA,NA
PKO,PKO-006,West Vancouver Island,1982,NA,NA,NA,NA,NA,NA,NA,NA,NA,NA,NA,NA,NA,NA,NA
PKO,PKO-006,West Vancouver Island,1983,NA,NA,NA,NA,NA,NA,NA,NA,NA,NA,NA,NA,NA,NA,NA
PKO,PKO-006,West Vancouver Island,1984,NA,NA,NA,NA,NA,NA,NA,NA,NA,NA,NA,NA,NA,NA,NA
PKO,PKO-006,West Vancouver Island,1985,NA,NA,NA,NA,NA,NA,NA,NA,NA,NA,NA,NA,NA,NA,NA
PKO,PKO-006,West Vancouver Island,1986,NA,NA,NA,NA,NA,NA,NA,NA,NA,NA,NA,NA,NA,NA,NA
PKO,PKO-006,West Vancouver Island,1987,NA,NA,NA,NA,NA,NA,NA,NA,NA,NA,NA,NA,NA,NA,NA
PKO,PKO-006,West Vancouver Island,1988,NA,NA,NA,NA,NA,NA,NA,NA,NA,NA,NA,NA,NA,NA,NA
PKO,PKO-006,West Vancouver Island,1989,NA,NA,NA,NA,NA,NA,NA,NA,NA,NA,NA,NA,NA,NA,NA
PKO,PKO-006,West Vancouver Island,1990,NA,NA,NA,NA,NA,NA,NA,NA,NA,NA,NA,NA,NA,NA,NA
PKO,PKO-006,West Vancouver Island,1991,NA,NA,NA,NA,NA,NA,NA,NA,NA,NA,NA,NA,NA,NA,NA
PKO,PKO-006,West Vancouver Island,1992,NA,NA,NA,NA,NA,NA,NA,NA,NA,NA,NA,NA,NA,NA,NA
PKO,PKO-006,West Vancouver Island,1993,NA,NA,NA,NA,NA,NA,NA,NA,NA,NA,NA,NA,NA,NA,NA
PKO,PKO-006,West Vancouver Island,1994,NA,NA,NA,NA,NA,NA,NA,NA,NA,NA,NA,NA,NA,NA,NA
PKO,PKO-006,West Vancouver Island,1995,NA,NA,NA,NA,NA,NA,NA,NA,NA,NA,NA,NA,NA,NA,NA
PKO,PKO-006,West Vancouver Island,1996,NA,NA,NA,NA,NA,NA,NA,NA,NA,NA,NA,NA,NA,NA,NA
PKO,PKO-006,West Vancouver Island,1997,NA,NA,NA,NA,NA,NA,NA,NA,NA,NA,NA,NA,NA,NA,NA
PKO,PKO-006,West Vancouver Island,1998,NA,NA,NA,NA,NA,NA,NA,NA,NA,NA,NA,NA,NA,NA,NA
PKO,PKO-006,West Vancouver Island,1999,NA,NA,NA,NA,NA,NA,NA,NA,NA,NA,NA,NA,NA,NA,NA
PKO,PKO-006,West Vancouver Island,2000,NA,NA,NA,NA,NA,NA,NA,NA,NA,NA,NA,NA,NA,NA,NA
PKO,PKO-006,West Vancouver Island,2001,NA,NA,NA,NA,NA,NA,NA,NA,NA,NA,NA,NA,NA,NA,NA
PKO,PKO-006,West Vancouver Island,2002,NA,NA,NA,NA,NA,NA,NA,NA,NA,NA,NA,NA,NA,NA,NA
PKO,PKO-006,West Vancouver Island,2003,NA,NA,NA,NA,NA,NA,NA,NA,NA,NA,NA,NA,NA,NA,NA
PKO,PKO-006,West Vancouver Island,2004,NA,NA,NA,NA,NA,NA,NA,NA,NA,NA,NA,NA,NA,NA,NA
PKO,PKO-006,West Vancouver Island,2005,NA,NA,NA,NA,NA,NA,NA,NA,NA,NA,NA,NA,NA,NA,NA
PKO,PKO-006,West Vancouver Island,2006,NA,NA,NA,NA,NA,NA,NA,NA,NA,NA,NA,NA,NA,NA,NA
PKO,PKO-006,West Vancouver Island,2007,NA,NA,NA,NA,NA,NA,NA,NA,NA,NA,NA,NA,NA,NA,NA
PKO,PKO-006,West Vancouver Island,2008,NA,NA,NA,NA,NA,NA,NA,NA,NA,NA,NA,NA,NA,NA,NA
PKO,PKO-006,West Vancouver Island,2009,NA,NA,NA,NA,NA,NA,NA,NA,NA,NA,NA,NA,NA,NA,NA
PKO,PKO-006,West Vancouver Island,2010,NA,NA,NA,NA,NA,NA,NA,NA,NA,NA,NA,NA,NA,NA,NA
PKO,PKO-006,West Vancouver Island,2011,NA,NA,NA,NA,NA,NA,NA,NA,NA,NA,NA,NA,NA,NA,NA
PKO,PKO-006,West Vancouver Island,2012,NA,NA,NA,NA,NA,NA,NA,NA,NA,NA,NA,NA,NA,NA,NA
PKO,PKO-006,West Vancouver Island,2013,NA,NA,NA,NA,NA,NA,NA,NA,NA,NA,NA,NA,NA,NA,NA
PKO,PKO-006,West Vancouver Island,2014,NA,NA,NA,NA,NA,NA,NA,NA,NA,NA,NA,NA,NA,NA,NA
PKO,PKO-006,West Vancouver Island,2015,NA,NA,NA,NA,NA,NA,NA,NA,NA,NA,NA,NA,NA,NA,NA
PKO,PKO-006,West Vancouver Island,2016,NA,NA,NA,NA,NA,NA,NA,NA,NA,NA,NA,NA,NA,NA,NA
PKO,PKO-006,West Vancouver Island,2017,NA,NA,NA,NA,NA,NA,NA,NA,NA,NA,NA,NA,NA,NA,NA