"WATERSHED_CDE","GFE_ID"
"900-949300-00000-00000-0000-0000-000-000-000-000-000-000",906
"",439
"930-605500-00000-00000-0000-0000-000-000-000-000-000-000",1401
"900-935700-00000-00000-0000-0000-000-000-000-000-000-000",903
"930-683800-00000-00000-0000-0000-000-000-000-000-000-000",1417
"930-653300-00000-00000-0000-0000-000-000-000-000-000-000",1410
"920-725300-00000-00000-0000-0000-000-000-000-000-000-000",1121
"905-377500-82600-00000-0000-0000-000-000-000-000-000-000",1125
"920-700700-00000-00000-0000-0000-000-000-000-000-000-000",1123
"905-377500-87100-00000-0000-0000-000-000-000-000-000-000",1126
"930-833300-00000-00000-0000-0000-000-000-000-000-000-000",1445
"930-944900-00000-00000-0000-0000-000-000-000-000-000-000",1481
"930-853100-00000-00000-0000-0000-000-000-000-000-000-000",1453
"930-903800-00000-00000-0000-0000-000-000-000-000-000-000",1470
"900-875400-05000-00000-0000-0000-000-000-000-000-000-000",898
"900-097600-00000-00000-0000-0000-000-000-000-000-000-000",708
"900-097600-09200-00000-0000-0000-000-000-000-000-000-000",718
"900-097600-05100-00000-0000-0000-000-000-000-000-000-000",709
"900-097600-12900-00000-0000-0000-000-000-000-000-000-000",723
"900-097600-38300-00000-0000-0000-000-000-000-000-000-000",728
"900-090400-00000-00000-0000-0000-000-000-000-000-000-000",772
"900-270198-05210-00000-0000-0000-000-000-000-000-000-000",787
"900-233000-04300-00000-0000-0000-000-000-000-000-000-000",783
"900-244600-00000-00000-0000-0000-000-000-000-000-000-000",784
"900-270198-00000-00000-0000-0000-000-000-000-000-000-000",786
"900-280800-00000-00000-0000-0000-000-000-000-000-000-000",794
"900-164200-00000-00000-0000-0000-000-000-000-000-000-000",769
"900-260100-00000-00000-0000-0000-000-000-000-000-000-000",785
"900-168400-00000-00000-0000-0000-000-000-000-000-000-000",773
"900-947800-00000-00000-0000-0000-000-000-000-000-000-000",904
"900-469600-00000-00000-0000-0000-000-000-000-000-000-000",828
"900-447800-00000-00000-0000-0000-000-000-000-000-000-000",824
"900-459600-00000-00000-0000-0000-000-000-000-000-000-000",826
"905-557500-39800-00000-0000-0000-000-000-000-000-000-000",868
"920-851500-00000-00000-0000-0000-000-000-000-000-000-000",1109
"905-557500-27600-00000-0000-0000-000-000-000-000-000-000",866
"920-838200-00000-00000-0000-0000-000-000-000-000-000-000",1110
"920-866900-00000-00000-0000-0000-000-000-000-000-000-000",1108
"900-620600-00000-00000-0000-0000-000-000-000-000-000-000",858
"900-592700-00000-00000-0000-0000-000-000-000-000-000-000",850
"900-603000-00000-00000-0000-0000-000-000-000-000-000-000",852
"900-614100-00000-00000-0000-0000-000-000-000-000-000-000",855
"900-619100-00000-00000-0000-0000-000-000-000-000-000-000",857
"900-569800-08600-00000-0000-0000-000-000-000-000-000-000",847
"900-596000-00000-00000-0000-0000-000-000-000-000-000-000",851
"900-558500-00000-00000-0000-0000-000-000-000-000-000-000",846
"",844
"900-519300-00000-00000-0000-0000-000-000-000-000-000-000",835
"900-632100-00000-00000-0000-0000-000-000-000-000-000-000",860
"900-543100-00000-00000-0000-0000-000-000-000-000-000-000",843
"930-671100-00000-00000-0000-0000-000-000-000-000-000-000",1413
"900-640400-00000-00000-0000-0000-000-000-000-000-000-000",861
"900-097600-07500-11900-0000-0000-000-000-000-000-000-000",717
"",730
"900-097600-05100-08900-0000-0000-000-000-000-000-000-000",711
"900-097600-05100-00000-0000-0000-000-000-000-000-000-000",713
"900-166300-00000-00000-0000-0000-000-000-000-000-000-000",770
"900-166800-00000-00000-0000-0000-000-000-000-000-000-000",771
"900-915900-00000-00000-0000-0000-000-000-000-000-000-000",902
"900-097600-12900-07804-0000-0000-000-000-000-000-000-000",724
"900-091000-00000-00000-0000-0000-000-000-000-000-000-000",705
"900-066100-00000-00000-0000-0000-000-000-000-000-000-000",691
"900-111600-00000-00000-0000-0000-000-000-000-000-000-000",748
"900-120400-00000-00000-0000-0000-000-000-000-000-000-000",760
"900-046300-00000-00000-0000-0000-000-000-000-000-000-000",686
"900-045300-00000-00000-0000-0000-000-000-000-000-000-000",685
"900-116000-00000-00000-0000-0000-000-000-000-000-000-000",756
"920-553200-94200-04800-0000-0000-000-000-000-000-000-000",1160
"920-551800-00000-00000-0000-0000-000-000-000-000-000-000",1162
"920-600400-00000-00000-0000-0000-000-000-000-000-000-000",1149
"920-553200-94200-00000-0000-0000-000-000-000-000-000-000",1156
"920-553200-94100-00000-0000-0000-000-000-000-000-000-000",1157
"920-547200-00000-00000-0000-0000-000-000-000-000-000-000",1163
"900-357900-01700-00000-0000-0000-000-000-000-000-000-000",814
"900-281100-00000-00000-0000-0000-000-000-000-000-000-000",795
"900-286000-00000-00000-0000-0000-000-000-000-000-000-000",798
"900-349300-00000-00000-0000-0000-000-000-000-000-000-000",808
"900-278600-00000-00000-0000-0000-000-000-000-000-000-000",793
"930-702700-00000-00000-0000-0000-000-000-000-000-000-000",1423
"930-948100-00000-00000-0000-0000-000-000-000-000-000-000",1484
"930-832000-00000-00000-0000-0000-000-000-000-000-000-000",1444
"930-830300-00000-00000-0000-0000-000-000-000-000-000-000",1443
"930-494700-00000-00000-0000-0000-000-000-000-000-000-000",1353
"930-575200-00000-00000-0000-0000-000-000-000-000-000-000",1392
"100-074100-28700-00000-0000-0000-000-000-000-000-000-000",93
"930-844100-00000-00000-0000-0000-000-000-000-000-000-000",1449
"100-119000-00000-00000-0000-0000-000-000-000-000-000-000",118
"100-122600-06200-00000-0000-0000-000-000-000-000-000-000",119
"100-115400-03100-00000-0000-0000-000-000-000-000-000-000",114
"100-065700-09700-13300-0000-0000-000-000-000-000-000-000",70
"",104
"900-195000-00000-00000-0000-0000-000-000-000-000-000-000",776
"900-220600-20900-00000-0000-0000-000-000-000-000-000-000",781
"900-202000-00000-00000-0000-0000-000-000-000-000-000-000",777
"905-126000-31000-00000-0000-0000-000-000-000-000-000-000",797
"905-126000-26900-00000-0000-0000-000-000-000-000-000-000",796
"900-177400-00000-00000-0000-0000-000-000-000-000-000-000",774
"900-220600-00000-00000-0000-0000-000-000-000-000-000-000",780
"900-111200-00000-00000-0000-0000-000-000-000-000-000-000",747
"900-106300-00000-00000-0000-0000-000-000-000-000-000-000",742
"900-100100-00000-00000-0000-0000-000-000-000-000-000-000",740
"900-113000-00000-00000-0000-0000-000-000-000-000-000-000",755
"930-939900-00000-00000-0000-0000-000-000-000-000-000-000",1479
"920-462800-00000-00000-0000-0000-000-000-000-000-000-000",1184
"920-488600-00000-00000-0000-0000-000-000-000-000-000-000",1180
"920-490700-00000-00000-0000-0000-000-000-000-000-000-000",1179
"920-481800-00000-00000-0000-0000-000-000-000-000-000-000",1181
"930-648400-00000-00000-0000-0000-000-000-000-000-000-000",1409
"930-665700-00000-00000-0000-0000-000-000-000-000-000-000",1412
"905-535200-56900-00000-0000-0000-000-000-000-000-000-000",839
"920-953700-00000-00000-0000-0000-000-000-000-000-000-000",1101
"920-969500-00000-00000-0000-0000-000-000-000-000-000-000",1100
"900-534400-00000-00000-0000-0000-000-000-000-000-000-000",838
"100-065700-00000-00000-0000-0000-000-000-000-000-000-000",61
"",56
"900-750300-00000-00000-0000-0000-000-000-000-000-000-000",884
"900-799300-00000-00000-0000-0000-000-000-000-000-000-000",890
"920-627900-03600-00000-0000-0000-000-000-000-000-000-000",1144
"920-627900-00000-00000-0000-0000-000-000-000-000-000-000",1141
"900-406900-00600-00000-0000-0000-000-000-000-000-000-000",820
"900-406900-00000-00000-0000-0000-000-000-000-000-000-000",819
"900-122900-00000-00000-0000-0000-000-000-000-000-000-000",761
"905-079000-36000-00000-0000-0000-000-000-000-000-000-000",752
"905-079000-08400-00000-0000-0000-000-000-000-000-000-000",749
"900-071100-00000-00000-0000-0000-000-000-000-000-000-000",697
"900-066900-15500-00000-0000-0000-000-000-000-000-000-000",694
"900-112300-00000-00000-0000-0000-000-000-000-000-000-000",754
"900-069000-00000-00000-0000-0000-000-000-000-000-000-000",695
"930-739000-00000-00000-0000-0000-000-000-000-000-000-000",1429
"930-713300-00000-00000-0000-0000-000-000-000-000-000-000",1425
"930-979400-00000-00000-0000-0000-000-000-000-000-000-000",1489
"930-937700-00000-00000-0000-0000-000-000-000-000-000-000",1478
"905-557500-78200-00000-0000-0000-000-000-000-000-000-000",863
"900-640800-00000-00000-0000-0000-000-000-000-000-000-000",862
"905-557500-11500-37300-0000-0000-000-000-000-000-000-000",840
"",845
"100-026700-06000-06400-0860-0000-000-000-000-000-000-000",16
"100-026700-00000-00000-0000-0000-000-000-000-000-000-000",13
"100-051900-00000-00000-0000-0000-000-000-000-000-000-000",36
"100-045300-00000-00000-0000-0000-000-000-000-000-000-000",33
"900-069300-00000-00000-0000-0000-000-000-000-000-000-000",696
"900-071100-03400-00000-0000-0000-000-000-000-000-000-000",698
"930-567600-00000-00000-0000-0000-000-000-000-000-000-000",1375
"930-621100-00000-00000-0000-0000-000-000-000-000-000-000",1404
"900-772800-00000-00000-0000-0000-000-000-000-000-000-000",887
"920-940400-00000-00000-0000-0000-000-000-000-000-000-000",1102
"920-914600-00000-00000-0000-0000-000-000-000-000-000-000",1104
"900-751900-00000-00000-0000-0000-000-000-000-000-000-000",885
"100-065700-09700-00000-0000-0000-000-000-000-000-000-000",62
"100-072800-00000-00000-0000-0000-000-000-000-000-000-000",60
"500-000000-00000-00000-0000-0000-000-000-000-000-000-000",629
"910-919700-00000-00000-0000-0000-000-000-000-000-000-000",1758
"910-855600-00000-00000-0000-0000-000-000-000-000-000-000",1750
"910-929900-00000-00000-0000-0000-000-000-000-000-000-000",1761
"500-155400-00000-00000-0000-0000-000-000-000-000-000-000",647
"500-155400-00000-00000-0000-0000-000-000-000-000-000-000",648
"910-979300-00000-00000-0000-0000-000-000-000-000-000-000",1774
"915-823500-51800-00000-0000-0000-000-000-000-000-000-000",1741
"500-018500-00000-00000-0000-0000-000-000-000-000-000-000",634
"500-009000-00000-00000-0000-0000-000-000-000-000-000-000",631
"910-971500-00000-00000-0000-0000-000-000-000-000-000-000",1768
"910-863100-00000-00000-0000-0000-000-000-000-000-000-000",1751
"910-991800-00000-00000-0000-0000-000-000-000-000-000-000",1778
"910-929800-00000-00000-0000-0000-000-000-000-000-000-000",1760
"910-887500-00000-00000-0000-0000-000-000-000-000-000-000",1754
"910-930200-00000-00000-0000-0000-000-000-000-000-000-000",1762
"910-290700-99900-00000-0000-0000-000-000-000-000-000-000",358
"100-026700-13700-00000-0000-0000-000-000-000-000-000-000",20
"",50
"100-074100-36700-00000-0000-0000-000-000-000-000-000-000",94
"100-026700-06000-06400-0000-0000-000-000-000-000-000-000",15
"920-609300-00000-00000-0000-0000-000-000-000-000-000-000",1148
"100-093700-00000-00000-0000-0000-000-000-000-000-000-000",105
"100-112900-00000-00000-0000-0000-000-000-000-000-000-000",111
"100-104700-00000-00000-0000-0000-000-000-000-000-000-000",109
"900-963400-00000-00000-0000-0000-000-000-000-000-000-000",908
"100-026700-07200-00000-0000-0000-000-000-000-000-000-000",19
"110-149200-85400-23800-0000-0000-000-000-000-000-000-000",186
"930-805400-00000-00000-0000-0000-000-000-000-000-000-000",1437
"110-090200-00000-00000-0000-0000-000-000-000-000-000-000",181
"930-936000-00000-00000-0000-0000-000-000-000-000-000-000",1477
"950-981700-00000-00000-0000-0000-000-000-000-000-000-000",1687
"955-296800-17847-00000-0000-0000-000-000-000-000-000-000",1719
"950-255500-00000-00000-0000-0000-000-000-000-000-000-000",1611
"950-266100-00000-00000-0000-0000-000-000-000-000-000-000",1612
"955-081000-38300-00000-0000-0000-000-000-000-000-000-000",1695
"955-186000-32400-00000-0000-0000-000-000-000-000-000-000",1703
"940-116600-00000-00000-0000-0000-000-000-000-000-000-000",1515
"940-108600-00000-00000-0000-0000-000-000-000-000-000-000",1513
"950-319200-00000-00000-0000-0000-000-000-000-000-000-000",1627
"950-119900-00000-00000-0000-0000-000-000-000-000-000-000",1598
"950-065000-00000-00000-0000-0000-000-000-000-000-000-000",1584
"955-296800-61210-06157-0000-0000-000-000-000-000-000-000",1716
"955-186000-45200-00000-0000-0000-000-000-000-000-000-000",1707
"950-401500-00000-00000-0000-0000-000-000-000-000-000-000",1638
"955-186000-45800-00000-0000-0000-000-000-000-000-000-000",1708
"955-404700-42900-44800-0000-0000-000-000-000-000-000-000",1722
"950-990000-00000-00000-0000-0000-000-000-000-000-000-000",1688
"950-169400-00000-00000-0000-0000-000-000-000-000-000-000",1605
"940-133700-00000-00000-0000-0000-000-000-000-000-000-000",1520
"940-132445-00000-00000-0000-0000-000-000-000-000-000-000",1521
"955-186000-42700-00000-0000-0000-000-000-000-000-000-000",1706
"955-296800-45400-00000-0000-0000-000-000-000-000-000-000",1715
"955-296800-21022-00000-0000-0000-000-000-000-000-000-000",1720
"955-186000-77400-00000-0000-0000-000-000-000-000-000-000",1713
"950-410500-00000-00000-0000-0000-000-000-000-000-000-000",1640
"950-101700-00000-00000-0000-0000-000-000-000-000-000-000",1592
"950-106996-00000-00000-0000-0000-000-000-000-000-000-000",1594
"950-094600-00000-00000-0000-0000-000-000-000-000-000-000",1590
"950-289300-00000-00000-0000-0000-000-000-000-000-000-000",1618
"950-287992-00000-00000-0000-0000-000-000-000-000-000-000",1619
"950-285178-00000-00000-0000-0000-000-000-000-000-000-000",1617
"955-081000-59000-00000-0000-0000-000-000-000-000-000-000",1692
"940-112500-00000-00000-0000-0000-000-000-000-000-000-000",1514
"950-978100-00000-00000-0000-0000-000-000-000-000-000-000",1686
"950-380200-00000-00000-0000-0000-000-000-000-000-000-000",1636
"950-331800-00000-00000-0000-0000-000-000-000-000-000-000",1629
"955-186000-34100-00000-0000-0000-000-000-000-000-000-000",1704
"955-125000-32400-00000-0000-0000-000-000-000-000-000-000",1700
"950-312000-00000-00000-0000-0000-000-000-000-000-000-000",1625
"955-140000-62400-00000-0000-0000-000-000-000-000-000-000",1701
"940-105500-00000-00000-0000-0000-000-000-000-000-000-000",1512
"950-105500-00000-00000-0000-0000-000-000-000-000-000-000",1595
"955-125000-57797-00000-0000-0000-000-000-000-000-000-000",1699
"955-081000-06100-00000-0000-0000-000-000-000-000-000-000",1694
"940-148600-00000-00000-0000-0000-000-000-000-000-000-000",1522
"950-098600-00000-00000-0000-0000-000-000-000-000-000-000",1591
"950-272600-00000-00000-0000-0000-000-000-000-000-000-000",1613
"955-186000-59600-00000-0000-0000-000-000-000-000-000-000",1709
"955-296800-28200-00000-0000-0000-000-000-000-000-000-000",1721
"950-166000-00000-00000-0000-0000-000-000-000-000-000-000",1604
"950-275600-00000-00000-0000-0000-000-000-000-000-000-000",1615
"950-308600-00000-00000-0000-0000-000-000-000-000-000-000",1624
"955-404700-57800-00000-0000-0000-000-000-000-000-000-000",1725
"955-186000-39300-00000-0000-0000-000-000-000-000-000-000",1705
"955-186000-93700-00000-0000-0000-000-000-000-000-000-000",1714
"950-116200-00000-00000-0000-0000-000-000-000-000-000-000",1597
"950-066800-00000-00000-0000-0000-000-000-000-000-000-000",1585
"955-081000-72100-00000-0000-0000-000-000-000-000-000-000",1693
"955-296800-11481-00000-0000-0000-000-000-000-000-000-000",1718
"950-976300-00000-00000-0000-0000-000-000-000-000-000-000",1684
"950-077200-00000-00000-0000-0000-000-000-000-000-000-000",1587
"950-374500-00000-00000-0000-0000-000-000-000-000-000-000",1635
"950-073900-00000-00000-0000-0000-000-000-000-000-000-000",1586
"950-103200-00000-00000-0000-0000-000-000-000-000-000-000",1593
"950-357100-00000-00000-0000-0000-000-000-000-000-000-000",1633
"950-153900-00000-00000-0000-0000-000-000-000-000-000-000",1602
"950-124300-00000-00000-0000-0000-000-000-000-000-000-000",1599
"950-124700-00000-00000-0000-0000-000-000-000-000-000-000",1600
"930-378500-00000-00000-0000-0000-000-000-000-000-000-000",1330
"930-577600-00000-00000-0000-0000-000-000-000-000-000-000",1393
"910-939500-00000-00000-0000-0000-000-000-000-000-000-000",1763
"910-924000-00000-00000-0000-0000-000-000-000-000-000-000",1759
"500-185700-00000-00000-0000-0000-000-000-000-000-000-000",651
"500-185700-00000-00000-0000-0000-000-000-000-000-000-000",652
"500-185700-16700-00000-0000-0000-000-000-000-000-000-000",649
"910-999400-00000-00000-0000-0000-000-000-000-000-000-000",1780
"910-985000-00000-00000-0000-0000-000-000-000-000-000-000",1776
"500-030000-00000-00000-0000-0000-000-000-000-000-000-000",635
"510-000000-00000-00000-0000-0000-000-000-000-000-000-000",661
"910-941800-00000-00000-0000-0000-000-000-000-000-000-000",1764
"910-896600-00000-00000-0000-0000-000-000-000-000-000-000",1756
"920-384400-11200-00000-0000-0000-000-000-000-000-000-000",1195
"920-327900-00000-00000-0000-0000-000-000-000-000-000-000",1199
"920-415900-00000-00000-0000-0000-000-000-000-000-000-000",1189
"915-560200-12200-00000-0000-0000-000-000-000-000-000-000",1921
"915-560000-51500-18400-0000-0000-000-000-000-000-000-000",1946
"915-560200-82200-00000-0000-0000-000-000-000-000-000-000",1915
"915-563500-55400-00000-0000-0000-000-000-000-000-000-000",1912
"915-560200-87900-00000-0000-0000-000-000-000-000-000-000",1916
"915-560200-42000-00000-0000-0000-000-000-000-000-000-000",1927
"910-736000-00000-00000-0000-0000-000-000-000-000-000-000",1091
"915-560000-37600-00000-0000-0000-000-000-000-000-000-000",1944
"915-560000-58800-00000-0000-0000-000-000-000-000-000-000",1947
"915-560200-53500-00000-0000-0000-000-000-000-000-000-000",1929
"915-560000-46900-00000-0000-0000-000-000-000-000-000-000",1945
"915-560000-78400-00000-0000-0000-000-000-000-000-000-000",1936
"910-768900-00000-00000-0000-0000-000-000-000-000-000-000",1097
"910-756700-00000-00000-0000-0000-000-000-000-000-000-000",1094
"915-563500-40414-00000-0000-0000-000-000-000-000-000-000",1911
"915-560200-46300-00000-0000-0000-000-000-000-000-000-000",1928
"915-560200-23700-00000-0000-0000-000-000-000-000-000-000",1923
"915-560200-61400-00000-0000-0000-000-000-000-000-000-000",1930
"910-758700-00000-00000-0000-0000-000-000-000-000-000-000",1095
"915-560200-75800-00000-0000-0000-000-000-000-000-000-000",1914
"915-742200-87800-00000-0000-0000-000-000-000-000-000-000",1948
"915-560000-69500-00000-0000-0000-000-000-000-000-000-000",1934
"915-560200-66500-00000-0000-0000-000-000-000-000-000-000",1931
"915-560000-82800-00000-0000-0000-000-000-000-000-000-000",1938
"915-742200-43300-00000-0000-0000-000-000-000-000-000-000",1951
"915-560200-06700-00000-0000-0000-000-000-000-000-000-000",1920
"915-560200-69000-00000-0000-0000-000-000-000-000-000-000",1932
"915-213000-87100-00000-0000-0000-000-000-000-000-000-000",1785
"915-213000-81200-00000-0000-0000-000-000-000-000-000-000",1784
"930-161600-00000-00000-0000-0000-000-000-000-000-000-000",1272
"930-589700-00000-00000-0000-0000-000-000-000-000-000-000",1398
"930-511600-00000-00000-0000-0000-000-000-000-000-000-000",1358
"900-119900-00000-00000-0000-0000-000-000-000-000-000-000",759
"900-109700-00200-00000-0000-0000-000-000-000-000-000-000",745
"920-395400-00000-00000-0000-0000-000-000-000-000-000-000",1191
"910-793700-00000-00000-0000-0000-000-000-000-000-000-000",1735
"400-016500-00000-00000-0000-0000-000-000-000-000-000-000",447
"400-184200-17000-00000-0000-0000-000-000-000-000-000-000",474
"400-137400-00000-00000-0000-0000-000-000-000-000-000-000",444
"400-113400-00000-00000-0000-0000-000-000-000-000-000-000",460
"460-081700-43900-00000-0000-0000-000-000-000-000-000-000",544
"400-128100-00000-00000-0000-0000-000-000-000-000-000-000",468
"430-067600-00000-00000-0000-0000-000-000-000-000-000-000",523
"400-016500-50000-00000-0000-0000-000-000-000-000-000-000",454
"400-016500-50000-00000-0000-0000-000-000-000-000-000-000",455
"400-093200-00000-00000-0000-0000-000-000-000-000-000-000",459
"910-673500-00000-00000-0000-0000-000-000-000-000-000-000",1050
"910-713300-00000-00000-0000-0000-000-000-000-000-000-000",1085
"910-556700-00000-00000-0000-0000-000-000-000-000-000-000",1026
"910-608300-00000-00000-0000-0000-000-000-000-000-000-000",1031
"915-482000-59900-00000-0000-0000-000-000-000-000-000-000",1823
"915-483500-83800-00000-0000-0000-000-000-000-000-000-000",1874
"915-483500-13200-00000-0000-0000-000-000-000-000-000-000",1877
"915-488300-92500-00000-0000-0000-000-000-000-000-000-000",1840
"915-483500-48600-00000-0000-0000-000-000-000-000-000-000",1885
"915-567300-16200-00000-0000-0000-000-000-000-000-000-000",1909
"910-673500-17000-00000-0000-0000-000-000-000-000-000-000",1057
"910-673500-19300-35800-0000-0000-000-000-000-000-000-000",1064
"910-554200-00000-00000-0000-0000-000-000-000-000-000-000",1024
"910-542400-00000-00000-0000-0000-000-000-000-000-000-000",1020
"915-483500-36000-00000-0000-0000-000-000-000-000-000-000",1884
"910-673500-45600-00000-0000-0000-000-000-000-000-000-000",1073
"915-538000-24300-00000-0000-0000-000-000-000-000-000-000",1895
"915-482000-75900-00000-0000-0000-000-000-000-000-000-000",1824
"910-724000-00000-00000-0000-0000-000-000-000-000-000-000",1088
"915-488300-13600-00000-0000-0000-000-000-000-000-000-000",1852
"915-483500-18300-00000-0000-0000-000-000-000-000-000-000",1879
"915-482000-50100-00000-0000-0000-000-000-000-000-000-000",1822
"915-488300-13800-00000-0000-0000-000-000-000-000-000-000",1853
"910-582400-00000-00000-0000-0000-000-000-000-000-000-000",1029
"915-488300-48000-00000-0000-0000-000-000-000-000-000-000",1865
"915-488300-02700-00000-0000-0000-000-000-000-000-000-000",1842
"915-470000-54500-00000-0000-0000-000-000-000-000-000-000",1817
"915-488300-16200-00000-0000-0000-000-000-000-000-000-000",1855
"910-713900-00000-00000-0000-0000-000-000-000-000-000-000",1086
"915-488300-01500-00000-0000-0000-000-000-000-000-000-000",1841
"910-673500-19300-21600-0000-0000-000-000-000-000-000-000",1063
"915-566500-58300-00000-0000-0000-000-000-000-000-000-000",1905
"915-488300-55100-00000-0000-0000-000-000-000-000-000-000",1866
"915-488300-11800-00000-0000-0000-000-000-000-000-000-000",1851
"915-483500-54100-00000-0000-0000-000-000-000-000-000-000",1886
"910-555800-00000-00000-0000-0000-000-000-000-000-000-000",1025
"915-483500-28300-00000-0000-0000-000-000-000-000-000-000",1881
"915-541700-04000-00000-0000-0000-000-000-000-000-000-000",1899
"915-488300-88700-00000-0000-0000-000-000-000-000-000-000",1839
"915-483500-62700-00500-0000-0000-000-000-000-000-000-000",1889
"910-538400-00000-00000-0000-0000-000-000-000-000-000-000",1019
"910-673500-60100-00000-0000-0000-000-000-000-000-000-000",1075
"915-488300-23300-00000-0000-0000-000-000-000-000-000-000",1857
"915-483500-57200-00000-0000-0000-000-000-000-000-000-000",1888
"915-488300-25100-00000-0000-0000-000-000-000-000-000-000",1858
"915-488300-30600-00000-0000-0000-000-000-000-000-000-000",1860
"910-618500-00000-00000-0000-0000-000-000-000-000-000-000",1033
"915-541700-29400-00000-0000-0000-000-000-000-000-000-000",1901
"915-541700-45000-00000-0000-0000-000-000-000-000-000-000",1903
"915-560200-95600-00000-0000-0000-000-000-000-000-000-000",1918
"915-488300-15800-00000-0000-0000-000-000-000-000-000-000",1854
"915-567300-75400-00000-0000-0000-000-000-000-000-000-000",1907
"910-627400-01800-00000-0000-0000-000-000-000-000-000-000",1035
"915-488300-43300-00000-0000-0000-000-000-000-000-000-000",1863
"910-670400-00000-00000-0000-0000-000-000-000-000-000-000",1046
"910-673500-19300-00000-0000-0000-000-000-000-000-000-000",1060
"910-649000-00000-00000-0000-0000-000-000-000-000-000-000",1040
"915-488300-70700-00000-0000-0000-000-000-000-000-000-000",1870
"910-550600-00000-00000-0000-0000-000-000-000-000-000-000",1023
"910-673500-03300-00000-0000-0000-000-000-000-000-000-000",1077
"910-564100-00000-00000-0000-0000-000-000-000-000-000-000",1027
"915-488300-46000-00000-0000-0000-000-000-000-000-000-000",1864
"915-488300-11100-00000-0000-0000-000-000-000-000-000-000",1850
"915-488300-64900-00000-0000-0000-000-000-000-000-000-000",1869
"915-567300-19100-00000-0000-0000-000-000-000-000-000-000",1910
"910-677700-00000-00000-0000-0000-000-000-000-000-000-000",1080
"915-541700-21300-00000-0000-0000-000-000-000-000-000-000",1900
"915-488300-03900-00000-0000-0000-000-000-000-000-000-000",1843
"915-488300-07700-00000-0000-0000-000-000-000-000-000-000",1844
"915-483500-62700-00000-0000-0000-000-000-000-000-000-000",1890
"910-632400-00000-00000-0000-0000-000-000-000-000-000-000",1036
"915-488300-18800-00000-0000-0000-000-000-000-000-000-000",1856
"915-488300-84200-00000-0000-0000-000-000-000-000-000-000",1838
"915-538000-17600-00000-0000-0000-000-000-000-000-000-000",1894
"910-673500-30400-00000-0000-0000-000-000-000-000-000-000",1071
"915-488300-56300-00000-0000-0000-000-000-000-000-000-000",1868
"915-560200-97200-00000-0000-0000-000-000-000-000-000-000",1919
"910-673500-41600-00000-0000-0000-000-000-000-000-000-000",1072
"915-483500-35000-00000-0000-0000-000-000-000-000-000-000",1882
"910-644700-00000-00000-0000-0000-000-000-000-000-000-000",1038
"915-541700-30600-00000-0000-0000-000-000-000-000-000-000",1902
"915-560200-93500-00000-0000-0000-000-000-000-000-000-000",1917
"910-661200-00000-00000-0000-0000-000-000-000-000-000-000",1045
"915-488300-09100-00000-0000-0000-000-000-000-000-000-000",1846
"915-483500-72100-00000-0000-0000-000-000-000-000-000-000",1873
"915-483500-97900-00000-0000-0000-000-000-000-000-000-000",1876
"915-488300-55800-02600-0000-0000-000-000-000-000-000-000",1867
"915-483500-15800-00000-0000-0000-000-000-000-000-000-000",1878
"915-483500-54600-00000-0000-0000-000-000-000-000-000-000",1887
"915-488300-72600-00000-0000-0000-000-000-000-000-000-000",1871
"915-567300-72300-00000-0000-0000-000-000-000-000-000-000",1906
"915-488300-38700-00000-0000-0000-000-000-000-000-000-000",1862
"915-488300-08400-00000-0000-0000-000-000-000-000-000-000",1845
"915-483500-63900-00000-0000-0000-000-000-000-000-000-000",1891
"915-483500-35100-00000-0000-0000-000-000-000-000-000-000",1883
"910-704200-00000-00000-0000-0000-000-000-000-000-000-000",1083
"915-483500-86200-00000-0000-0000-000-000-000-000-000-000",1875
"910-728100-00000-00000-0000-0000-000-000-000-000-000-000",1090
"915-541700-87800-00000-0000-0000-000-000-000-000-000-000",1897
"910-695400-00000-00000-0000-0000-000-000-000-000-000-000",1082
"910-565700-00000-00000-0000-0000-000-000-000-000-000-000",1028
"910-627400-00000-00000-0000-0000-000-000-000-000-000-000",1034
"910-545100-00000-00000-0000-0000-000-000-000-000-000-000",1021
"910-593300-00000-00000-0000-0000-000-000-000-000-000-000",1030
"910-721600-00000-00000-0000-0000-000-000-000-000-000-000",1087
"910-648400-00000-00000-0000-0000-000-000-000-000-000-000",1039
"915-488300-75400-00000-0000-0000-000-000-000-000-000-000",1872
"930-942600-00000-00000-0000-0000-000-000-000-000-000-000",1480
"930-828800-00000-00000-0000-0000-000-000-000-000-000-000",1442
"930-842200-00000-00000-0000-0000-000-000-000-000-000-000",1448
"930-538500-00000-00000-0000-0000-000-000-000-000-000-000",1369
"920-318200-00000-00000-0000-0000-000-000-000-000-000-000",1202
"930-461400-00000-00000-0000-0000-000-000-000-000-000-000",1348
"100-065700-09700-24800-0000-0000-000-000-000-000-000-000",74
"100-065700-09700-17700-0000-0000-000-000-000-000-000-000",71
"100-024500-11000-00000-0000-0000-000-000-000-000-000-000",9
"930-314400-00000-00000-0000-0000-000-000-000-000-000-000",1315
"950-010400-00000-00000-0000-0000-000-000-000-000-000-000",1579
"940-101700-00000-00000-0000-0000-000-000-000-000-000-000",1509
"950-126500-00000-00000-0000-0000-000-000-000-000-000-000",1601
"950-088700-00000-00000-0000-0000-000-000-000-000-000-000",1589
"950-974300-00000-00000-0000-0000-000-000-000-000-000-000",1683
"950-965953-00000-00000-0000-0000-000-000-000-000-000-000",1681
"950-964129-00000-00000-0000-0000-000-000-000-000-000-000",1680
"950-961834-00000-00000-0000-0000-000-000-000-000-000-000",1679
"950-176500-00000-00000-0000-0000-000-000-000-000-000-000",1606
"950-419300-38600-00000-0000-0000-000-000-000-000-000-000",1641
"950-292162-00000-00000-0000-0000-000-000-000-000-000-000",1620
"955-186000-64800-00000-0000-0000-000-000-000-000-000-000",1710
"950-316600-00000-00000-0000-0000-000-000-000-000-000-000",1626
"900-828000-00000-00000-0000-0000-000-000-000-000-000-000",893
"935-483000-37000-00000-0000-0000-000-000-000-000-000-000",1385
"930-220100-00000-00000-0000-0000-000-000-000-000-000-000",1285
"930-732300-00000-00000-0000-0000-000-000-000-000-000-000",1428
"900-097600-52600-00000-0000-0000-000-000-000-000-000-000",735
"900-097600-63100-00000-0000-0000-000-000-000-000-000-000",737
"900-865700-00000-00000-0000-0000-000-000-000-000-000-000",896
"900-875400-00000-00000-0000-0000-000-000-000-000-000-000",897
"900-233000-00000-00000-0000-0000-000-000-000-000-000-000",782
"900-272400-00000-00000-0000-0000-000-000-000-000-000-000",788
"900-097600-05100-26200-0000-0000-000-000-000-000-000-000",715
"900-097600-07500-00000-0000-0000-000-000-000-000-000-000",716
"900-097600-05100-08900-0000-0000-000-000-000-000-000-000",714
"900-097600-12900-00000-0000-0000-000-000-000-000-000-000",722
"900-097600-12900-00000-0000-0000-000-000-000-000-000-000",721
"100-065700-09700-00000-0000-0000-000-000-000-000-000-000",68
"100-065700-09700-07400-0000-0000-000-000-000-000-000-000",66
"100-065700-09700-45800-0000-0000-000-000-000-000-000-000",381
"100-054300-22200-00000-0000-0000-000-000-000-000-000-000",40
"900-309400-00000-00000-0000-0000-000-000-000-000-000-000",800
"930-514500-00000-00000-0000-0000-000-000-000-000-000-000",1363
"920-517300-00000-00000-0000-0000-000-000-000-000-000-000",1170
"920-524100-00000-00000-0000-0000-000-000-000-000-000-000",1168
"920-514800-00000-00000-0000-0000-000-000-000-000-000-000",1171
"920-545800-00000-00000-0000-0000-000-000-000-000-000-000",1164
"920-507861-00000-00000-0000-0000-000-000-000-000-000-000",1174
"920-510600-00000-00000-0000-0000-000-000-000-000-000-000",1172
"900-097600-12900-00000-0000-0000-000-000-000-000-000-000",719
"930-579900-00000-00000-0000-0000-000-000-000-000-000-000",1394
"935-302000-37600-00000-0000-0000-000-000-000-000-000-000",1323
"935-302000-14700-00000-0000-0000-000-000-000-000-000-000",1322
"930-426900-00000-00000-0000-0000-000-000-000-000-000-000",1343
"930-433800-00000-00000-0000-0000-000-000-000-000-000-000",1344
"930-782400-00000-00000-0000-0000-000-000-000-000-000-000",1433
"930-836600-00000-00000-0000-0000-000-000-000-000-000-000",1447
"900-147300-00000-00000-0000-0000-000-000-000-000-000-000",764
"900-126900-00000-00000-0000-0000-000-000-000-000-000-000",762
"900-822600-00000-00000-0000-0000-000-000-000-000-000-000",892
"900-681600-00000-00000-0000-0000-000-000-000-000-000-000",872
"900-715700-00000-00000-0000-0000-000-000-000-000-000-000",877
"900-692800-00000-00000-0000-0000-000-000-000-000-000-000",874
"900-712900-00000-00000-0000-0000-000-000-000-000-000-000",876
"905-535200-26900-00000-0000-0000-000-000-000-000-000-000",841
"905-534500-29800-00000-0000-0000-000-000-000-000-000-000",842
"900-730600-00000-00000-0000-0000-000-000-000-000-000-000",878
"940-768700-00000-00000-0000-0000-000-000-000-000-000-000",1563
"940-661700-00000-00000-0000-0000-000-000-000-000-000-000",1558
"940-665100-00000-00000-0000-0000-000-000-000-000-000-000",1559
"940-818300-00000-00000-0000-0000-000-000-000-000-000-000",1567
"940-851600-00000-00000-0000-0000-000-000-000-000-000-000",1568
"940-801200-00000-00000-0000-0000-000-000-000-000-000-000",1566
"940-974000-00000-00000-0000-0000-000-000-000-000-000-000",1575
"940-656500-00000-00000-0000-0000-000-000-000-000-000-000",1557
"100-058500-58400-00000-0000-0000-000-000-000-000-000-000",48
"100-062300-00000-00000-0000-0000-000-000-000-000-000-000",49
"100-058500-84700-00000-0000-0000-000-000-000-000-000-000",45
"905-661500-42200-00000-0000-0000-000-000-000-000-000-000",871
"900-654400-00000-00000-0000-0000-000-000-000-000-000-000",870
"100-020100-00000-00000-0000-0000-000-000-000-000-000-000",3
"100-041600-00000-00000-0000-0000-000-000-000-000-000-000",30
"100-037400-00000-00000-0000-0000-000-000-000-000-000-000",27
"955-081000-46700-00000-0000-0000-000-000-000-000-000-000",1697
"950-996400-00000-00000-0000-0000-000-000-000-000-000-000",1690
"950-281027-00000-00000-0000-0000-000-000-000-000-000-000",1616
"950-341100-22500-00000-0000-0000-000-000-000-000-000-000",1631
"940-100400-00000-00000-0000-0000-000-000-000-000-000-000",1507
"955-404700-51400-00000-0000-0000-000-000-000-000-000-000",1724
"940-103900-00000-00000-0000-0000-000-000-000-000-000-000",1511
"950-329000-00000-00000-0000-0000-000-000-000-000-000-000",1628
"950-249900-00000-00000-0000-0000-000-000-000-000-000-000",1609
"950-251800-00000-00000-0000-0000-000-000-000-000-000-000",1610
"950-351100-00000-00000-0000-0000-000-000-000-000-000-000",1632
"940-130000-00000-00000-0000-0000-000-000-000-000-000-000",1519
"940-125899-00000-00000-0000-0000-000-000-000-000-000-000",1518
"950-300400-00000-00000-0000-0000-000-000-000-000-000-000",1622
"950-300100-00000-00000-0000-0000-000-000-000-000-000-000",1621
"950-334209-00000-00000-0000-0000-000-000-000-000-000-000",1630
"950-403743-00000-00000-0000-0000-000-000-000-000-000-000",1639
"955-186000-71000-00000-0000-0000-000-000-000-000-000-000",1711
"950-203500-00000-00000-0000-0000-000-000-000-000-000-000",1607
"950-384000-45600-00000-0000-0000-000-000-000-000-000-000",1637
"940-124300-00000-00000-0000-0000-000-000-000-000-000-000",1517
"940-123500-00000-00000-0000-0000-000-000-000-000-000-000",1516
"950-086500-00000-00000-0000-0000-000-000-000-000-000-000",1588
"955-186000-74400-00000-0000-0000-000-000-000-000-000-000",1712
"950-110600-00000-00000-0000-0000-000-000-000-000-000-000",1596
"900-910400-00000-00000-0000-0000-000-000-000-000-000-000",901
"900-904100-00000-00000-0000-0000-000-000-000-000-000-000",900
"930-925900-00000-00000-0000-0000-000-000-000-000-000-000",1475
"930-885900-00000-00000-0000-0000-000-000-000-000-000-000",1463
"930-780600-00000-00000-0000-0000-000-000-000-000-000-000",1432
"930-871100-00000-00000-0000-0000-000-000-000-000-000-000",1457
"900-973100-00000-00000-0000-0000-000-000-000-000-000-000",909
"920-782100-00000-00000-0000-0000-000-000-000-000-000-000",1117
"920-900500-00000-00000-0000-0000-000-000-000-000-000-000",1105
"930-918300-00000-00000-0000-0000-000-000-000-000-000-000",1474
"900-608900-00000-00000-0000-0000-000-000-000-000-000-000",853
"100-065700-09700-56100-0000-0000-000-000-000-000-000-000",80
"900-332400-00000-00000-0000-0000-000-000-000-000-000-000",803
"900-303400-00000-00000-0000-0000-000-000-000-000-000-000",799
"930-917300-00000-00000-0000-0000-000-000-000-000-000-000",1473
"930-654500-00000-00000-0000-0000-000-000-000-000-000-000",1411
"900-349300-24400-00000-0000-0000-000-000-000-000-000-000",810
"900-277000-00000-00000-0000-0000-000-000-000-000-000-000",790
"900-357900-00000-00000-0000-0000-000-000-000-000-000-000",813
"905-328500-31600-00000-0000-0000-000-000-000-000-000-000",805
"905-323000-91300-00000-0000-0000-000-000-000-000-000-000",806
"100-026700-06000-17300-0000-0000-000-000-000-000-000-000",17
"930-776900-00000-00000-0000-0000-000-000-000-000-000-000",1431
"900-975900-00000-00000-0000-0000-000-000-000-000-000-000",910
"100-038800-00000-00000-0000-0000-000-000-000-000-000-000",28
"930-722200-00000-00000-0000-0000-000-000-000-000-000-000",1426
"930-747000-00000-00000-0000-0000-000-000-000-000-000-000",1430
"100-024500-11000-31000-0000-0000-000-000-000-000-000-000",10
"100-058500-34300-00000-0000-0000-000-000-000-000-000-000",42
"100-125600-00000-00000-0000-0000-000-000-000-000-000-000",120
"",117
"100-058500-84000-00000-0000-0000-000-000-000-000-000-000",44
"100-101900-79200-00000-0000-0000-000-000-000-000-000-000",108
"100-101800-00000-00000-0000-0000-000-000-000-000-000-000",106
"930-862200-00000-00000-0000-0000-000-000-000-000-000-000",1454
"100-026700-07200-97700-0000-0000-000-000-000-000-000-000",18
"110-036900-00000-00000-0000-0000-000-000-000-000-000-000",180
"100-058500-84000-13000-0000-0000-000-000-000-000-000-000",46
"100-058500-46900-00000-0000-0000-000-000-000-000-000-000",43
"910-679500-00000-00000-0000-0000-000-000-000-000-000-000",1081
"910-533000-00000-00000-0000-0000-000-000-000-000-000-000",1018
"915-566500-08500-00000-0000-0000-000-000-000-000-000-000",1904
"910-550500-00000-00000-0000-0000-000-000-000-000-000-000",1022
"910-637900-00000-00000-0000-0000-000-000-000-000-000-000",1037
"910-650400-00000-00000-0000-0000-000-000-000-000-000-000",1041
"915-560000-62900-00000-0000-0000-000-000-000-000-000-000",1933
"915-560000-80400-00000-0000-0000-000-000-000-000-000-000",1937
"915-742200-32600-00000-0000-0000-000-000-000-000-000-000",1950
"910-769900-00000-00000-0000-0000-000-000-000-000-000-000",1098
"915-742200-93300-00000-0000-0000-000-000-000-000-000-000",1949
"910-748900-00000-00000-0000-0000-000-000-000-000-000-000",1093
"915-560200-34300-00000-0000-0000-000-000-000-000-000-000",1925
"915-560200-39100-00000-0000-0000-000-000-000-000-000-000",1926
"100-065700-09700-61900-0000-0000-000-000-000-000-000-000",83
"915-538500-19600-00000-0000-0000-000-000-000-000-000-000",1893
"910-659800-00000-00000-0000-0000-000-000-000-000-000-000",1044
"915-233500-13600-00000-0000-0000-000-000-000-000-000-000",1803
"910-503100-00000-00000-0000-0000-000-000-000-000-000-000",1012
"910-519700-00000-00000-0000-0000-000-000-000-000-000-000",1016
"915-486500-30600-00000-0000-0000-000-000-000-000-000-000",1832
"915-477000-57700-00000-0000-0000-000-000-000-000-000-000",1816
"",995
"915-488000-87500-00000-0000-0000-000-000-000-000-000-000",1834
"910-524600-00000-00000-0000-0000-000-000-000-000-000-000",1017
"910-448100-00000-00000-0000-0000-000-000-000-000-000-000",998
"910-385700-00000-00000-0000-0000-000-000-000-000-000-000",989
"",1791
"915-233500-67300-00000-0000-0000-000-000-000-000-000-000",1807
"915-488000-34300-00000-0000-0000-000-000-000-000-000-000",1836
"910-433100-00000-00000-0000-0000-000-000-000-000-000-000",996
"910-379500-00000-00000-0000-0000-000-000-000-000-000-000",987
"915-381700-16900-00000-0000-0000-000-000-000-000-000-000",1814
"910-487400-00000-00000-0000-0000-000-000-000-000-000-000",1008
"915-488000-78700-00000-0000-0000-000-000-000-000-000-000",1833
"915-230500-47800-00000-0000-0000-000-000-000-000-000-000",1800
"910-500000-00000-00000-0000-0000-000-000-000-000-000-000",1010
"915-213000-15200-00000-0000-0000-000-000-000-000-000-000",1788
"915-482000-87400-00000-0000-0000-000-000-000-000-000-000",1820
"910-508100-00000-00000-0000-0000-000-000-000-000-000-000",1013
"915-230500-54600-00000-0000-0000-000-000-000-000-000-000",1801
"915-228000-66800-00000-0000-0000-000-000-000-000-000-000",1808
"915-381700-84400-00000-0000-0000-000-000-000-000-000-000",1813
"915-486500-05300-00000-0000-0000-000-000-000-000-000-000",1829
"910-498900-00000-00000-0000-0000-000-000-000-000-000-000",1009
"910-400500-00000-00000-0000-0000-000-000-000-000-000-000",992
"915-486500-06800-00000-0000-0000-000-000-000-000-000-000",1830
"915-228000-69600-00000-0000-0000-000-000-000-000-000-000",1809
"910-514200-00000-00000-0000-0000-000-000-000-000-000-000",1015
"910-481400-21000-00000-0000-0000-000-000-000-000-000-000",1006
"910-450900-00000-00000-0000-0000-000-000-000-000-000-000",999
"910-513400-00000-00000-0000-0000-000-000-000-000-000-000",1014
"910-400700-00000-00000-0000-0000-000-000-000-000-000-000",993
"930-129400-00000-00000-0000-0000-000-000-000-000-000-000",1258
"910-654500-00000-00000-0000-0000-000-000-000-000-000-000",1042
"910-659200-00000-00000-0000-0000-000-000-000-000-000-000",1043
"915-567300-78100-00000-0000-0000-000-000-000-000-000-000",1908
"910-673500-11700-00000-0000-0000-000-000-000-000-000-000",1054
"910-673500-28200-00000-0000-0000-000-000-000-000-000-000",1068
"915-483500-19900-00000-0000-0000-000-000-000-000-000-000",1880
"910-727100-00000-00000-0000-0000-000-000-000-000-000-000",1089
"915-488300-31300-00000-0000-0000-000-000-000-000-000-000",1861
"910-711600-00000-00000-0000-0000-000-000-000-000-000-000",1084
"915-541700-96900-00000-0000-0000-000-000-000-000-000-000",1898
"910-673500-22900-00000-0000-0000-000-000-000-000-000-000",1067
"915-488300-10400-00000-0000-0000-000-000-000-000-000-000",1848
"905-074000-76000-16300-0000-0000-000-000-000-000-000-000",703
"900-066900-00000-00000-0000-0000-000-000-000-000-000-000",693
"100-043700-00000-00000-0000-0000-000-000-000-000-000-000",31
"100-064000-00000-00000-0000-0000-000-000-000-000-000-000",51
"100-058500-84700-23400-0000-0000-000-000-000-000-000-000",47
"900-492600-00000-00000-0000-0000-000-000-000-000-000-000",832
"900-501200-00000-00000-0000-0000-000-000-000-000-000-000",833
"900-477600-00000-00000-0000-0000-000-000-000-000-000-000",831
"900-471200-00000-00000-0000-0000-000-000-000-000-000-000",829
"100-141400-00000-00000-0000-0000-000-000-000-000-000-000",123
"100-024500-34800-00000-0000-0000-000-000-000-000-000-000",12
"920-538600-00000-00000-0000-0000-000-000-000-000-000-000",1165
"920-527600-00000-00000-0000-0000-000-000-000-000-000-000",1166
"920-507861-09136-00000-0000-0000-000-000-000-000-000-000",1175
"930-951900-00000-00000-0000-0000-000-000-000-000-000-000",1485
"930-984200-00000-00000-0000-0000-000-000-000-000-000-000",1490
"",825
"900-461200-00000-00000-0000-0000-000-000-000-000-000-000",827
"905-079000-21000-00000-0000-0000-000-000-000-000-000-000",750
"900-685800-00000-00000-0000-0000-000-000-000-000-000-000",873
"920-758000-00000-00000-0000-0000-000-000-000-000-000-000",1119
"920-896200-00000-00000-0000-0000-000-000-000-000-000-000",1106
"920-825900-00000-00000-0000-0000-000-000-000-000-000-000",1112
"905-557500-33700-00000-0000-0000-000-000-000-000-000-000",867
"900-349300-03300-00000-0000-0000-000-000-000-000-000-000",809
"930-835300-00000-00000-0000-0000-000-000-000-000-000-000",1446
"900-097600-51900-00000-0000-0000-000-000-000-000-000-000",733
"",732
"900-391500-00000-00000-0000-0000-000-000-000-000-000-000",816
"900-471200-00800-00000-0000-0000-000-000-000-000-000-000",830
"",1143
"905-331000-17700-00000-0000-0000-000-000-000-000-000-000",413
"930-798500-00000-00000-0000-0000-000-000-000-000-000-000",1436
"900-953200-00000-00000-0000-0000-000-000-000-000-000-000",907
"900-807400-00000-00000-0000-0000-000-000-000-000-000-000",891
"100-064000-91100-00000-0000-0000-000-000-000-000-000-000",53
"930-118300-00000-00000-0000-0000-000-000-000-000-000-000",1256
"930-673300-00000-00000-0000-0000-000-000-000-000-000-000",1414
"900-333800-00000-00000-0000-0000-000-000-000-000-000-000",804
"900-156200-00000-00000-0000-0000-000-000-000-000-000-000",767
"100-071800-00000-00000-0000-0000-000-000-000-000-000-000",89
"110-588000-00000-00000-0000-0000-000-000-000-000-000-000",191
"905-145000-81800-00000-0000-0000-000-000-000-000-000-000",789
"900-210100-00000-00000-0000-0000-000-000-000-000-000-000",778
"900-278100-00000-00000-0000-0000-000-000-000-000-000-000",792
"110-000000-00000-00000-0000-0000-000-000-000-000-000-000",179
"100-065700-09700-21000-0000-0000-000-000-000-000-000-000",72
"110-259000-00000-00000-0000-0000-000-000-000-000-000-000",188
"100-047100-09100-00000-0000-0000-000-000-000-000-000-000",184
"110-149200-85400-00000-0000-0000-000-000-000-000-000-000",183
"100-115400-03100-00000-0000-0000-000-000-000-000-000-000",113
"",115
"",116
"100-115400-00000-00000-0000-0000-000-000-000-000-000-000",112
"100-024500-00000-00000-0000-0000-000-000-000-000-000-000",8
"930-355300-00000-00000-0000-0000-000-000-000-000-000-000",1327
"930-260600-00000-00000-0000-0000-000-000-000-000-000-000",1299
"920-506700-00000-00000-0000-0000-000-000-000-000-000-000",1176
"",1169
"",802
"935-483000-57000-00000-0000-0000-000-000-000-000-000-000",1388
"900-878100-00000-00000-0000-0000-000-000-000-000-000-000",899
"930-345500-00000-00000-0000-0000-000-000-000-000-000-000",1318
"905-291000-62900-00000-0000-0000-000-000-000-000-000-000",1131
"905-377500-22800-00000-0000-0000-000-000-000-000-000-000",1127
"905-377500-36200-00000-0000-0000-000-000-000-000-000-000",1128
"905-291000-82400-00000-0000-0000-000-000-000-000-000-000",1133
"905-323500-09100-00000-0000-0000-000-000-000-000-000-000",1129
"900-097600-00000-00000-0000-0000-000-000-000-000-000-000",729
"920-507900-00000-00000-0000-0000-000-000-000-000-000-000",1173
"930-730300-00000-00000-0000-0000-000-000-000-000-000-000",1427
"920-470700-00000-00000-0000-0000-000-000-000-000-000-000",1183
"920-494300-00000-00000-0000-0000-000-000-000-000-000-000",1178
"920-646600-00000-00000-0000-0000-000-000-000-000-000-000",1139
"920-643100-00000-00000-0000-0000-000-000-000-000-000-000",1140
"905-291000-35900-00000-0000-0000-000-000-000-000-000-000",1136
"905-291000-41400-00000-0000-0000-000-000-000-000-000-000",1137
"905-291000-51300-00000-0000-0000-000-000-000-000-000-000",1138
"900-277700-00000-00000-0000-0000-000-000-000-000-000-000",791
"900-189200-00000-00000-0000-0000-000-000-000-000-000-000",775
"900-948000-00000-00000-0000-0000-000-000-000-000-000-000",905
"900-097600-48600-00000-0000-0000-000-000-000-000-000-000",734
"900-097600-12900-00000-0000-0000-000-000-000-000-000-000",725
"900-406500-00000-00000-0000-0000-000-000-000-000-000-000",818
"900-404100-00000-00000-0000-0000-000-000-000-000-000-000",817
"",403
"900-162600-00000-00000-0000-0000-000-000-000-000-000-000",768
"930-582200-00000-00000-0000-0000-000-000-000-000-000-000",1397
"100-083600-00000-00000-0000-0000-000-000-000-000-000-000",101
"",102
"100-070200-00000-00000-0000-0000-000-000-000-000-000-000",57
"100-072000-00000-00000-0000-0000-000-000-000-000-000-000",58
"930-691300-00000-00000-0000-0000-000-000-000-000-000-000",1419
"930-692100-00000-00000-0000-0000-000-000-000-000-000-000",1421
"",100
"900-510300-00000-00000-0000-0000-000-000-000-000-000-000",834
"900-631200-00000-00000-0000-0000-000-000-000-000-000-000",859
"900-618900-00000-00000-0000-0000-000-000-000-000-000-000",856
"900-524300-00000-00000-0000-0000-000-000-000-000-000-000",837
"900-521100-00000-00000-0000-0000-000-000-000-000-000-000",836
"905-379500-85700-00000-0000-0000-000-000-000-000-000-000",822
"900-441500-00000-00000-0000-0000-000-000-000-000-000-000",821
"900-368900-00000-00000-0000-0000-000-000-000-000-000-000",815
"905-381000-79000-00000-0000-0000-000-000-000-000-000-000",823
"930-230500-00000-00000-0000-0000-000-000-000-000-000-000",1288
"100-130700-00000-00000-0000-0000-000-000-000-000-000-000",122
"100-026700-19300-00000-0000-0000-000-000-000-000-000-000",21
"",369
"100-026700-06000-00000-0000-0000-000-000-000-000-000-000",14
"100-199200-00000-00000-0000-0000-000-000-000-000-000-000",127
"930-947100-00000-00000-0000-0000-000-000-000-000-000-000",1483
"100-047100-00000-00000-0000-0000-000-000-000-000-000-000",34
"930-403700-00000-00000-0000-0000-000-000-000-000-000-000",1336
"",1321
"930-054700-00000-00000-0000-0000-000-000-000-000-000-000",1238
"930-022546-00000-00000-0000-0000-000-000-000-000-000-000",1220
"930-449900-00000-00000-0000-0000-000-000-000-000-000-000",1345
"920-389300-00000-00000-0000-0000-000-000-000-000-000-000",1192
"935-483000-59300-00000-0000-0000-000-000-000-000-000-000",1390
"400-157500-00000-00000-0000-0000-000-000-000-000-000-000",470
"910-801300-00000-00000-0000-0000-000-000-000-000-000-000",1737
"400-000000-00000-00000-0000-0000-000-000-000-000-000-000",443
"400-113400-44800-00000-0000-0000-000-000-000-000-000-000",464
"470-155700-00000-00000-0000-0000-000-000-000-000-000-000",569
"400-160900-00000-00000-0000-0000-000-000-000-000-000-000",471
"470-544600-00000-00000-0000-0000-000-000-000-000-000-000",581
"930-548100-00000-00000-0000-0000-000-000-000-000-000-000",1372
"910-463800-00000-00000-0000-0000-000-000-000-000-000-000",1001
"910-479300-00000-00000-0000-0000-000-000-000-000-000-000",1005
"910-470600-00000-00000-0000-0000-000-000-000-000-000-000",1002
"910-381300-00000-00000-0000-0000-000-000-000-000-000-000",988
"915-486500-18900-00000-0000-0000-000-000-000-000-000-000",1831
"915-213000-06400-00000-0000-0000-000-000-000-000-000-000",1786
"910-477600-00000-00000-0000-0000-000-000-000-000-000-000",1004
"915-488000-41400-00000-0000-0000-000-000-000-000-000-000",1837
"910-500200-00000-00000-0000-0000-000-000-000-000-000-000",1011
"915-486500-69200-00000-0000-0000-000-000-000-000-000-000",1825
"915-477000-76100-00000-0000-0000-000-000-000-000-000-000",1815
"910-397200-00000-00000-0000-0000-000-000-000-000-000-000",991
"910-483900-00000-00000-0000-0000-000-000-000-000-000-000",1007
"940-101200-00000-00000-0000-0000-000-000-000-000-000-000",1508
"950-164000-00000-00000-0000-0000-000-000-000-000-000-000",1603
"955-404700-79900-00000-0000-0000-000-000-000-000-000-000",1726
"430-000000-00000-00000-0000-0000-000-000-000-000-000-000",521
"400-231800-00000-00000-0000-0000-000-000-000-000-000-000",477
"905-323500-32300-00000-0000-0000-000-000-000-000-000-000",1130
"920-686300-00000-00000-0000-0000-000-000-000-000-000-000",1124
"100-065700-09700-34700-0000-0000-000-000-000-000-000-000",75
"920-810900-00000-00000-0000-0000-000-000-000-000-000-000",1115
"930-708600-00000-00000-0000-0000-000-000-000-000-000-000",1424
"905-292500-81200-00000-0000-0000-000-000-000-000-000-000",801
"100-158000-00000-00000-0000-0000-000-000-000-000-000-000",124
"900-056000-00000-00000-0000-0000-000-000-000-000-000-000",688
"930-870600-00000-00000-0000-0000-000-000-000-000-000-000",1456
"110-149200-85400-35600-0000-0000-000-000-000-000-000-000",185
"110-599000-00000-00000-0000-0000-000-000-000-000-000-000",192
"100-102000-00000-00000-0000-0000-000-000-000-000-000-000",107
"900-849500-00000-00000-0000-0000-000-000-000-000-000-000",895
"100-065900-00000-00000-0000-0000-000-000-000-000-000-000",55
"100-064000-60350-00000-0000-0000-000-000-000-000-000-000",52
"930-236300-00000-00000-0000-0000-000-000-000-000-000-000",1293
"400-114500-00000-00000-0000-0000-000-000-000-000-000-000",462
"400-036100-00000-00000-0000-0000-000-000-000-000-000-000",456
"400-016500-24200-00000-0000-0000-000-000-000-000-000-000",450
"470-038200-00000-00000-0000-0000-000-000-000-000-000-000",567
"400-137400-00000-00000-0000-0000-000-000-000-000-000-000",469
"930-029800-00000-00000-0000-0000-000-000-000-000-000-000",1225
"930-300800-00000-00000-0000-0000-000-000-000-000-000-000",1302
"930-200400-00000-00000-0000-0000-000-000-000-000-000-000",1280
"915-560200-24900-00000-0000-0000-000-000-000-000-000-000",1924
"915-560000-20600-00000-0000-0000-000-000-000-000-000-000",1941
"910-846300-00000-00000-0000-0000-000-000-000-000-000-000",1748
"920-211900-00000-00000-0000-0000-000-000-000-000-000-000",1211
"920-140700-00000-00000-0000-0000-000-000-000-000-000-000",1215
"915-823500-63400-00000-0000-0000-000-000-000-000-000-000",1742
"910-828500-00000-00000-0000-0000-000-000-000-000-000-000",1744
"915-876300-09400-00000-0000-0000-000-000-000-000-000-000",1772
"915-876300-63200-00000-0000-0000-000-000-000-000-000-000",1773
"935-483000-37200-00000-0000-0000-000-000-000-000-000-000",1386
"930-540600-00000-00000-0000-0000-000-000-000-000-000-000",1371
"920-321500-00000-00000-0000-0000-000-000-000-000-000-000",1201
"920-384400-11200-05600-0000-0000-000-000-000-000-000-000",373
"920-325000-00000-00000-0000-0000-000-000-000-000-000-000",1200
"910-396000-00000-00000-0000-0000-000-000-000-000-000-000",990
"915-213000-28300-00000-0000-0000-000-000-000-000-000-000",1789
"915-486500-72000-00000-0000-0000-000-000-000-000-000-000",1827
"910-441000-00000-00000-0000-0000-000-000-000-000-000-000",997
"915-233500-34000-00000-0000-0000-000-000-000-000-000-000",1804
"915-228000-76500-00000-0000-0000-000-000-000-000-000-000",1810
"915-233300-36400-00000-0000-0000-000-000-000-000-000-000",1812
"910-459700-00000-00000-0000-0000-000-000-000-000-000-000",1000
"100-065700-09700-38000-0000-0000-000-000-000-000-000-000",77
"910-130900-00000-00000-0000-0000-000-000-000-000-000-000",947
"910-107400-00000-00000-0000-0000-000-000-000-000-000-000",929
"910-150900-00000-00000-0000-0000-000-000-000-000-000-000",953
"910-146000-00000-00000-0000-0000-000-000-000-000-000-000",952
"910-128500-00000-00000-0000-0000-000-000-000-000-000-000",934
"910-128800-00000-00000-0000-0000-000-000-000-000-000-000",935
"910-110700-00000-00000-0000-0000-000-000-000-000-000-000",930
"910-128800-39700-00000-0000-0000-000-000-000-000-000-000",939
"910-168500-00000-00000-0000-0000-000-000-000-000-000-000",955
"910-130900-04100-00000-0000-0000-000-000-000-000-000-000",948
"910-128800-23700-00000-0000-0000-000-000-000-000-000-000",938
"910-107200-00000-00000-0000-0000-000-000-000-000-000-000",928
"910-118900-00000-00000-0000-0000-000-000-000-000-000-000",931
"910-128800-60200-01500-0000-0000-000-000-000-000-000-000",941
"910-128800-99500-03400-0000-0000-000-000-000-000-000-000",945
"910-128800-22600-00000-0000-0000-000-000-000-000-000-000",937
"910-091400-00000-00000-0000-0000-000-000-000-000-000-000",926
"910-128800-63100-00000-0000-0000-000-000-000-000-000-000",942
"950-706200-00000-00000-0000-0000-000-000-000-000-000-000",1651
"950-811600-00000-00000-0000-0000-000-000-000-000-000-000",1660
"940-403100-00000-00000-0000-0000-000-000-000-000-000-000",1546
"950-956400-00000-00000-0000-0000-000-000-000-000-000-000",1678
"955-951000-01669-00000-0000-0000-000-000-000-000-000-000",1676
"950-945103-00000-00000-0000-0000-000-000-000-000-000-000",1675
"940-458900-00000-00000-0000-0000-000-000-000-000-000-000",1551
"910-281600-00000-00000-0000-0000-000-000-000-000-000-000",967
"910-351200-12100-00000-0000-0000-000-000-000-000-000-000",983
"910-273700-00000-00000-0000-0000-000-000-000-000-000-000",964
"940-181900-00000-00000-0000-0000-000-000-000-000-000-000",1526
"940-191300-00000-00000-0000-0000-000-000-000-000-000-000",1527
"950-722700-00000-00000-0000-0000-000-000-000-000-000-000",1655
"950-692400-00000-00000-0000-0000-000-000-000-000-000-000",1650
"950-689000-00000-00000-0000-0000-000-000-000-000-000-000",1649
"950-485233-00000-00000-0000-0000-000-000-000-000-000-000",1646
"950-719300-00000-00000-0000-0000-000-000-000-000-000-000",1654
"950-851900-00000-00000-0000-0000-000-000-000-000-000-000",1663
"950-882800-00000-00000-0000-0000-000-000-000-000-000-000",1669
"940-447100-00000-00000-0000-0000-000-000-000-000-000-000",1549
"950-899300-00000-00000-0000-0000-000-000-000-000-000-000",1670
"940-264700-00000-00000-0000-0000-000-000-000-000-000-000",1531
"950-794000-00000-00000-0000-0000-000-000-000-000-000-000",1659
"950-786400-00000-00000-0000-0000-000-000-000-000-000-000",1658
"950-439500-18200-00000-0000-0000-000-000-000-000-000-000",1642
"950-430500-00000-00000-0000-0000-000-000-000-000-000-000",1643
"940-448400-00000-00000-0000-0000-000-000-000-000-000-000",1550
"940-440100-00000-00000-0000-0000-000-000-000-000-000-000",1548
"950-852200-00000-00000-0000-0000-000-000-000-000-000-000",1664
"950-861908-00000-00000-0000-0000-000-000-000-000-000-000",1665
"940-425240-00000-00000-0000-0000-000-000-000-000-000-000",1547
"940-158327-00000-00000-0000-0000-000-000-000-000-000-000",1523
"940-161700-00000-00000-0000-0000-000-000-000-000-000-000",1524
"950-877000-00000-00000-0000-0000-000-000-000-000-000-000",1668
"950-875100-00000-00000-0000-0000-000-000-000-000-000-000",1667
"950-872100-00000-00000-0000-0000-000-000-000-000-000-000",1666
"940-503500-00000-00000-0000-0000-000-000-000-000-000-000",1554
"940-376600-00000-00000-0000-0000-000-000-000-000-000-000",1545
"950-901300-00000-00000-0000-0000-000-000-000-000-000-000",1671
"950-478044-00000-00000-0000-0000-000-000-000-000-000-000",1644
"950-481684-00000-00000-0000-0000-000-000-000-000-000-000",1645
"940-502200-00000-00000-0000-0000-000-000-000-000-000-000",1553
"940-351500-00000-00000-0000-0000-000-000-000-000-000-000",1544
"940-348300-00000-00000-0000-0000-000-000-000-000-000-000",1543
"950-734400-00000-00000-0000-0000-000-000-000-000-000-000",1656
"940-167100-00000-00000-0000-0000-000-000-000-000-000-000",1525
"950-952000-00000-00000-0000-0000-000-000-000-000-000-000",1677
"950-915700-00000-00000-0000-0000-000-000-000-000-000-000",1673
"950-715325-00000-00000-0000-0000-000-000-000-000-000-000",1653
"950-708500-00000-00000-0000-0000-000-000-000-000-000-000",1652
"950-943953-00000-00000-0000-0000-000-000-000-000-000-000",1674
"940-251500-00000-00000-0000-0000-000-000-000-000-000-000",1529
"940-312100-00000-00000-0000-0000-000-000-000-000-000-000",1534
"940-499200-00000-00000-0000-0000-000-000-000-000-000-000",1552
"950-838500-00000-00000-0000-0000-000-000-000-000-000-000",1661
"950-559700-00000-00000-0000-0000-000-000-000-000-000-000",1648
"940-331100-00000-00000-0000-0000-000-000-000-000-000-000",1541
"940-313900-00000-00000-0000-0000-000-000-000-000-000-000",1535
"940-318000-00000-00000-0000-0000-000-000-000-000-000-000",1537
"940-320500-00000-00000-0000-0000-000-000-000-000-000-000",1539
"940-318700-00000-00000-0000-0000-000-000-000-000-000-000",1538
"950-553800-00000-00000-0000-0000-000-000-000-000-000-000",1647
"910-041700-00000-00000-0000-0000-000-000-000-000-000-000",918
"910-012400-00000-00000-0000-0000-000-000-000-000-000-000",913
"910-038700-00000-00000-0000-0000-000-000-000-000-000-000",917
"910-041700-00000-00000-0000-0000-000-000-000-000-000-000",372
"910-983400-00000-00000-0000-0000-000-000-000-000-000-000",1775
"930-491500-00000-00000-0000-0000-000-000-000-000-000-000",1352
"100-065700-09700-00000-0000-0000-000-000-000-000-000-000",64
"920-298700-00000-00000-0000-0000-000-000-000-000-000-000",1205
"930-233800-00000-00000-0000-0000-000-000-000-000-000-000",1290
"930-124200-00000-00000-0000-0000-000-000-000-000-000-000",1257
"930-071700-00000-00000-0000-0000-000-000-000-000-000-000",1242
"930-071700-25700-00000-0000-0000-000-000-000-000-000-000",1246
"100-223700-00000-00000-0000-0000-000-000-000-000-000-000",128
"100-065700-09700-57500-0000-0000-000-000-000-000-000-000",81
"",361
"910-141200-09800-00000-0000-0000-000-000-000-000-000-000",950
"910-141200-09800-04300-0000-0000-000-000-000-000-000-000",951
"920-303500-00000-00000-0000-0000-000-000-000-000-000-000",1204
"",1198
"950-746200-00000-00000-0000-0000-000-000-000-000-000-000",1657
"940-316300-00000-00000-0000-0000-000-000-000-000-000-000",1536
"920-384400-00000-00000-0000-0000-000-000-000-000-000-000",1194
"930-020300-00000-00000-0000-0000-000-000-000-000-000-000",1219
"930-030300-00000-00000-0000-0000-000-000-000-000-000-000",1226
"470-000000-00000-00000-0000-0000-000-000-000-000-000-000",566
"450-000000-00000-00000-0000-0000-000-000-000-000-000-000",537
"400-364900-00000-00000-0000-0000-000-000-000-000-000-000",488
"410-000000-00000-00000-0000-0000-000-000-000-000-000-000",504
"400-016500-34600-00000-0000-0000-000-000-000-000-000-000",451
"910-258600-00000-00000-0000-0000-000-000-000-000-000-000",963
"500-002500-00000-00000-0000-0000-000-000-000-000-000-000",630
"930-927400-00000-00000-0000-0000-000-000-000-000-000-000",1476
"400-157500-00000-00000-0000-0000-000-000-000-000-000-000",445
"400-016500-39800-00000-0000-0000-000-000-000-000-000-000",453
"400-184200-00000-00000-0000-0000-000-000-000-000-000-000",473
"100-065700-09700-07400-6150-0000-000-000-000-000-000-000",67
"930-952400-00000-00000-0000-0000-000-000-000-000-000-000",1486
"910-336200-00000-00000-0000-0000-000-000-000-000-000-000",979
"910-361300-00000-00000-0000-0000-000-000-000-000-000-000",984
"910-213700-00000-00000-0000-0000-000-000-000-000-000-000",958
"915-233400-17200-00000-0000-0000-000-000-000-000-000-000",1811
"915-233500-50100-00000-0000-0000-000-000-000-000-000-000",1806
"915-488000-14600-00000-0000-0000-000-000-000-000-000-000",1835
"910-471700-00000-00000-0000-0000-000-000-000-000-000-000",1003
"119-000000-00000-00000-0000-0000-000-000-000-000-000-000",177
"930-236100-00000-00000-0000-0000-000-000-000-000-000-000",1292
"930-896100-00000-00000-0000-0000-000-000-000-000-000-000",1467
"910-673500-19300-63900-0000-0000-000-000-000-000-000-000",1065
"910-319700-00000-00000-0000-0000-000-000-000-000-000-000",976
"915-226500-90900-00000-0000-0000-000-000-000-000-000-000",1792
"915-226500-54300-00000-0000-0000-000-000-000-000-000-000",1799
"935-110500-38900-00000-0000-0000-000-000-000-000-000-000",1275
"930-230500-03800-00000-0000-0000-000-000-000-000-000-000",1289
"930-150800-00000-00000-0000-0000-000-000-000-000-000-000",1270
"400-113400-62100-00000-0000-0000-000-000-000-000-000-000",465
"400-016500-22000-00000-0000-0000-000-000-000-000-000-000",449
"910-807900-00000-00000-0000-0000-000-000-000-000-000-000",1738
"940-516500-00000-00000-0000-0000-000-000-000-000-000-000",1555
"940-262317-00000-00000-0000-0000-000-000-000-000-000-000",1530
"920-427000-00000-00000-0000-0000-000-000-000-000-000-000",1187
"920-419700-00000-00000-0000-0000-000-000-000-000-000-000",1188
"920-427200-00000-00000-0000-0000-000-000-000-000-000-000",1186
"100-065700-09700-45800-0000-0000-000-000-000-000-000-000",78
"930-180600-00000-00000-0000-0000-000-000-000-000-000-000",1276
"930-224000-00000-00000-0000-0000-000-000-000-000-000-000",1286
"910-847400-00000-00000-0000-0000-000-000-000-000-000-000",1749
"930-539800-00000-00000-0000-0000-000-000-000-000-000-000",1370
"930-143000-00000-00000-0000-0000-000-000-000-000-000-000",1267
"930-162500-00000-00000-0000-0000-000-000-000-000-000-000",1273
"915-896000-80300-00000-0000-0000-000-000-000-000-000-000",1769
"480-000000-00000-00000-0000-0000-000-000-000-000-000-000",593
"910-673500-07900-00000-0000-0000-000-000-000-000-000-000",1052
"910-673500-08700-00700-0000-0000-000-000-000-000-000-000",1053
"910-673500-65500-00000-0000-0000-000-000-000-000-000-000",1076
"930-022100-02800-27800-0000-0000-000-000-000-000-000-000",1223
"900-005500-00000-00000-0000-0000-000-000-000-000-000-000",681
"100-065700-09700-00000-0000-0000-000-000-000-000-000-000",69
"900-000500-00000-00000-0000-0000-000-000-000-000-000-000",677
"100-065700-43900-00000-0000-0000-000-000-000-000-000-000",87
"915-213000-09900-00000-0000-0000-000-000-000-000-000-000",1787
"915-486500-77200-00000-0000-0000-000-000-000-000-000-000",1828
"905-291000-84800-00000-0000-0000-000-000-000-000-000-000",1134
"905-291000-89600-00000-0000-0000-000-000-000-000-000-000",1135
"905-291000-76900-00000-0000-0000-000-000-000-000-000-000",1132
"930-676000-00000-00000-0000-0000-000-000-000-000-000-000",1416
"905-557500-54200-00000-0000-0000-000-000-000-000-000-000",869
"920-830500-00000-00000-0000-0000-000-000-000-000-000-000",1111
"900-740400-00000-00000-0000-0000-000-000-000-000-000-000",881
"900-738800-00000-00000-0000-0000-000-000-000-000-000-000",880
"930-826300-00000-00000-0000-0000-000-000-000-000-000-000",1441
"935-483000-40900-00000-0000-0000-000-000-000-000-000-000",1387
"930-556300-00000-00000-0000-0000-000-000-000-000-000-000",1373
"930-534200-00000-00000-0000-0000-000-000-000-000-000-000",1367
"900-097600-28400-00000-0000-0000-000-000-000-000-000-000",727
"930-561300-00000-00000-0000-0000-000-000-000-000-000-000",1374
"900-109100-00000-00000-0000-0000-000-000-000-000-000-000",743
"930-872200-00000-00000-0000-0000-000-000-000-000-000-000",1459
"",751
"930-884200-00000-00000-0000-0000-000-000-000-000-000-000",1462
"930-053800-00000-00000-0000-0000-000-000-000-000-000-000",1231
"910-420500-00000-00000-0000-0000-000-000-000-000-000-000",994
"915-560200-74200-00000-0000-0000-000-000-000-000-000-000",1913
"915-765500-24200-00000-0000-0000-000-000-000-000-000-000",1960
"915-765500-37000-00000-0000-0000-000-000-000-000-000-000",1964
"910-342000-00000-00000-0000-0000-000-000-000-000-000-000",981
"910-291600-00000-00000-0000-0000-000-000-000-000-000-000",971
"910-293100-00000-00000-0000-0000-000-000-000-000-000-000",972
"930-324500-00000-00000-0000-0000-000-000-000-000-000-000",1317
"930-521000-00000-00000-0000-0000-000-000-000-000-000-000",1364
"910-212200-00000-00000-0000-0000-000-000-000-000-000-000",957
"910-246500-00000-00000-0000-0000-000-000-000-000-000-000",962
"",366
"930-507400-00000-00000-0000-0000-000-000-000-000-000-000",1356
"935-374000-38800-00000-0000-0000-000-000-000-000-000-000",1338
"915-482000-87200-00000-0000-0000-000-000-000-000-000-000",2030
"915-233500-34400-00000-0000-0000-000-000-000-000-000-000",1805
"915-486500-70200-00000-0000-0000-000-000-000-000-000-000",1826
"100-065700-09700-06600-0000-0000-000-000-000-000-000-000",65
"900-097600-07100-00000-0000-0000-000-000-000-000-000-000",710
"900-097600-05100-00000-0000-0000-000-000-000-000-000-000",712
"930-615900-00000-00000-0000-0000-000-000-000-000-000-000",1402
"930-243300-00000-00000-0000-0000-000-000-000-000-000-000",1296
"930-108700-00000-00000-0000-0000-000-000-000-000-000-000",1251
"930-244500-00000-00000-0000-0000-000-000-000-000-000-000",1298
"930-110800-03000-00000-0000-0000-000-000-000-000-000-000",1253
"930-110800-00000-00000-0000-0000-000-000-000-000-000-000",1252
"930-243600-00000-00000-0000-0000-000-000-000-000-000-000",1297
"930-207400-00000-00000-0000-0000-000-000-000-000-000-000",1281
"930-795100-00000-00000-0000-0000-000-000-000-000-000-000",1435
"930-847100-00000-00000-0000-0000-000-000-000-000-000-000",1450
"930-525200-00000-00000-0000-0000-000-000-000-000-000-000",1365
"930-900200-00000-00000-0000-0000-000-000-000-000-000-000",1469
"930-196400-00000-00000-0000-0000-000-000-000-000-000-000",1279
"930-242800-00000-00000-0000-0000-000-000-000-000-000-000",1295
"930-890400-00000-00000-0000-0000-000-000-000-000-000-000",1465
"930-620900-00000-00000-0000-0000-000-000-000-000-000-000",1403
"930-823900-00000-00000-0000-0000-000-000-000-000-000-000",1440
"930-879700-00000-00000-0000-0000-000-000-000-000-000-000",1460
"930-264800-00000-00000-0000-0000-000-000-000-000-000-000",1300
"930-355300-11600-00000-0000-0000-000-000-000-000-000-000",1328
"930-691900-00000-00000-0000-0000-000-000-000-000-000-000",1420
"930-193200-00000-00000-0000-0000-000-000-000-000-000-000",1278
"930-882400-00000-00000-0000-0000-000-000-000-000-000-000",1461
"930-946100-00000-00000-0000-0000-000-000-000-000-000-000",1482
"930-053800-12100-05400-0000-0000-000-000-000-000-000-000",1234
"930-886900-00000-00000-0000-0000-000-000-000-000-000-000",1464
"935-302000-82300-00000-0000-0000-000-000-000-000-000-000",1325
"930-368500-00000-00000-0000-0000-000-000-000-000-000-000",1329
"930-031100-00000-00000-0000-0000-000-000-000-000-000-000",1227
"930-071700-28000-00000-0000-0000-000-000-000-000-000-000",1247
"930-112200-00000-00000-0000-0000-000-000-000-000-000-000",1254
"930-227800-00000-00000-0000-0000-000-000-000-000-000-000",1287
"930-647000-00000-00000-0000-0000-000-000-000-000-000-000",1408
"930-022100-00000-00000-0000-0000-000-000-000-000-000-000",1221
"900-109700-00000-00000-0000-0000-000-000-000-000-000-000",744
"930-847100-31900-00000-0000-0000-000-000-000-000-000-000",1452
"930-687400-00000-00000-0000-0000-000-000-000-000-000-000",1418
"920-257700-00000-00000-0000-0000-000-000-000-000-000-000",1208
"930-847100-01800-00000-0000-0000-000-000-000-000-000-000",1451
"930-382000-00000-00000-0000-0000-000-000-000-000-000-000",1332
"930-818200-00000-00000-0000-0000-000-000-000-000-000-000",1439
"930-805400-31000-00000-0000-0000-000-000-000-000-000-000",1438
"930-410500-00000-00000-0000-0000-000-000-000-000-000-000",1340
"930-159800-00000-00000-0000-0000-000-000-000-000-000-000",1271
"930-210900-00000-00000-0000-0000-000-000-000-000-000-000",1283
"930-085500-00000-00000-0000-0000-000-000-000-000-000-000",1249
"930-234200-00000-00000-0000-0000-000-000-000-000-000-000",1291
"930-413500-00000-00000-0000-0000-000-000-000-000-000-000",1341
"935-483000-57600-00000-0000-0000-000-000-000-000-000-000",1389
"935-302000-86500-00000-0000-0000-000-000-000-000-000-000",1326
"930-101400-00000-00000-0000-0000-000-000-000-000-000-000",1250
"930-502700-00000-00000-0000-0000-000-000-000-000-000-000",1355
"930-117000-05400-00000-0000-0000-000-000-000-000-000-000",1255
"930-391800-00000-00000-0000-0000-000-000-000-000-000-000",1335
"900-097600-56300-00000-0000-0000-000-000-000-000-000-000",736
"900-091000-00000-00000-0000-0000-000-000-000-000-000-000",706
"930-075500-00000-00000-0000-0000-000-000-000-000-000-000",1248
"930-673300-06300-00000-0000-0000-000-000-000-000-000-000",1415
"930-211500-00000-00000-0000-0000-000-000-000-000-000-000",1284
"935-483000-90400-00000-0000-0000-000-000-000-000-000-000",1381
"920-257700-02300-00000-0000-0000-000-000-000-000-000-000",1209
"920-235800-00000-00000-0000-0000-000-000-000-000-000-000",1210
"930-162900-00000-00000-0000-0000-000-000-000-000-000-000",1274
"930-574100-00000-00000-0000-0000-000-000-000-000-000-000",1391
"935-483000-89500-00000-0000-0000-000-000-000-000-000-000",1380
"930-316000-00000-00000-0000-0000-000-000-000-000-000-000",1316
"930-569100-00000-00000-0000-0000-000-000-000-000-000-000",1377
"930-022100-02800-00000-0000-0000-000-000-000-000-000-000",1222
"470-507200-00000-00000-0000-0000-000-000-000-000-000-000",579
"910-334000-00000-00000-0000-0000-000-000-000-000-000-000",978
"100-065700-09700-50700-0000-0000-000-000-000-000-000-000",79
"935-483000-76800-00000-0000-0000-000-000-000-000-000-000",1378
"935-302000-07800-00000-0000-0000-000-000-000-000-000-000",1320
"930-383700-00000-00000-0000-0000-000-000-000-000-000-000",1333
"930-894800-00000-00000-0000-0000-000-000-000-000-000-000",1466
"935-483000-84200-00000-0000-0000-000-000-000-000-000-000",1379
"935-483000-31400-00000-0000-0000-000-000-000-000-000-000",1384
"930-422000-00000-00000-0000-0000-000-000-000-000-000-000",1342
"930-071700-15800-00000-0000-0000-000-000-000-000-000-000",1243
"930-022100-16400-00000-0000-0000-000-000-000-000-000-000",1224
"930-599200-00000-00000-0000-0000-000-000-000-000-000-000",1399
"930-604000-00000-00000-0000-0000-000-000-000-000-000-000",1400
"930-186500-00000-00000-0000-0000-000-000-000-000-000-000",1277
"930-345600-00000-00000-0000-0000-000-000-000-000-000-000",1319
"905-079000-48200-00000-0000-0000-000-000-000-000-000-000",753
"930-784100-00000-00000-0000-0000-000-000-000-000-000-000",1434
"930-865200-00000-00000-0000-0000-000-000-000-000-000-000",1455
"930-497700-00000-00000-0000-0000-000-000-000-000-000-000",1354
"935-302000-46700-00000-0000-0000-000-000-000-000-000-000",1324
"930-530500-00000-00000-0000-0000-000-000-000-000-000-000",1366
"930-209300-00000-00000-0000-0000-000-000-000-000-000-000",1282
"930-700400-00000-00000-0000-0000-000-000-000-000-000-000",1422
"930-053800-25200-00000-0000-0000-000-000-000-000-000-000",1237
"930-905900-00000-00000-0000-0000-000-000-000-000-000-000",1471
"930-639800-00000-00000-0000-0000-000-000-000-000-000-000",1407
"930-897000-00000-00000-0000-0000-000-000-000-000-000-000",1468
"900-118200-00000-00000-0000-0000-000-000-000-000-000-000",757
"",692
"900-075500-00000-00000-0000-0000-000-000-000-000-000-000",702
"900-052700-00000-00000-0000-0000-000-000-000-000-000-000",687
"900-118900-00000-00000-0000-0000-000-000-000-000-000-000",758
"930-397400-00000-00000-0000-0000-000-000-000-000-000-000",351
"930-071700-20600-00000-0000-0000-000-000-000-000-000-000",1245
"940-896100-00000-00000-0000-0000-000-000-000-000-000-000",1571
"940-672400-00000-00000-0000-0000-000-000-000-000-000-000",1560
"119-025200-00000-00000-0000-0000-000-000-000-000-000-000",197
"910-310900-00000-00000-0000-0000-000-000-000-000-000-000",974
"910-240300-00000-00000-0000-0000-000-000-000-000-000-000",961
"915-226500-24900-00000-0000-0000-000-000-000-000-000-000",1794
"910-128800-60200-00000-0000-0000-000-000-000-000-000-000",940
"440-000000-00000-00000-0000-0000-000-000-000-000-000-000",533
"910-338500-00000-00000-0000-0000-000-000-000-000-000-000",980
"910-275900-00000-00000-0000-0000-000-000-000-000-000-000",965
"915-226500-27600-00000-0000-0000-000-000-000-000-000-000",1795
"915-226500-38200-00000-0000-0000-000-000-000-000-000-000",1797
"915-488300-27300-00000-0000-0000-000-000-000-000-000-000",1859
"915-482000-13200-00000-0000-0000-000-000-000-000-000-000",1821
"915-483500-71200-00000-0000-0000-000-000-000-000-000-000",1892
"910-322400-00000-00000-0000-0000-000-000-000-000-000-000",977
"915-226500-10000-00000-0000-0000-000-000-000-000-000-000",1793
"100-071800-42400-00000-0000-0000-000-000-000-000-000-000",91
"910-373400-00000-00000-0000-0000-000-000-000-000-000-000",986
"470-245700-00000-00000-0000-0000-000-000-000-000-000-000",571
"910-791900-23400-00000-0000-0000-000-000-000-000-000-000",1733
"420-000000-00000-00000-0000-0000-000-000-000-000-000-000",505
"915-765500-69000-00000-0000-0000-000-000-000-000-000-000",1965
"400-425900-00000-00000-0000-0000-000-000-000-000-000-000",493
"910-276400-00000-00000-0000-0000-000-000-000-000-000-000",966
"460-007300-00000-00000-0000-0000-000-000-000-000-000-000",542
"910-296200-00000-00000-0000-0000-000-000-000-000-000-000",973
"910-225900-00000-00000-0000-0000-000-000-000-000-000-000",960
"910-216500-00000-00000-0000-0000-000-000-000-000-000-000",959
"910-318700-00000-00000-0000-0000-000-000-000-000-000-000",975
"955-296800-10144-00000-0000-0000-000-000-000-000-000-000",1717
"950-304179-00000-00000-0000-0000-000-000-000-000-000-000",1623
"100-065700-09700-72300-0000-0000-000-000-000-000-000-000",85
"100-065700-09700-56200-0000-0000-000-000-000-000-000-000",82
"940-328100-00000-00000-0000-0000-000-000-000-000-000-000",1540
"500-139700-00000-00000-0000-0000-000-000-000-000-000-000",646
"100-106400-00000-00000-0000-0000-000-000-000-000-000-000",110
"",7990609
"940-109277-00000-00000-0000-0000-000-000-000-000-000-000",2304
"400-301700-00000-00000-0000-0000-000-000-000-000-000-000",483
"930-579900-08100-00000-0000-0000-000-000-000-000-000-000",1395
"950-273100-03300-00000-0000-0000-000-000-000-000-000-000",1614
"930-460400-00000-00000-0000-0000-000-000-000-000-000-000",1347
"930-306400-00000-00000-0000-0000-000-000-000-000-000-000",1303
"915-765500-86900-00000-0000-0000-000-000-000-000-000-000",1953
"900-350700-00000-00000-0000-0000-000-000-000-000-000-000",812
"915-765500-06000-00000-0000-0000-000-000-000-000-000-000",1956
"930-463100-00000-00000-0000-0000-000-000-000-000-000-000",2291
"940-105314-00000-00000-0000-0000-000-000-000-000-000-000",3547
"950-944987-00000-00000-0000-0000-000-000-000-000-000-000",2342
"930-462800-00000-00000-0000-0000-000-000-000-000-000-000",2472
"915-765500-28600-00000-0000-0000-000-000-000-000-000-000",1961
"930-847100-00000-00000-0000-0000-000-000-000-000-000-000",2302
"930-355300-00000-00000-0000-0000-000-000-000-000-000-000",7990630
"930-147000-00000-00000-0000-0000-000-000-000-000-000-000",1269
"920-400300-00000-00000-0000-0000-000-000-000-000-000-000",1190
"930-053800-22100-00000-0000-0000-000-000-000-000-000-000",1235
"935-374000-12400-00000-0000-0000-000-000-000-000-000-000",2289
"950-907200-00000-00000-0000-0000-000-000-000-000-000-000",1672
"935-374000-46200-00000-0000-0000-000-000-000-000-000-000",1339
"920-077200-00000-00000-0000-0000-000-000-000-000-000-000",1217
"930-239300-00000-00000-0000-0000-000-000-000-000-000-000",1294
"915-226500-31800-00000-0000-0000-000-000-000-000-000-000",1796
"",1798
"940-305100-00000-00000-0000-0000-000-000-000-000-000-000",1533
"920-388500-00000-00000-0000-0000-000-000-000-000-000-000",1193
"950-062020-00000-00000-0000-0000-000-000-000-000-000-000",1583
"910-364900-00000-00000-0000-0000-000-000-000-000-000-000",985
"920-769500-00000-00000-0000-0000-000-000-000-000-000-000",1118
"915-765500-18600-00000-0000-0000-000-000-000-000-000-000",1959
"910-886100-00000-00000-0000-0000-000-000-000-000-000-000",1753
"930-306400-13900-00000-0000-0000-000-000-000-000-000-000",1311
"",2298
"950-976700-00000-00000-0000-0000-000-000-000-000-000-000",1685
"915-823500-49400-00000-0000-0000-000-000-000-000-000-000",2313
"915-560000-75100-00000-0000-0000-000-000-000-000-000-000",1935
"930-289400-00000-00000-0000-0000-000-000-000-000-000-000",1301
"400-113400-12300-00000-0000-0000-000-000-000-000-000-000",463
"920-553200-94100-09500-0000-0000-000-000-000-000-000-000",1158
"920-758000-11400-00000-0000-0000-000-000-000-000-000-000",1120
"920-576800-00000-00000-0000-0000-000-000-000-000-000-000",1154
"950-950304-00000-00000-0000-0000-000-000-000-000-000-000",2341
"940-788500-00000-00000-0000-0000-000-000-000-000-000-000",1565
"910-890200-00000-00000-0000-0000-000-000-000-000-000-000",1755
"920-558600-00000-00000-0000-0000-000-000-000-000-000-000",1155
"930-306400-13900-00000-0000-0000-000-000-000-000-000-000",1310
"930-467600-00000-00000-0000-0000-000-000-000-000-000-000",1350
"910-797600-00000-00000-0000-0000-000-000-000-000-000-000",1736
"920-257700-68500-00000-0000-0000-000-000-000-000-000-000",2621
"940-107411-00000-00000-0000-0000-000-000-000-000-000-000",3546
"",7990607
"",2489
"910-881000-00000-00000-0000-0000-000-000-000-000-000-000",1752
"910-791900-00000-00000-0000-0000-000-000-000-000-000-000",1732
"930-132300-00000-00000-0000-0000-000-000-000-000-000-000",1259
"930-306400-00000-00000-0000-0000-000-000-000-000-000-000",1305
"920-257700-02300-08300-1350-0000-000-000-000-000-000-000",2624
"955-951000-04354-00000-0000-0000-000-000-000-000-000-000",7990641
"910-791900-34300-00000-0000-0000-000-000-000-000-000-000",1734
"900-004300-00000-00000-0000-0000-000-000-000-000-000-000",678
"400-152200-00000-00000-0000-0000-000-000-000-000-000-000",2601
"",2800
"930-306400-33200-00000-0000-0000-000-000-000-000-000-000",2474
"955-951000-05042-00000-0000-0000-000-000-000-000-000-000",2651
"905-292500-96400-00000-0000-0000-000-000-000-000-000-000",2706
"910-617600-00000-00000-0000-0000-000-000-000-000-000-000",7990614
"930-871100-05100-00000-0000-0000-000-000-000-000-000-000",1458
"930-070100-00000-00000-0000-0000-000-000-000-000-000-000",1241
"930-567600-14900-00000-0000-0000-000-000-000-000-000-000",1376
"915-567300-86300-00000-0000-0000-000-000-000-000-000-000",3553
"920-616300-00000-00000-0000-0000-000-000-000-000-000-000",1145
"935-483000-04000-00000-0000-0000-000-000-000-000-000-000",1382
"400-271000-00000-00000-0000-0000-000-000-000-000-000-000",2100
"930-635400-00000-00000-0000-0000-000-000-000-000-000-000",1405
"950-948970-00000-00000-0000-0000-000-000-000-000-000-000",2612
"910-885600-00000-00000-0000-0000-000-000-000-000-000-000",2308
"920-257700-02300-11300-0000-0000-000-000-000-000-000-000",3541
"905-291000-34700-00000-0000-0000-000-000-000-000-000-000",7990639
"900-004300-66600-00000-0000-0000-000-000-000-000-000-000",680
"930-637700-00000-00000-0000-0000-000-000-000-000-000-000",1406
"920-257700-68500-10200-0000-0000-000-000-000-000-000-000",2622
"900-571400-00000-00000-0000-0000-000-000-000-000-000-000",2078
"915-560200-20800-00000-0000-0000-000-000-000-000-000-000",1922
"910-825400-00000-00000-0000-0000-000-000-000-000-000-000",1739
"129-000000-00000-00000-0000-0000-000-000-000-000-000-000",256
"910-999400-01500-00000-0000-0000-000-000-000-000-000-000",1781
"930-480800-00000-00000-0000-0000-000-000-000-000-000-000",1351
"950-007500-00000-00000-0000-0000-000-000-000-000-000-000",1577
"100-022200-00000-00000-0000-0000-000-000-000-000-000-000",7
"930-562400-00000-00000-0000-0000-000-000-000-000-000-000",2293
"930-053800-07600-00000-0000-0000-000-000-000-000-000-000",1232
"920-079700-00000-00000-0000-0000-000-000-000-000-000-000",1216
"935-483000-86000-00000-0000-0000-000-000-000-000-000-000",2294
"920-257700-96000-00000-0000-0000-000-000-000-000-000-000",2626
"930-306400-00000-00000-0000-0000-000-000-000-000-000-000",1306
"920-257700-02300-08300-0000-0000-000-000-000-000-000-000",2625
"920-257700-68500-02300-0000-0000-000-000-000-000-000-000",2627
"915-765500-87800-00000-0000-0000-000-000-000-000-000-000",1954
"940-874800-00000-00000-0000-0000-000-000-000-000-000-000",1570
"940-097000-00000-00000-0000-0000-000-000-000-000-000-000",1505
"400-248500-00000-00000-0000-0000-000-000-000-000-000-000",481
"400-258500-00000-00000-0000-0000-000-000-000-000-000-000",2603
"900-143500-00000-00000-0000-0000-000-000-000-000-000-000",2616
"950-839900-00000-00000-0000-0000-000-000-000-000-000-000",1662
"920-595100-00000-00000-0000-0000-000-000-000-000-000-000",1151
"400-364900-48600-00000-0000-0000-000-000-000-000-000-000",489
"930-553400-00000-00000-0000-0000-000-000-000-000-000-000",2292
"940-089023-00000-00000-0000-0000-000-000-000-000-000-000",1504
"",2092
"910-112500-00000-00000-0000-0000-000-000-000-000-000-000",390
"",7990588
"930-579900-17700-00000-0000-0000-000-000-000-000-000-000",1396
"910-290700-24100-09243-0000-0000-000-000-000-000-000-000",2093
"500-075000-00000-00000-0000-0000-000-000-000-000-000-000",636
"910-290700-21500-00000-0000-0000-000-000-000-000-000-000",969
"925-258500-91600-00000-0000-0000-000-000-000-000-000-000",1207
"910-342400-00000-00000-0000-0000-000-000-000-000-000-000",7990611
"910-672500-00000-00000-0000-0000-000-000-000-000-000-000",1049
"915-560000-04600-00000-0000-0000-000-000-000-000-000-000",7990623
"470-085600-00000-00000-0000-0000-000-000-000-000-000-000",568
"940-987200-00000-00000-0000-0000-000-000-000-000-000-000",1576
"900-075300-00000-00000-0000-0000-000-000-000-000-000-000",701
"920-314800-00000-00000-0000-0000-000-000-000-000-000-000",1203
"",7990583
"900-143400-00000-00000-0000-0000-000-000-000-000-000-000",2615
"915-488300-76200-00000-0000-0000-000-000-000-000-000-000",7990585
"500-185700-05200-00000-0000-0000-000-000-000-000-000-000",654
"930-992000-00000-00000-0000-0000-000-000-000-000-000-000",1491
"915-560200-83800-00000-0000-0000-000-000-000-000-000-000",2340
"955-404700-45067-00000-0000-0000-000-000-000-000-000-000",1723
"910-779100-00000-00000-0000-0000-000-000-000-000-000-000",1099
"920-553200-94100-43300-0000-0000-000-000-000-000-000-000",398
"100-026700-57400-00000-0000-0000-000-000-000-000-000-000",24
"950-728600-00000-00000-0000-0000-000-000-000-000-000-000",2306
"930-507400-39700-00000-0000-0000-000-000-000-000-000-000",1357
"910-141200-00000-00000-0000-0000-000-000-000-000-000-000",949
"500-201900-00000-00000-0000-0000-000-000-000-000-000-000",655
"",7990621
"843-555989-00000-00000-0000-0000-000-000-000-000-000-000",2509
"910-762600-00000-00000-0000-0000-000-000-000-000-000-000",1096
"930-037300-00000-00000-0000-0000-000-000-000-000-000-000",1228
"920-298700-38800-00000-0000-0000-000-000-000-000-000-000",1206
"400-296800-00000-00000-0000-0000-000-000-000-000-000-000",482
"920-553200-94100-33000-0000-0000-000-000-000-000-000-000",1159
"915-226500-46300-00000-0000-0000-000-000-000-000-000-000",3555
"500-090500-00000-00000-0000-0000-000-000-000-000-000-000",639
"910-290700-00000-00000-0000-0000-000-000-000-000-000-000",968
"950-019100-00000-00000-0000-0000-000-000-000-000-000-000",1581
"915-896000-86400-00000-0000-0000-000-000-000-000-000-000",2311
"915-230500-52900-00000-0000-0000-000-000-000-000-000-000",1802
"930-137400-00000-00000-0000-0000-000-000-000-000-000-000",1261
"915-765500-92300-00000-0000-0000-000-000-000-000-000-000",1955
"905-557500-82800-00000-0000-0000-000-000-000-000-000-000",864
"430-286100-00000-00000-0000-0000-000-000-000-000-000-000",2344
"",7990591
"900-110200-00000-00000-0000-0000-000-000-000-000-000-000",746
"910-960200-00000-00000-0000-0000-000-000-000-000-000-000",1767
"500-185700-00300-00000-0000-0000-000-000-000-000-000-000",653
"900-349300-42200-00000-0000-0000-000-000-000-000-000-000",811
"920-257700-05700-97900-0000-0000-000-000-000-000-000-000",2623
"915-381700-76200-57400-0000-0000-000-000-000-000-000-000",2691
"",2090
"915-876300-05000-00000-0000-0000-000-000-000-000-000-000",2309
"100-064000-00000-00000-0000-0000-000-000-000-000-000-000",54
"500-136800-00000-00000-0000-0000-000-000-000-000-000-000",645
"480-000000-00000-00000-0000-0000-000-000-000-000-000-000",2108
"920-614400-00000-00000-0000-0000-000-000-000-000-000-000",1146
"500-114800-00000-00000-0000-0000-000-000-000-000-000-000",642
"910-740100-00000-00000-0000-0000-000-000-000-000-000-000",1092
"900-097600-73100-00000-0000-0000-000-000-000-000-000-000",363
"950-359600-00000-00000-0000-0000-000-000-000-000-000-000",1634
"870-000000-00000-00000-0000-0000-000-000-000-000-000-000",2499
"915-823500-67700-00000-0000-0000-000-000-000-000-000-000",1743
"910-151500-00000-00000-0000-0000-000-000-000-000-000-000",954
"920-257700-60000-00000-0000-0000-000-000-000-000-000-000",2620
"910-128800-79800-00000-0000-0000-000-000-000-000-000-000",943
"910-878500-00000-00000-0000-0000-000-000-000-000-000-000",2307
"915-765500-33500-00000-0000-0000-000-000-000-000-000-000",1962
"500-134300-00000-00000-0000-0000-000-000-000-000-000-000",644
"900-104300-00000-00000-0000-0000-000-000-000-000-000-000",741
"910-025600-00000-00000-0000-0000-000-000-000-000-000-000",914
"500-112000-00000-00000-0000-0000-000-000-000-000-000-000",641
"400-409100-00000-00000-0000-0000-000-000-000-000-000-000",491
"910-290700-99900-00000-0000-0000-000-000-000-000-000-000",970
"930-992400-00000-00000-0000-0000-000-000-000-000-000-000",1492
"",368
"915-488300-04700-00000-0000-0000-000-000-000-000-000-000",2830
"915-876300-86000-00000-0000-0000-000-000-000-000-000-000",1771
"905-323000-15700-00000-0000-0000-000-000-000-000-000-000",807
"900-781900-00000-00000-0000-0000-000-000-000-000-000-000",888
"110-987400-00000-00000-0000-0000-000-000-000-000-000-000",195
"400-358700-00000-00000-0000-0000-000-000-000-000-000-000",486
"920-584500-00000-00000-0000-0000-000-000-000-000-000-000",1153
"930-511600-42100-00000-0000-0000-000-000-000-000-000-000",1361
"930-137400-00000-00000-0000-0000-000-000-000-000-000-000",11485
"910-290700-10000-01400-0000-0000-000-000-000-000-000-000",2244
"915-560000-25100-00000-0000-0000-000-000-000-000-000-000",1942
"920-496500-00000-00000-0000-0000-000-000-000-000-000-000",1177
"500-134700-00000-00000-0000-0000-000-000-000-000-000-000",643
"100-033300-00000-00000-0000-0000-000-000-000-000-000-000",26
"910-290700-30900-00000-0000-0000-000-000-000-000-000-000",3403
"910-647200-00000-00000-0000-0000-000-000-000-000-000-000",11571
"920-609500-00000-00000-0000-0000-000-000-000-000-000-000",1147
"940-086100-00000-00000-0000-0000-000-000-000-000-000-000",1502
"846-000000-00000-00000-0000-0000-000-000-000-000-000-000",2549
"900-589500-00000-00000-0000-0000-000-000-000-000-000-000",849
"900-064400-00000-00000-0000-0000-000-000-000-000-000-000",690
"915-560200-84700-00000-0000-0000-000-000-000-000-000-000",2747
"915-381700-61600-00000-0000-0000-000-000-000-000-000-000",2690
"910-290700-02500-00000-0000-0000-000-000-000-000-000-000",2241
"915-488300-68500-00000-0000-0000-000-000-000-000-000-000",429
"800-0000-000-000-000-000-000-000-000-000-000-000",2567
"110-535100-00000-00000-0000-0000-000-000-000-000-000-000",190
"100-038800-43000-00000-0000-0000-000-000-000-000-000-000",29
"430-000000-00000-00000-0000-0000-000-000-000-000-000-000",520
"100-026700-00000-00000-0000-0000-000-000-000-000-000-000",408
"819-057409-00000-00000-0000-0000-000-000-000-000-000-000",2522
"915-896000-92400-00000-0000-0000-000-000-000-000-000-000",2312
"930-970700-00000-00000-0000-0000-000-000-000-000-000-000",1487
"910-290700-32700-00000-0000-0000-000-000-000-000-000-000",2246
"910-424900-00000-00000-0000-0000-000-000-000-000-000-000",2688
"915-381700-55200-00000-0000-0000-000-000-000-000-000-000",2689
"",367
"900-210200-00000-00000-0000-0000-000-000-000-000-000-000",779
"110-926900-00000-00000-0000-0000-000-000-000-000-000-000",196
"910-289600-00000-00000-0000-0000-000-000-000-000-000-000",2239
"915-560000-14400-00000-0000-0000-000-000-000-000-000-000",1940
"",2096
"",364
"930-306400-02600-00000-0000-0000-000-000-000-000-000-000",1308
"930-137400-17300-00000-0000-0000-000-000-000-000-000-000",2007
"950-010100-00000-00000-0000-0000-000-000-000-000-000-000",1578
"",7990579
"910-669300-00000-00000-0000-0000-000-000-000-000-000-000",2655
"915-213000-71100-00000-0000-0000-000-000-000-000-000-000",2683
"110-954600-00000-00000-0000-0000-000-000-000-000-000-000",194
"900-097600-00000-00000-0000-0000-000-000-000-000-000-000",738
"915-213000-69800-00000-0000-0000-000-000-000-000-000-000",2686
"915-213000-68700-00000-0000-0000-000-000-000-000-000-000",2687
"910-290700-24100-00000-0000-0000-000-000-000-000-000-000",2245
"100-065700-09700-00000-0000-0000-000-000-000-000-000-000",63
"800-0000-000-000-000-000-000-000-000-000-000-000",2569
"420-659800-00000-00000-0000-0000-000-000-000-000-000-000",508
"930-162500-98800-00000-0000-0000-000-000-000-000-000-000",2470
"915-488300-05900-00000-0000-0000-000-000-000-000-000-000",2831
"915-226500-45700-00000-0000-0000-000-000-000-000-000-000",2693
"100-072400-00000-00000-0000-0000-000-000-000-000-000-000",59
"910-290700-10000-00000-0000-0000-000-000-000-000-000-000",2242
"",2566
"915-226500-45400-00000-0000-0000-000-000-000-000-000-000",2692
"100-074100-00000-00000-0000-0000-000-000-000-000-000-000",92
"915-765500-17500-00000-0000-0000-000-000-000-000-000-000",1958
"100-071800-16300-00000-0000-0000-000-000-000-000-000-000",90
"920-633400-00000-00000-0000-0000-000-000-000-000-000-000",2819
"800-000000-00000-00000-0000-0000-000-000-000-000-000-000",2491
"",2095
"910-290700-37800-00000-0000-0000-000-000-000-000-000-000",2250
"",410
"100-460500-00000-00000-0000-0000-000-000-000-000-000-000",141
"930-464100-00000-00000-0000-0000-000-000-000-000-000-000",2637
"915-765500-82600-00000-0000-0000-000-000-000-000-000-000",1952
"915-213000-68600-00000-0000-0000-000-000-000-000-000-000",2708
"420-783500-00000-00000-0000-0000-000-000-000-000-000-000",511
"800-698346-00000-00000-0000-0000-000-000-000-000-000-000",2492
"100-065700-09700-35700-0000-0000-000-000-000-000-000-000",76
"400-159700-00000-00000-0000-0000-000-000-000-000-000-000",2737
"910-930200-05000-00000-0000-0000-000-000-000-000-000-000",2236
"843-000000-00000-00000-0000-0000-000-000-000-000-000-000",2505
"820-0000-000-000-000-000-000-000-000-000-000-000",2548
"819-0000-000-000-000-000-000-000-000-000-000-000",2556
"920-725300-14700-00000-0000-0000-000-000-000-000-000-000",1122
"905-291000-27200-00000-0000-0000-000-000-000-000-000-000",412
"900-611800-00000-00000-0000-0000-000-000-000-000-000-000",854
"900-735000-00000-00000-0000-0000-000-000-000-000-000-000",879
"900-765700-00000-00000-0000-0000-000-000-000-000-000-000",882
"430-028800-00000-00000-0000-0000-000-000-000-000-000-000",522
"460-000000-00000-00000-0000-0000-000-000-000-000-000-000",540
"400-414500-00000-00000-0000-0000-000-000-000-000-000-000",492
"400-248400-00000-00000-0000-0000-000-000-000-000-000-000",480
"470-434800-00000-00000-0000-0000-000-000-000-000-000-000",577
"420-623800-00000-00000-0000-0000-000-000-000-000-000-000",507
"530-000000-00000-00000-0000-0000-000-000-000-000-000-000",663
"500-080200-00000-00000-0000-0000-000-000-000-000-000-000",638
"500-010700-00000-00000-0000-0000-000-000-000-000-000-000",632
"520-000000-00000-00000-0000-0000-000-000-000-000-000-000",662
"910-900800-00000-00000-0000-0000-000-000-000-000-000-000",1757
"500-271900-00000-00000-0000-0000-000-000-000-000-000-000",656
"500-016300-00000-00000-0000-0000-000-000-000-000-000-000",633
"910-672300-00000-00000-0000-0000-000-000-000-000-000-000",1047
"940-332900-00000-00000-0000-0000-000-000-000-000-000-000",1542
"400-206600-00000-00000-0000-0000-000-000-000-000-000-000",476
"915-765500-70200-00000-0000-0000-000-000-000-000-000-000",1966
"420-332600-00000-00000-0000-0000-000-000-000-000-000-000",506
"400-016500-14100-00000-0000-0000-000-000-000-000-000-000",448
"400-438400-00000-00000-0000-0000-000-000-000-000-000-000",494
"915-765500-76800-00000-0000-0000-000-000-000-000-000-000",1967
"470-335400-00000-00000-0000-0000-000-000-000-000-000-000",572
"430-160600-00000-00000-0000-0000-000-000-000-000-000-000",524
"400-184200-18600-00000-0000-0000-000-000-000-000-000-000",475
"910-831400-00000-00000-0000-0000-000-000-000-000-000-000",414
"910-835200-00000-00000-0000-0000-000-000-000-000-000-000",1746
"460-242900-00000-00000-0000-0000-000-000-000-000-000-000",550
"480-816400-00000-00000-0000-0000-000-000-000-000-000-000",611
"470-354600-00000-00000-0000-0000-000-000-000-000-000-000",573
"915-488300-10600-00000-0000-0000-000-000-000-000-000-000",1849
"920-824200-00000-00000-0000-0000-000-000-000-000-000-000",1114
"",889
"910-066600-00000-00000-0000-0000-000-000-000-000-000-000",921
"400-372400-00000-00000-0000-0000-000-000-000-000-000-000",490
"400-455200-00000-00000-0000-0000-000-000-000-000-000-000",496
"400-232100-00000-00000-0000-0000-000-000-000-000-000-000",478
"470-434300-00000-00000-0000-0000-000-000-000-000-000-000",576
"460-081700-00000-00000-0000-0000-000-000-000-000-000-000",543
"940-057000-00000-00000-0000-0000-000-000-000-000-000-000",1497
"950-994100-00000-00000-0000-0000-000-000-000-000-000-000",1689
"950-013800-00000-00000-0000-0000-000-000-000-000-000-000",1580
"460-600600-00000-00000-0000-0000-000-000-000-000-000-000",556
"480-598800-00000-00000-0000-0000-000-000-000-000-000-000",601
"400-016500-37400-00000-0000-0000-000-000-000-000-000-000",452
"460-600600-64400-00000-0000-0000-000-000-000-000-000-000",561
"480-802100-00000-00000-0000-0000-000-000-000-000-000-000",610
"915-093000-89000-00000-0000-0000-000-000-000-000-000-000",1782
"910-128800-99500-00000-0000-0000-000-000-000-000-000-000",946
"940-620200-00000-00000-0000-0000-000-000-000-000-000-000",1556
"910-846100-00000-00000-0000-0000-000-000-000-000-000-000",359
"460-600600-50800-00500-0000-0000-000-000-000-000-000-000",560
"420-854300-00000-00000-0000-0000-000-000-000-000-000-000",513
"915-765500-35900-00000-0000-0000-000-000-000-000-000-000",1963
"915-789100-27000-00000-0000-0000-000-000-000-000-000-000",1730
"910-121300-00000-00000-0000-0000-000-000-000-000-000-000",933
"940-868400-00000-00000-0000-0000-000-000-000-000-000-000",1569
"915-789100-27000-32700-0000-0000-000-000-000-000-000-000",1731
"915-765500-14100-00000-0000-0000-000-000-000-000-000-000",1957
"460-125600-00000-00000-0000-0000-000-000-000-000-000-000",545
"400-057000-00000-00000-0000-0000-000-000-000-000-000-000",457
"955-081000-40300-00000-0000-0000-000-000-000-000-000-000",1696
"480-378200-00000-00000-0000-0000-000-000-000-000-000-000",596
"490-267900-00000-00000-0000-0000-000-000-000-000-000-000",621
"460-000000-00000-00000-0000-0000-000-000-000-000-000-000",541
"400-574200-00000-00000-0000-0000-000-000-000-000-000-000",497
"450-311100-00000-00000-0000-0000-000-000-000-000-000-000",538
"400-018200-00000-00000-0000-0000-000-000-000-000-000-000",446
"480-370100-00000-00000-0000-0000-000-000-000-000-000-000",595
"480-474600-00000-00000-0000-0000-000-000-000-000-000-000",599
"420-908000-00000-00000-0000-0000-000-000-000-000-000-000",514
"400-705300-00000-00000-0000-0000-000-000-000-000-000-000",498
"915-823500-26900-00000-0000-0000-000-000-000-000-000-000",1740
"",376
"910-128800-97500-00000-0000-0000-000-000-000-000-000-000",944
"400-705300-42200-00900-0000-0000-000-000-000-000-000-000",2711
"",406
"480-697200-00000-00000-0000-0000-000-000-000-000-000-000",501254
"910-119600-00000-00000-0000-0000-000-000-000-000-000-000",932
"910-950600-00000-00000-0000-0000-000-000-000-000-000-000",1766
"",377
"460-345400-26700-00000-0000-0000-000-000-000-000-000-000",554
"915-823500-75000-00000-0000-0000-000-000-000-000-000-000",357
"915-560200-72200-00000-0000-0000-000-000-000-000-000-000",3550
"915-765500-21900-00000-0000-0000-000-000-000-000-000-000",2653
"900-462100-00000-00000-0000-0000-000-000-000-000-000-000",2077
"480-422000-00000-00000-0000-0000-000-000-000-000-000-000",597
"",2055
"915-765500-98600-00000-0000-0000-000-000-000-000-000-000",3552
"480-927700-00000-00000-0000-0000-000-000-000-000-000-000",501255
"",2057
"915-560000-75700-00000-0000-0000-000-000-000-000-000-000",2738
"460-600600-23900-00000-0000-0000-000-000-000-000-000-000",558
"400-339200-00000-00000-0000-0000-000-000-000-000-000-000",484
"420-984300-00000-00000-0000-0000-000-000-000-000-000-000",517
"940-292500-00000-00000-0000-0000-000-000-000-000-000-000",1532
"920-626200-00000-00000-0000-0000-000-000-000-000-000-000",1142
"915-896000-38100-00000-0000-0000-000-000-000-000-000-000",1770
"550-000000-00000-00000-0000-0000-000-000-000-000-000-000",7990598
"400-243100-00000-00000-0000-0000-000-000-000-000-000-000",479
"500-377100-00000-00000-0000-0000-000-000-000-000-000-000",657
"430-301300-00000-00000-0000-0000-000-000-000-000-000-000",526
"420-929100-00000-00000-0000-0000-000-000-000-000-000-000",515
"480-927700-00000-00000-0000-0000-000-000-000-000-000-000",2114
"460-241300-00000-00000-0000-0000-000-000-000-000-000-000",549
"",1562
"900-985700-00000-00000-0000-0000-000-000-000-000-000-000",912
"530-032200-00000-00000-0000-0000-000-000-000-000-000-000",664
"400-705300-42200-00000-0000-0000-000-000-000-000-000-000",499
"480-697200-00000-00000-0000-0000-000-000-000-000-000-000",2110
"470-161000-00000-00000-0000-0000-000-000-000-000-000-000",570
"400-448500-00000-00000-0000-0000-000-000-000-000-000-000",495
"430-513000-00000-00000-0000-0000-000-000-000-000-000-000",531
"940-908900-00000-00000-0000-0000-000-000-000-000-000-000",1574
"500-178600-00000-00000-0000-0000-000-000-000-000-000-000",650
"460-188300-00000-00000-0000-0000-000-000-000-000-000-000",547
"420-759000-00000-00000-0000-0000-000-000-000-000-000-000",510
"400-066100-00000-00000-0000-0000-000-000-000-000-000-000",458
"910-951000-00000-00000-0000-0000-000-000-000-000-000-000",11570
"930-970700-18700-00000-0000-0000-000-000-000-000-000-000",1488
"430-465300-00000-00000-0000-0000-000-000-000-000-000-000",530
"905-557500-11500-00000-0000-0000-000-000-000-000-000-000",865
"790-000000-00000-00000-0000-0000-000-000-000-000-000-000",2216
"100-235900-99100-00000-0000-0000-000-000-000-000-000-000",132
"480-000000-00000-00000-0000-0000-000-000-000-000-000-000",592
"910-896600-12100-00000-0000-0000-000-000-000-000-000-000",2652
"900-461900-00000-00000-0000-0000-000-000-000-000-000-000",2617
"120-506800-00000-00000-0000-0000-000-000-000-000-000-000",216
"100-235900-05000-00000-0000-0000-000-000-000-000-000-000",131
"460-636000-00000-00000-0000-0000-000-000-000-000-000-000",563
"120-246600-00000-00000-0000-0000-000-000-000-000-000-000",213
"100-446700-00000-00000-0000-0000-000-000-000-000-000-000",140
"460-600600-50800-00000-0000-0000-000-000-000-000-000-000",559
"460-136900-00000-00000-0000-0000-000-000-000-000-000-000",546
"100-065700-09700-70600-0000-0000-000-000-000-000-000-000",84
"100-235900-00000-00000-0000-0000-000-000-000-000-000-000",129
"100-197200-00000-00000-0000-0000-000-000-000-000-000-000",126
"120-000000-00000-00000-0000-0000-000-000-000-000-000-000",211
"120-714600-00000-00000-0000-0000-000-000-000-000-000-000",217
"100-324200-00000-00000-0000-0000-000-000-000-000-000-000",138
"160-000000-00000-00000-0000-0000-000-000-000-000-000-000",289
"100-241900-00000-00000-0000-0000-000-000-000-000-000-000",133
"100-170100-00000-00000-0000-0000-000-000-000-000-000-000",125
"910-101700-00000-00000-0000-0000-000-000-000-000-000-000",927
"128-453400-00000-00000-0000-0000-000-000-000-000-000-000",220
"910-789500-00000-00000-0000-0000-000-000-000-000-000-000",1729
"480-705800-00000-00000-0000-0000-000-000-000-000-000-000",606
"",425
"920-895400-00000-00000-0000-0000-000-000-000-000-000-000",1107
"129-281900-00000-00000-0000-0000-000-000-000-000-000-000",262
"420-984300-04500-00000-0000-0000-000-000-000-000-000-000",518
"930-511600-42100-30700-0000-0000-000-000-000-000-000-000",1362
"430-542900-00000-00000-0000-0000-000-000-000-000-000-000",2346
"480-000000-00000-00000-0000-0000-000-000-000-000-000-000",2107
"100-235900-00000-00000-0000-0000-000-000-000-000-000-000",2476
"910-077600-00000-00000-0000-0000-000-000-000-000-000-000",924
"480-360200-00000-00000-0000-0000-000-000-000-000-000-000",594
"940-081300-00000-00000-0000-0000-000-000-000-000-000-000",1499
"910-193700-60500-00000-0000-0000-000-000-000-000-000-000",956
"128-835500-00000-00000-0000-0000-000-000-000-000-000-000",240
"100-101800-00000-00000-0000-0000-000-000-000-000-000-000",2481
"100-000000-00000-00000-0000-0000-000-000-000-000-000-000",1
"910-674000-00000-00000-0000-0000-000-000-000-000-000-000",1079
"470-511300-00000-00000-0000-0000-000-000-000-000-000-000",2799
"910-664800-00000-00000-0000-0000-000-000-000-000-000-000",11572
"480-953800-00000-00000-0000-0000-000-000-000-000-000-000",615
"480-452300-00000-00000-0000-0000-000-000-000-000-000-000",598
"128-831400-00000-00000-0000-0000-000-000-000-000-000-000",232
"480-742900-00000-00000-0000-0000-000-000-000-000-000-000",608
"100-089400-07100-00000-0000-0000-000-000-000-000-000-000",103
"940-049200-00000-00000-0000-0000-000-000-000-000-000-000",1495
"128-000000-00000-00000-0000-0000-000-000-000-000-000-000",379
"110-149200-85400-00000-0000-0000-000-000-000-000-000-000",2436
"",435
"100-241900-16600-00000-0000-0000-000-000-000-000-000-000",134
"128-453400-03900-00000-0000-0000-000-000-000-000-000-000",2373
"100-136100-00000-00000-0000-0000-000-000-000-000-000-000",2386
"128-000000-00000-00000-0000-0000-000-000-000-000-000-000",219
"",2575
"100-235900-00000-00000-0000-0000-000-000-000-000-000-000",2451
"100-385000-00000-00000-0000-0000-000-000-000-000-000-000",2037
"100-162300-00000-00000-0000-0000-000-000-000-000-000-000",2387
"128-000000-00000-00000-0000-0000-000-000-000-000-000-000",218
"490-451100-00000-00000-0000-0000-000-000-000-000-000-000",625
"100-000000-00000-00000-0000-0000-000-000-000-000-000-000",7990634
"128-478700-00000-00000-0000-0000-000-000-000-000-000-000",225
"128-453400-05400-00000-0000-0000-000-000-000-000-000-000",2388
"120-104500-00000-00000-0000-0000-000-000-000-000-000-000",212
"480-964000-00000-00000-0000-0000-000-000-000-000-000-000",616
"128-000000-00000-00000-0000-0000-000-000-000-000-000-000",2484
"100-065700-09700-45000-0000-0000-000-000-000-000-000-000",2577
"150-000000-00000-00000-0000-0000-000-000-000-000-000-000",2463
"100-396700-00000-00000-0000-0000-000-000-000-000-000-000",2573
"119-425100-00000-00000-0000-0000-000-000-000-000-000-000",198
